household_id,customer_id,cohort,lga,postcode,capacity_kw,overlap_interval,split,eligible_2012_2014
non-solar_3001,3001,non-solar,SUTHERLAND,2228,,False,train,True
non-solar_3002,3002,non-solar,NORTH SYDNEY,2089,,False,train,True
non-solar_3003,3003,non-solar,GOSFORD,2250,,False,train,True
non-solar_3004,3004,non-solar,SYDNEY,2037,,False,test,True
non-solar_3005,3005,non-solar,WOOLLAHRA,2030,,False,train,True
non-solar_3006,3006,non-solar,WOOLLAHRA,2030,,False,train,True
non-solar_3007,3007,non-solar,ASHFIELD,2131,,False,train,True
non-solar_3008,3008,non-solar,MANLY,2092,,False,train,True
non-solar_3009,3009,non-solar,WOOLLAHRA,2029,,False,train,True
non-solar_3010,3010,non-solar,MOSMAN,2088,,False,train,True
non-solar_3011,3011,non-solar,LANE COVE,2066,,False,train,True
non-solar_3012,3012,non-solar,RANDWICK,2035,,False,train,True
non-solar_3013,3013,non-solar,WOOLLAHRA,2023,,False,train,True
non-solar_3014,3014,non-solar,SUTHERLAND,2224,,False,train,True
non-solar_3015,3015,non-solar,WYONG,2259,,False,train,True
non-solar_3016,3016,non-solar,HUNTERS HILL,2110,,False,train,True
non-solar_3017,3017,non-solar,SUTHERLAND,2229,,False,train,True
non-solar_3018,3018,non-solar,SUTHERLAND,2230,,False,validation,True
non-solar_3019,3019,non-solar,HORNSBY,2076,,False,validation,True
non-solar_3020,3020,non-solar,SYDNEY,2016,,False,train,True
non-solar_3021,3021,non-solar,GOSFORD,2250,,False,train,True
non-solar_3022,3022,non-solar,LAKE MACQUARIE,2283,,False,train,True
non-solar_3023,3023,non-solar,NEWCASTLE,2322,,False,train,True
non-solar_3024,3024,non-solar,NEWCASTLE,2300,,False,train,True
non-solar_3025,3025,non-solar,NEWCASTLE,2300,,False,validation,True
non-solar_3026,3026,non-solar,NEWCASTLE,2300,,False,validation,True
non-solar_3027,3027,non-solar,NEWCASTLE,2300,,False,test,True
non-solar_3028,3028,non-solar,NEWCASTLE,2300,,False,train,True
non-solar_3029,3029,non-solar,NEWCASTLE,2300,,False,train,True
non-solar_3030,3030,non-solar,NEWCASTLE,2300,,False,train,True
non-solar_3031,3031,non-solar,NEWCASTLE,2300,,False,test,True
non-solar_3032,3032,non-solar,NEWCASTLE,2300,,False,test,True
non-solar_3033,3033,non-solar,NEWCASTLE,2300,,False,train,True
non-solar_3034,3034,non-solar,NEWCASTLE,2291,,False,validation,True
non-solar_3035,3035,non-solar,NEWCASTLE,2291,,False,test,True
non-solar_3036,3036,non-solar,NEWCASTLE,2291,,False,train,True
non-solar_3037,3037,non-solar,NEWCASTLE,2291,,False,validation,True
non-solar_3038,3038,non-solar,NEWCASTLE,2291,,False,train,True
non-solar_3039,3039,non-solar,NEWCASTLE,2291,,False,train,True
non-solar_3040,3040,non-solar,NEWCASTLE,2291,,False,train,True
non-solar_3041,3041,non-solar,NEWCASTLE,2291,,False,train,True
non-solar_3042,3042,non-solar,NEWCASTLE,2291,,False,train,True
non-solar_3043,3043,non-solar,NEWCASTLE,2291,,False,test,True
non-solar_3044,3044,non-solar,NEWCASTLE,2291,,False,validation,True
non-solar_3045,3045,non-solar,NEWCASTLE,2291,,False,test,True
non-solar_3046,3046,non-solar,NEWCASTLE,2291,,False,train,True
non-solar_3047,3047,non-solar,NEWCASTLE,2291,,False,test,True
non-solar_3048,3048,non-solar,NEWCASTLE,2291,,False,train,True
non-solar_3049,3049,non-solar,NEWCASTLE,2291,,False,train,True
non-solar_3050,3050,non-solar,NEWCASTLE,2291,,False,train,True
non-solar_3051,3051,non-solar,NEWCASTLE,2291,,False,test,True
non-solar_3052,3052,non-solar,NEWCASTLE,2291,,False,validation,True
non-solar_3053,3053,non-solar,NEWCASTLE,2291,,False,train,True
non-solar_3054,3054,non-solar,NEWCASTLE,2291,,False,test,True
non-solar_3055,3055,non-solar,NEWCASTLE,2291,,False,train,True
non-solar_3056,3056,non-solar,NEWCASTLE,2291,,False,train,True
non-solar_3057,3057,non-solar,NEWCASTLE,2303,,False,train,True
non-solar_3058,3058,non-solar,NEWCASTLE,2303,,False,train,True
non-solar_3059,3059,non-solar,NEWCASTLE,2303,,False,train,True
non-solar_3060,3060,non-solar,NEWCASTLE,2289,,False,train,True
non-solar_3061,3061,non-solar,NEWCASTLE,2289,,False,validation,True
non-solar_3062,3062,non-solar,NEWCASTLE,2289,,False,train,True
non-solar_3063,3063,non-solar,NEWCASTLE,2289,,False,train,True
non-solar_3064,3064,non-solar,NEWCASTLE,2289,,False,validation,True
non-solar_3065,3065,non-solar,NEWCASTLE,2289,,False,train,True
non-solar_3066,3066,non-solar,NEWCASTLE,2289,,False,train,True
non-solar_3067,3067,non-solar,NEWCASTLE,2289,,False,train,True
non-solar_3068,3068,non-solar,NEWCASTLE,2289,,False,train,True
non-solar_3069,3069,non-solar,NEWCASTLE,2289,,False,train,True
non-solar_3070,3070,non-solar,NEWCASTLE,2289,,False,train,True
non-solar_3071,3071,non-solar,NEWCASTLE,2289,,False,test,True
non-solar_3072,3072,non-solar,NEWCASTLE,2289,,False,train,True
non-solar_3073,3073,non-solar,NEWCASTLE,2289,,False,train,True
non-solar_3074,3074,non-solar,NEWCASTLE,2289,,False,train,True
non-solar_3075,3075,non-solar,NEWCASTLE,2289,,False,train,True
non-solar_3076,3076,non-solar,NEWCASTLE,2289,,False,train,True
non-solar_3077,3077,non-solar,NEWCASTLE,2289,,False,test,True
non-solar_3078,3078,non-solar,NEWCASTLE,2289,,False,validation,True
non-solar_3079,3079,non-solar,NEWCASTLE,2289,,False,train,True
non-solar_3080,3080,non-solar,NEWCASTLE,2289,,False,train,True
non-solar_3081,3081,non-solar,NEWCASTLE,2289,,False,train,True
non-solar_3082,3082,non-solar,NEWCASTLE,2289,,False,train,True
non-solar_3083,3083,non-solar,NEWCASTLE,2289,,False,train,True
non-solar_3084,3084,non-solar,NEWCASTLE,2289,,False,train,True
non-solar_3085,3085,non-solar,NEWCASTLE,2289,,False,validation,True
non-solar_3086,3086,non-solar,NEWCASTLE,2289,,False,train,True
non-solar_3087,3087,non-solar,NEWCASTLE,2289,,False,train,True
non-solar_3088,3088,non-solar,NEWCASTLE,2289,,False,train,True
non-solar_3089,3089,non-solar,NEWCASTLE,2289,,False,train,True
non-solar_3090,3090,non-solar,NEWCASTLE,2289,,False,test,True
non-solar_3091,3091,non-solar,NEWCASTLE,2289,,False,train,True
non-solar_3092,3092,non-solar,NEWCASTLE,2289,,False,train,True
non-solar_3093,3093,non-solar,NEWCASTLE,2289,,False,train,True
non-solar_3094,3094,non-solar,NEWCASTLE,2289,,False,train,True
non-solar_3095,3095,non-solar,NEWCASTLE,2289,,False,train,True
non-solar_3096,3096,non-solar,NEWCASTLE,2289,,False,test,True
non-solar_3097,3097,non-solar,NEWCASTLE,2289,,False,train,True
non-solar_3098,3098,non-solar,NEWCASTLE,2289,,False,validation,True
non-solar_3099,3099,non-solar,NEWCASTLE,2289,,False,train,True
non-solar_3100,3100,non-solar,NEWCASTLE,2289,,False,train,True
non-solar_3101,3101,non-solar,NEWCASTLE,2289,,False,train,True
non-solar_3102,3102,non-solar,NEWCASTLE,2297,,False,train,True
non-solar_3103,3103,non-solar,NEWCASTLE,2303,,False,train,True
non-solar_3104,3104,non-solar,NEWCASTLE,2303,,False,train,True
non-solar_3105,3105,non-solar,NEWCASTLE,2303,,False,validation,True
non-solar_3106,3106,non-solar,NEWCASTLE,2303,,False,test,True
non-solar_3107,3107,non-solar,NEWCASTLE,2303,,False,test,True
non-solar_3108,3108,non-solar,NEWCASTLE,2303,,False,train,True
non-solar_3109,3109,non-solar,NEWCASTLE,2303,,False,validation,True
non-solar_3110,3110,non-solar,NEWCASTLE,2303,,False,train,True
non-solar_3111,3111,non-solar,NEWCASTLE,2303,,False,train,True
non-solar_3112,3112,non-solar,NEWCASTLE,2303,,False,train,True
non-solar_3113,3113,non-solar,NEWCASTLE,2303,,False,test,True
non-solar_3114,3114,non-solar,NEWCASTLE,2303,,False,train,True
non-solar_3115,3115,non-solar,NEWCASTLE,2303,,False,train,True
non-solar_3116,3116,non-solar,NEWCASTLE,2303,,False,test,True
non-solar_3117,3117,non-solar,NEWCASTLE,2303,,False,train,True
non-solar_3118,3118,non-solar,NEWCASTLE,2303,,False,test,True
non-solar_3119,3119,non-solar,NEWCASTLE,2303,,False,train,True
non-solar_3120,3120,non-solar,NEWCASTLE,2303,,False,train,True
non-solar_3121,3121,non-solar,NEWCASTLE,2303,,False,train,True
non-solar_3122,3122,non-solar,NEWCASTLE,2303,,False,train,True
non-solar_3123,3123,non-solar,NEWCASTLE,2303,,False,test,True
non-solar_3124,3124,non-solar,NEWCASTLE,2303,,False,train,True
non-solar_3125,3125,non-solar,NEWCASTLE,2303,,False,test,True
non-solar_3126,3126,non-solar,NEWCASTLE,2303,,False,train,True
non-solar_3127,3127,non-solar,NEWCASTLE,2303,,False,train,True
non-solar_3128,3128,non-solar,NEWCASTLE,2292,,False,validation,True
non-solar_3129,3129,non-solar,NEWCASTLE,2292,,False,train,True
non-solar_3130,3130,non-solar,NEWCASTLE,2292,,False,train,True
non-solar_3131,3131,non-solar,NEWCASTLE,2292,,False,train,True
non-solar_3132,3132,non-solar,NEWCASTLE,2292,,False,train,True
non-solar_3133,3133,non-solar,NEWCASTLE,2292,,False,test,True
non-solar_3134,3134,non-solar,NEWCASTLE,2305,,False,train,True
non-solar_3135,3135,non-solar,NEWCASTLE,2305,,False,train,True
non-solar_3136,3136,non-solar,NEWCASTLE,2305,,False,train,True
non-solar_3137,3137,non-solar,NEWCASTLE,2305,,False,test,True
non-solar_3138,3138,non-solar,NEWCASTLE,2305,,False,train,True
non-solar_3139,3139,non-solar,NEWCASTLE,2305,,False,test,True
non-solar_3140,3140,non-solar,NEWCASTLE,2305,,False,train,True
non-solar_3141,3141,non-solar,NEWCASTLE,2305,,False,train,True
non-solar_3142,3142,non-solar,NEWCASTLE,2305,,False,train,True
non-solar_3143,3143,non-solar,NEWCASTLE,2305,,False,train,True
non-solar_3144,3144,non-solar,NEWCASTLE,2305,,False,train,True
non-solar_3145,3145,non-solar,NEWCASTLE,2305,,False,test,True
non-solar_3146,3146,non-solar,NEWCASTLE,2305,,False,train,True
non-solar_3147,3147,non-solar,NEWCASTLE,2305,,False,train,True
non-solar_3148,3148,non-solar,NEWCASTLE,2305,,False,validation,True
non-solar_3149,3149,non-solar,NEWCASTLE,2305,,False,train,True
non-solar_3150,3150,non-solar,NEWCASTLE,2305,,False,train,True
non-solar_3151,3151,non-solar,NEWCASTLE,2305,,False,train,True
non-solar_3152,3152,non-solar,NEWCASTLE,2305,,False,train,True
non-solar_3153,3153,non-solar,NEWCASTLE,2305,,False,train,True
non-solar_3154,3154,non-solar,NEWCASTLE,2305,,False,train,True
non-solar_3155,3155,non-solar,NEWCASTLE,2305,,False,train,True
non-solar_3156,3156,non-solar,NEWCASTLE,2305,,False,train,True
non-solar_3157,3157,non-solar,NEWCASTLE,2305,,False,train,True
non-solar_3158,3158,non-solar,NEWCASTLE,2305,,False,train,True
non-solar_3159,3159,non-solar,NEWCASTLE,2299,,False,train,True
non-solar_3160,3160,non-solar,NEWCASTLE,2299,,False,test,True
non-solar_3161,3161,non-solar,NEWCASTLE,2299,,False,train,True
non-solar_3162,3162,non-solar,NEWCASTLE,2299,,False,train,True
non-solar_3163,3163,non-solar,NEWCASTLE,2299,,False,validation,True
non-solar_3164,3164,non-solar,NEWCASTLE,2299,,False,train,True
non-solar_3165,3165,non-solar,NEWCASTLE,2299,,False,train,True
non-solar_3166,3166,non-solar,NEWCASTLE,2287,,False,train,True
non-solar_3167,3167,non-solar,NEWCASTLE,2287,,False,train,True
non-solar_3168,3168,non-solar,NEWCASTLE,2287,,False,train,True
non-solar_3169,3169,non-solar,NEWCASTLE,2287,,False,train,True
non-solar_3170,3170,non-solar,NEWCASTLE,2287,,False,train,True
non-solar_3171,3171,non-solar,NEWCASTLE,2287,,False,train,True
non-solar_3172,3172,non-solar,NEWCASTLE,2287,,False,train,True
non-solar_3173,3173,non-solar,NEWCASTLE,2287,,False,validation,True
non-solar_3174,3174,non-solar,NEWCASTLE,2287,,False,test,True
non-solar_3175,3175,non-solar,NEWCASTLE,2287,,False,train,True
non-solar_3176,3176,non-solar,NEWCASTLE,2287,,False,train,True
non-solar_3177,3177,non-solar,NEWCASTLE,2287,,False,train,True
non-solar_3178,3178,non-solar,NEWCASTLE,2287,,False,train,True
non-solar_3179,3179,non-solar,NEWCASTLE,2287,,False,train,True
non-solar_3180,3180,non-solar,NEWCASTLE,2287,,False,train,True
non-solar_3181,3181,non-solar,NEWCASTLE,2287,,False,train,True
non-solar_3182,3182,non-solar,NEWCASTLE,2287,,False,train,True
non-solar_3183,3183,non-solar,NEWCASTLE,2287,,False,test,True
non-solar_3184,3184,non-solar,NEWCASTLE,2287,,False,test,True
non-solar_3185,3185,non-solar,NEWCASTLE,2287,,False,validation,True
non-solar_3186,3186,non-solar,NEWCASTLE,2287,,False,train,True
non-solar_3187,3187,non-solar,NEWCASTLE,2287,,False,train,True
non-solar_3188,3188,non-solar,NEWCASTLE,2287,,False,train,True
non-solar_3189,3189,non-solar,NEWCASTLE,2287,,False,train,True
non-solar_3190,3190,non-solar,NEWCASTLE,2287,,False,train,True
non-solar_3191,3191,non-solar,NEWCASTLE,2287,,False,validation,True
non-solar_3192,3192,non-solar,NEWCASTLE,2287,,False,train,True
non-solar_3193,3193,non-solar,NEWCASTLE,2287,,False,test,True
non-solar_3194,3194,non-solar,NEWCASTLE,2287,,False,train,True
non-solar_3195,3195,non-solar,NEWCASTLE,2287,,False,train,True
non-solar_3196,3196,non-solar,NEWCASTLE,2287,,False,train,True
non-solar_3197,3197,non-solar,NEWCASTLE,2287,,False,validation,True
non-solar_3198,3198,non-solar,NEWCASTLE,2287,,False,test,True
non-solar_3199,3199,non-solar,NEWCASTLE,2287,,False,train,True
non-solar_3200,3200,non-solar,NEWCASTLE,2287,,False,train,True
non-solar_3201,3201,non-solar,NEWCASTLE,2287,,False,train,True
non-solar_3202,3202,non-solar,NEWCASTLE,2287,,False,test,True
non-solar_3203,3203,non-solar,NEWCASTLE,2287,,False,train,True
non-solar_3204,3204,non-solar,NEWCASTLE,2287,,False,test,True
non-solar_3205,3205,non-solar,NEWCASTLE,2287,,False,test,True
non-solar_3206,3206,non-solar,NEWCASTLE,2287,,False,train,True
non-solar_3207,3207,non-solar,NEWCASTLE,2287,,False,train,True
non-solar_3208,3208,non-solar,NEWCASTLE,2287,,False,train,True
non-solar_3209,3209,non-solar,NEWCASTLE,2287,,False,train,True
non-solar_3210,3210,non-solar,NEWCASTLE,2287,,False,train,True
non-solar_3211,3211,non-solar,NEWCASTLE,2287,,False,train,True
non-solar_3212,3212,non-solar,NEWCASTLE,2287,,False,validation,True
non-solar_3213,3213,non-solar,NEWCASTLE,2287,,False,train,True
non-solar_3214,3214,non-solar,NEWCASTLE,2287,,False,train,True
non-solar_3215,3215,non-solar,NEWCASTLE,2287,,False,validation,True
non-solar_3216,3216,non-solar,NEWCASTLE,2287,,False,validation,True
non-solar_3217,3217,non-solar,NEWCASTLE,2287,,False,train,True
non-solar_3218,3218,non-solar,NEWCASTLE,2287,,False,train,True
non-solar_3219,3219,non-solar,NEWCASTLE,2287,,False,train,True
non-solar_3220,3220,non-solar,NEWCASTLE,2287,,False,train,True
non-solar_3221,3221,non-solar,NEWCASTLE,2287,,False,train,True
non-solar_3222,3222,non-solar,NEWCASTLE,2287,,False,validation,True
non-solar_3223,3223,non-solar,NEWCASTLE,2287,,False,train,True
non-solar_3224,3224,non-solar,NEWCASTLE,2287,,False,train,True
non-solar_3225,3225,non-solar,NEWCASTLE,2287,,False,train,True
non-solar_3226,3226,non-solar,NEWCASTLE,2287,,False,test,True
non-solar_3227,3227,non-solar,NEWCASTLE,2287,,False,train,True
non-solar_3228,3228,non-solar,NEWCASTLE,2287,,False,train,True
non-solar_3229,3229,non-solar,NEWCASTLE,2287,,False,train,True
non-solar_3230,3230,non-solar,NEWCASTLE,2287,,False,train,True
non-solar_3231,3231,non-solar,NEWCASTLE,2287,,False,train,True
non-solar_3232,3232,non-solar,NEWCASTLE,2287,,False,train,True
non-solar_3233,3233,non-solar,NEWCASTLE,2287,,False,train,True
non-solar_3234,3234,non-solar,NEWCASTLE,2287,,False,train,True
non-solar_3235,3235,non-solar,NEWCASTLE,2287,,False,test,True
non-solar_3236,3236,non-solar,NEWCASTLE,2287,,False,train,True
non-solar_3237,3237,non-solar,NEWCASTLE,2287,,False,train,True
non-solar_3238,3238,non-solar,NEWCASTLE,2287,,False,train,True
non-solar_3239,3239,non-solar,NEWCASTLE,2287,,False,test,True
non-solar_3240,3240,non-solar,NEWCASTLE,2287,,False,train,True
non-solar_3241,3241,non-solar,NEWCASTLE,2287,,False,train,True
non-solar_3242,3242,non-solar,NEWCASTLE,2287,,False,train,True
non-solar_3243,3243,non-solar,NEWCASTLE,2287,,False,train,True
non-solar_3244,3244,non-solar,NEWCASTLE,2287,,False,validation,True
non-solar_3245,3245,non-solar,NEWCASTLE,2287,,False,train,True
non-solar_3246,3246,non-solar,NEWCASTLE,2287,,False,train,True
non-solar_3247,3247,non-solar,NEWCASTLE,2287,,False,train,True
non-solar_3248,3248,non-solar,NEWCASTLE,2287,,False,train,True
non-solar_3249,3249,non-solar,NEWCASTLE,2287,,False,validation,True
non-solar_3250,3250,non-solar,NEWCASTLE,2287,,False,train,True
non-solar_3251,3251,non-solar,NEWCASTLE,2287,,False,test,True
non-solar_3252,3252,non-solar,NEWCASTLE,2287,,False,train,True
non-solar_3253,3253,non-solar,NEWCASTLE,2287,,False,test,True
non-solar_3254,3254,non-solar,NEWCASTLE,2287,,False,train,True
non-solar_3255,3255,non-solar,LAKE MACQUARIE,2285,,False,train,True
non-solar_3256,3256,non-solar,LAKE MACQUARIE,2285,,False,train,True
non-solar_3257,3257,non-solar,LAKE MACQUARIE,2285,,False,train,True
non-solar_3258,3258,non-solar,LAKE MACQUARIE,2285,,False,train,True
non-solar_3259,3259,non-solar,LAKE MACQUARIE,2285,,False,test,True
non-solar_3260,3260,non-solar,LAKE MACQUARIE,2285,,False,test,True
non-solar_3261,3261,non-solar,LAKE MACQUARIE,2285,,False,validation,True
non-solar_3262,3262,non-solar,LAKE MACQUARIE,2285,,False,validation,True
non-solar_3263,3263,non-solar,LAKE MACQUARIE,2285,,False,test,True
non-solar_3264,3264,non-solar,LAKE MACQUARIE,2285,,False,train,True
non-solar_3265,3265,non-solar,LAKE MACQUARIE,2285,,False,train,True
non-solar_3266,3266,non-solar,LAKE MACQUARIE,2285,,False,train,True
non-solar_3267,3267,non-solar,LAKE MACQUARIE,2285,,False,validation,True
non-solar_3268,3268,non-solar,LAKE MACQUARIE,2285,,False,train,True
non-solar_3269,3269,non-solar,LAKE MACQUARIE,2285,,False,train,True
non-solar_3270,3270,non-solar,LAKE MACQUARIE,2285,,False,validation,True
non-solar_3271,3271,non-solar,LAKE MACQUARIE,2285,,False,test,True
non-solar_3272,3272,non-solar,LAKE MACQUARIE,2285,,False,test,True
non-solar_3273,3273,non-solar,LAKE MACQUARIE,2285,,False,train,True
non-solar_3274,3274,non-solar,LAKE MACQUARIE,2285,,False,validation,True
non-solar_3275,3275,non-solar,LAKE MACQUARIE,2285,,False,train,True
non-solar_3276,3276,non-solar,LAKE MACQUARIE,2285,,False,validation,True
non-solar_3277,3277,non-solar,LAKE MACQUARIE,2285,,False,train,True
non-solar_3278,3278,non-solar,LAKE MACQUARIE,2285,,False,validation,True
non-solar_3279,3279,non-solar,LAKE MACQUARIE,2285,,False,train,True
non-solar_3280,3280,non-solar,LAKE MACQUARIE,2285,,False,train,True
non-solar_3281,3281,non-solar,LAKE MACQUARIE,2285,,False,train,True
non-solar_3282,3282,non-solar,LAKE MACQUARIE,2285,,False,train,True
non-solar_3283,3283,non-solar,LAKE MACQUARIE,2285,,False,test,True
non-solar_3284,3284,non-solar,LAKE MACQUARIE,2285,,False,test,True
non-solar_3285,3285,non-solar,LAKE MACQUARIE,2285,,False,train,True
non-solar_3286,3286,non-solar,LAKE MACQUARIE,2285,,False,train,True
non-solar_3287,3287,non-solar,LAKE MACQUARIE,2285,,False,train,True
non-solar_3288,3288,non-solar,LAKE MACQUARIE,2285,,False,validation,True
non-solar_3289,3289,non-solar,LAKE MACQUARIE,2285,,False,train,True
non-solar_3290,3290,non-solar,LAKE MACQUARIE,2285,,False,train,True
non-solar_3291,3291,non-solar,LAKE MACQUARIE,2285,,False,train,True
non-solar_3292,3292,non-solar,LAKE MACQUARIE,2285,,False,test,True
non-solar_3293,3293,non-solar,LAKE MACQUARIE,2285,,False,train,True
non-solar_3294,3294,non-solar,LAKE MACQUARIE,2285,,False,train,True
non-solar_3295,3295,non-solar,LAKE MACQUARIE,2285,,False,train,True
non-solar_3296,3296,non-solar,LAKE MACQUARIE,2285,,False,train,True
non-solar_3297,3297,non-solar,LAKE MACQUARIE,2285,,False,test,True
non-solar_3298,3298,non-solar,LAKE MACQUARIE,2285,,False,train,True
non-solar_3299,3299,non-solar,LAKE MACQUARIE,2285,,False,train,True
non-solar_3300,3300,non-solar,LAKE MACQUARIE,2285,,False,test,True
non-solar_3301,3301,non-solar,LAKE MACQUARIE,2285,,False,test,True
non-solar_3302,3302,non-solar,LAKE MACQUARIE,2285,,False,train,True
non-solar_3303,3303,non-solar,LAKE MACQUARIE,2285,,False,train,True
non-solar_3304,3304,non-solar,LAKE MACQUARIE,2285,,False,train,True
non-solar_3305,3305,non-solar,LAKE MACQUARIE,2285,,False,train,True
non-solar_3306,3306,non-solar,LAKE MACQUARIE,2285,,False,train,True
non-solar_3307,3307,non-solar,LAKE MACQUARIE,2285,,False,train,True
non-solar_3308,3308,non-solar,LAKE MACQUARIE,2285,,False,train,True
non-solar_3309,3309,non-solar,LAKE MACQUARIE,2285,,False,train,True
non-solar_3310,3310,non-solar,LAKE MACQUARIE,2285,,False,train,True
non-solar_3311,3311,non-solar,LAKE MACQUARIE,2285,,False,validation,True
non-solar_3312,3312,non-solar,LAKE MACQUARIE,2285,,False,train,True
non-solar_3313,3313,non-solar,LAKE MACQUARIE,2285,,False,train,True
non-solar_3314,3314,non-solar,LAKE MACQUARIE,2285,,False,train,True
non-solar_3315,3315,non-solar,LAKE MACQUARIE,2285,,False,train,True
non-solar_3316,3316,non-solar,LAKE MACQUARIE,2285,,False,validation,True
non-solar_3317,3317,non-solar,LAKE MACQUARIE,2285,,False,train,True
non-solar_3318,3318,non-solar,LAKE MACQUARIE,2285,,False,validation,True
non-solar_3319,3319,non-solar,LAKE MACQUARIE,2285,,False,train,True
non-solar_3320,3320,non-solar,LAKE MACQUARIE,2285,,False,train,True
non-solar_3321,3321,non-solar,LAKE MACQUARIE,2285,,False,train,True
non-solar_3322,3322,non-solar,LAKE MACQUARIE,2285,,False,train,True
non-solar_3323,3323,non-solar,LAKE MACQUARIE,2285,,False,validation,True
non-solar_3324,3324,non-solar,LAKE MACQUARIE,2285,,False,train,True
non-solar_3325,3325,non-solar,LAKE MACQUARIE,2285,,False,validation,True
non-solar_3326,3326,non-solar,LAKE MACQUARIE,2285,,False,test,True
non-solar_3327,3327,non-solar,LAKE MACQUARIE,2285,,False,train,True
non-solar_3328,3328,non-solar,LAKE MACQUARIE,2285,,False,validation,True
non-solar_3329,3329,non-solar,LAKE MACQUARIE,2285,,False,train,True
non-solar_3330,3330,non-solar,LAKE MACQUARIE,2285,,False,train,True
non-solar_3331,3331,non-solar,LAKE MACQUARIE,2284,,False,train,True
non-solar_3332,3332,non-solar,LAKE MACQUARIE,2284,,False,train,True
non-solar_3333,3333,non-solar,LAKE MACQUARIE,2284,,False,train,True
non-solar_3334,3334,non-solar,LAKE MACQUARIE,2284,,False,train,True
non-solar_3335,3335,non-solar,LAKE MACQUARIE,2284,,False,train,True
non-solar_3336,3336,non-solar,LAKE MACQUARIE,2284,,False,validation,True
non-solar_3337,3337,non-solar,LAKE MACQUARIE,2284,,False,train,True
non-solar_3338,3338,non-solar,LAKE MACQUARIE,2284,,False,test,True
non-solar_3339,3339,non-solar,LAKE MACQUARIE,2284,,False,train,True
non-solar_3340,3340,non-solar,LAKE MACQUARIE,2284,,False,test,True
non-solar_3341,3341,non-solar,LAKE MACQUARIE,2284,,False,train,True
non-solar_3342,3342,non-solar,LAKE MACQUARIE,2284,,False,test,True
non-solar_3343,3343,non-solar,LAKE MACQUARIE,2284,,False,train,True
non-solar_3344,3344,non-solar,LAKE MACQUARIE,2284,,False,validation,True
non-solar_3345,3345,non-solar,LAKE MACQUARIE,2286,,False,train,True
non-solar_3346,3346,non-solar,LAKE MACQUARIE,2286,,False,train,True
non-solar_3347,3347,non-solar,LAKE MACQUARIE,2286,,False,train,True
non-solar_3348,3348,non-solar,LAKE MACQUARIE,2286,,False,train,True
non-solar_3349,3349,non-solar,LAKE MACQUARIE,2286,,False,test,True
non-solar_3350,3350,non-solar,LAKE MACQUARIE,2286,,False,train,True
non-solar_3351,3351,non-solar,LAKE MACQUARIE,2286,,False,train,True
non-solar_3352,3352,non-solar,LAKE MACQUARIE,2286,,False,validation,True
non-solar_3353,3353,non-solar,LAKE MACQUARIE,2286,,False,train,True
non-solar_3354,3354,non-solar,LAKE MACQUARIE,2286,,False,train,True
non-solar_3355,3355,non-solar,LAKE MACQUARIE,2278,,False,train,True
non-solar_3356,3356,non-solar,LAKE MACQUARIE,2278,,False,train,True
non-solar_3357,3357,non-solar,LAKE MACQUARIE,2278,,False,train,True
non-solar_3358,3358,non-solar,LAKE MACQUARIE,2278,,False,train,True
non-solar_3359,3359,non-solar,LAKE MACQUARIE,2284,,False,train,True
non-solar_3360,3360,non-solar,LAKE MACQUARIE,2284,,False,train,True
non-solar_3361,3361,non-solar,LAKE MACQUARIE,2284,,False,train,True
non-solar_3362,3362,non-solar,LAKE MACQUARIE,2284,,False,train,True
non-solar_3363,3363,non-solar,LAKE MACQUARIE,2284,,False,train,True
non-solar_3364,3364,non-solar,LAKE MACQUARIE,2284,,False,train,True
non-solar_3365,3365,non-solar,LAKE MACQUARIE,2284,,False,train,True
non-solar_3366,3366,non-solar,LAKE MACQUARIE,2284,,False,train,True
non-solar_3367,3367,non-solar,LAKE MACQUARIE,2284,,False,train,True
non-solar_3368,3368,non-solar,LAKE MACQUARIE,2284,,False,validation,True
non-solar_3369,3369,non-solar,LAKE MACQUARIE,2284,,False,train,True
non-solar_3370,3370,non-solar,LAKE MACQUARIE,2284,,False,train,True
non-solar_3371,3371,non-solar,LAKE MACQUARIE,2284,,False,train,True
non-solar_3372,3372,non-solar,LAKE MACQUARIE,2282,,False,test,True
non-solar_3373,3373,non-solar,LAKE MACQUARIE,2282,,False,test,True
non-solar_3374,3374,non-solar,LAKE MACQUARIE,2282,,False,train,True
non-solar_3375,3375,non-solar,LAKE MACQUARIE,2282,,False,train,True
non-solar_3376,3376,non-solar,LAKE MACQUARIE,2282,,False,train,True
non-solar_3377,3377,non-solar,LAKE MACQUARIE,2282,,False,train,True
non-solar_3378,3378,non-solar,LAKE MACQUARIE,2282,,False,validation,True
non-solar_3379,3379,non-solar,LAKE MACQUARIE,2282,,False,train,True
non-solar_3380,3380,non-solar,LAKE MACQUARIE,2282,,False,validation,True
non-solar_3381,3381,non-solar,LAKE MACQUARIE,2282,,False,train,True
non-solar_3382,3382,non-solar,LAKE MACQUARIE,2282,,False,train,True
non-solar_3383,3383,non-solar,LAKE MACQUARIE,2282,,False,train,True
non-solar_3384,3384,non-solar,LAKE MACQUARIE,2282,,False,train,True
non-solar_3385,3385,non-solar,LAKE MACQUARIE,2282,,False,train,True
non-solar_3386,3386,non-solar,LAKE MACQUARIE,2282,,False,train,True
non-solar_3387,3387,non-solar,LAKE MACQUARIE,2282,,False,validation,True
non-solar_3388,3388,non-solar,LAKE MACQUARIE,2282,,False,validation,True
non-solar_3389,3389,non-solar,LAKE MACQUARIE,2282,,False,test,True
non-solar_3390,3390,non-solar,LAKE MACQUARIE,2282,,False,test,True
non-solar_3391,3391,non-solar,LAKE MACQUARIE,2282,,False,test,True
non-solar_3392,3392,non-solar,LAKE MACQUARIE,2282,,False,train,True
non-solar_3393,3393,non-solar,LAKE MACQUARIE,2282,,False,train,True
non-solar_3394,3394,non-solar,LAKE MACQUARIE,2282,,False,test,True
non-solar_3395,3395,non-solar,LAKE MACQUARIE,2282,,False,train,True
non-solar_3396,3396,non-solar,LAKE MACQUARIE,2282,,False,train,True
non-solar_3397,3397,non-solar,LAKE MACQUARIE,2282,,False,train,True
non-solar_3398,3398,non-solar,LAKE MACQUARIE,2282,,False,test,True
non-solar_3399,3399,non-solar,LAKE MACQUARIE,2282,,False,validation,True
non-solar_3400,3400,non-solar,LAKE MACQUARIE,2282,,False,train,True
non-solar_3401,3401,non-solar,LAKE MACQUARIE,2282,,False,train,True
non-solar_3402,3402,non-solar,LAKE MACQUARIE,2282,,False,train,True
non-solar_3403,3403,non-solar,LAKE MACQUARIE,2282,,False,train,True
non-solar_3404,3404,non-solar,LAKE MACQUARIE,2282,,False,train,True
non-solar_3405,3405,non-solar,LAKE MACQUARIE,2282,,False,validation,True
non-solar_3406,3406,non-solar,LAKE MACQUARIE,2282,,False,test,True
non-solar_3407,3407,non-solar,LAKE MACQUARIE,2282,,False,train,True
non-solar_3408,3408,non-solar,LAKE MACQUARIE,2282,,False,train,True
non-solar_3409,3409,non-solar,LAKE MACQUARIE,2282,,False,train,True
non-solar_3410,3410,non-solar,LAKE MACQUARIE,2282,,False,train,True
non-solar_3411,3411,non-solar,LAKE MACQUARIE,2282,,False,train,True
non-solar_3412,3412,non-solar,LAKE MACQUARIE,2282,,False,test,True
non-solar_3413,3413,non-solar,LAKE MACQUARIE,2282,,False,test,True
non-solar_3414,3414,non-solar,LAKE MACQUARIE,2282,,False,train,True
non-solar_3415,3415,non-solar,LAKE MACQUARIE,2282,,False,validation,True
non-solar_3416,3416,non-solar,LAKE MACQUARIE,2282,,False,train,True
non-solar_3417,3417,non-solar,LAKE MACQUARIE,2282,,False,validation,True
non-solar_3418,3418,non-solar,LAKE MACQUARIE,2282,,False,train,True
non-solar_3419,3419,non-solar,LAKE MACQUARIE,2282,,False,train,True
non-solar_3420,3420,non-solar,LAKE MACQUARIE,2282,,False,train,True
non-solar_3421,3421,non-solar,LAKE MACQUARIE,2282,,False,train,True
non-solar_3422,3422,non-solar,LAKE MACQUARIE,2282,,False,validation,True
non-solar_3423,3423,non-solar,LAKE MACQUARIE,2282,,False,train,True
non-solar_3424,3424,non-solar,LAKE MACQUARIE,2282,,False,train,True
non-solar_3425,3425,non-solar,LAKE MACQUARIE,2282,,False,validation,True
non-solar_3426,3426,non-solar,LAKE MACQUARIE,2282,,False,train,True
non-solar_3427,3427,non-solar,LAKE MACQUARIE,2282,,False,train,True
non-solar_3428,3428,non-solar,LAKE MACQUARIE,2282,,False,train,True
non-solar_3429,3429,non-solar,LAKE MACQUARIE,2282,,False,train,True
non-solar_3430,3430,non-solar,LAKE MACQUARIE,2290,,False,test,True
non-solar_3431,3431,non-solar,LAKE MACQUARIE,2290,,False,validation,True
non-solar_3432,3432,non-solar,LAKE MACQUARIE,2290,,False,train,True
non-solar_3433,3433,non-solar,LAKE MACQUARIE,2290,,False,train,True
non-solar_3434,3434,non-solar,LAKE MACQUARIE,2290,,False,validation,True
non-solar_3435,3435,non-solar,LAKE MACQUARIE,2290,,False,train,True
non-solar_3436,3436,non-solar,LAKE MACQUARIE,2290,,False,validation,True
non-solar_3437,3437,non-solar,LAKE MACQUARIE,2290,,False,train,True
non-solar_3438,3438,non-solar,LAKE MACQUARIE,2280,,False,train,True
non-solar_3439,3439,non-solar,LAKE MACQUARIE,2280,,False,train,True
non-solar_3440,3440,non-solar,LAKE MACQUARIE,2280,,False,validation,True
non-solar_3441,3441,non-solar,LAKE MACQUARIE,2280,,False,train,True
non-solar_3442,3442,non-solar,LAKE MACQUARIE,2280,,False,test,True
non-solar_3443,3443,non-solar,LAKE MACQUARIE,2280,,False,train,True
non-solar_3444,3444,non-solar,LAKE MACQUARIE,2290,,False,train,True
non-solar_3445,3445,non-solar,LAKE MACQUARIE,2290,,False,train,True
non-solar_3446,3446,non-solar,LAKE MACQUARIE,2290,,False,train,True
non-solar_3447,3447,non-solar,LAKE MACQUARIE,2290,,False,validation,True
non-solar_3448,3448,non-solar,LAKE MACQUARIE,2290,,False,train,True
non-solar_3449,3449,non-solar,LAKE MACQUARIE,2290,,False,train,True
non-solar_3450,3450,non-solar,LAKE MACQUARIE,2290,,False,validation,True
non-solar_3451,3451,non-solar,LAKE MACQUARIE,2290,,False,validation,True
non-solar_3452,3452,non-solar,LAKE MACQUARIE,2290,,False,test,True
non-solar_3453,3453,non-solar,LAKE MACQUARIE,2290,,False,test,True
non-solar_3454,3454,non-solar,LAKE MACQUARIE,2290,,False,train,True
non-solar_3455,3455,non-solar,LAKE MACQUARIE,2290,,False,train,True
non-solar_3456,3456,non-solar,LAKE MACQUARIE,2290,,False,test,True
non-solar_3457,3457,non-solar,LAKE MACQUARIE,2290,,False,validation,True
non-solar_3458,3458,non-solar,LAKE MACQUARIE,2290,,False,test,True
non-solar_3459,3459,non-solar,LAKE MACQUARIE,2290,,False,validation,True
non-solar_3460,3460,non-solar,LAKE MACQUARIE,2290,,False,train,True
non-solar_3461,3461,non-solar,LAKE MACQUARIE,2290,,False,validation,True
non-solar_3462,3462,non-solar,LAKE MACQUARIE,2290,,False,test,True
non-solar_3463,3463,non-solar,LAKE MACQUARIE,2290,,False,train,True
non-solar_3464,3464,non-solar,LAKE MACQUARIE,2290,,False,train,True
non-solar_3465,3465,non-solar,LAKE MACQUARIE,2290,,False,validation,True
non-solar_3466,3466,non-solar,LAKE MACQUARIE,2290,,False,train,True
non-solar_3467,3467,non-solar,LAKE MACQUARIE,2290,,False,train,True
non-solar_3468,3468,non-solar,LAKE MACQUARIE,2290,,False,train,True
non-solar_3469,3469,non-solar,LAKE MACQUARIE,2282,,False,train,True
non-solar_3470,3470,non-solar,LAKE MACQUARIE,2282,,False,train,True
non-solar_3471,3471,non-solar,LAKE MACQUARIE,2282,,False,train,True
non-solar_3472,3472,non-solar,LAKE MACQUARIE,2282,,False,train,True
non-solar_3473,3473,non-solar,LAKE MACQUARIE,2282,,False,train,True
non-solar_3474,3474,non-solar,LAKE MACQUARIE,2282,,False,test,True
non-solar_3475,3475,non-solar,LAKE MACQUARIE,2282,,False,train,True
non-solar_3476,3476,non-solar,LAKE MACQUARIE,2282,,False,test,True
non-solar_3477,3477,non-solar,LAKE MACQUARIE,2280,,False,test,True
non-solar_3478,3478,non-solar,LAKE MACQUARIE,2280,,False,train,True
non-solar_3479,3479,non-solar,LAKE MACQUARIE,2280,,False,train,True
non-solar_3480,3480,non-solar,LAKE MACQUARIE,2280,,False,train,True
non-solar_3481,3481,non-solar,LAKE MACQUARIE,2280,,False,test,True
non-solar_3482,3482,non-solar,LAKE MACQUARIE,2290,,False,test,True
non-solar_3483,3483,non-solar,LAKE MACQUARIE,2290,,False,train,True
non-solar_3484,3484,non-solar,LAKE MACQUARIE,2280,,False,train,True
non-solar_3485,3485,non-solar,LAKE MACQUARIE,2280,,False,train,True
non-solar_3486,3486,non-solar,LAKE MACQUARIE,2280,,False,train,True
non-solar_3487,3487,non-solar,LAKE MACQUARIE,2280,,False,train,True
non-solar_3488,3488,non-solar,LAKE MACQUARIE,2280,,False,train,True
non-solar_3489,3489,non-solar,LAKE MACQUARIE,2280,,False,test,True
non-solar_3490,3490,non-solar,LAKE MACQUARIE,2280,,False,train,True
non-solar_3491,3491,non-solar,LAKE MACQUARIE,2280,,False,test,True
non-solar_3492,3492,non-solar,LAKE MACQUARIE,2280,,False,train,True
non-solar_3493,3493,non-solar,LAKE MACQUARIE,2280,,False,train,True
non-solar_3494,3494,non-solar,LAKE MACQUARIE,2280,,False,train,True
non-solar_3495,3495,non-solar,LAKE MACQUARIE,2280,,False,train,True
non-solar_3496,3496,non-solar,LAKE MACQUARIE,2280,,False,train,True
non-solar_3497,3497,non-solar,LAKE MACQUARIE,2280,,False,train,True
non-solar_3498,3498,non-solar,LAKE MACQUARIE,2280,,False,train,True
non-solar_3499,3499,non-solar,LAKE MACQUARIE,2280,,False,train,True
non-solar_3500,3500,non-solar,LAKE MACQUARIE,2280,,False,train,True
non-solar_3501,3501,non-solar,LAKE MACQUARIE,2280,,False,train,True
non-solar_3502,3502,non-solar,LAKE MACQUARIE,2280,,False,train,True
non-solar_3503,3503,non-solar,LAKE MACQUARIE,2280,,False,train,True
non-solar_3504,3504,non-solar,LAKE MACQUARIE,2280,,False,train,True
non-solar_3505,3505,non-solar,LAKE MACQUARIE,2280,,False,train,True
non-solar_3506,3506,non-solar,LAKE MACQUARIE,2280,,False,train,True
non-solar_3507,3507,non-solar,LAKE MACQUARIE,2280,,False,train,True
non-solar_3508,3508,non-solar,LAKE MACQUARIE,2280,,False,train,True
non-solar_3509,3509,non-solar,LAKE MACQUARIE,2280,,False,validation,True
non-solar_3510,3510,non-solar,LAKE MACQUARIE,2280,,False,train,True
non-solar_3511,3511,non-solar,LAKE MACQUARIE,2280,,False,validation,True
non-solar_3512,3512,non-solar,LAKE MACQUARIE,2280,,False,train,True
non-solar_3513,3513,non-solar,LAKE MACQUARIE,2280,,False,train,True
non-solar_3514,3514,non-solar,LAKE MACQUARIE,2280,,False,test,True
non-solar_3515,3515,non-solar,LAKE MACQUARIE,2280,,False,train,True
non-solar_3516,3516,non-solar,LAKE MACQUARIE,2280,,False,train,True
non-solar_3517,3517,non-solar,LAKE MACQUARIE,2280,,False,train,True
non-solar_3518,3518,non-solar,LAKE MACQUARIE,2280,,False,validation,True
non-solar_3519,3519,non-solar,LAKE MACQUARIE,2280,,False,train,True
non-solar_3520,3520,non-solar,LAKE MACQUARIE,2280,,False,train,True
non-solar_3521,3521,non-solar,LAKE MACQUARIE,2280,,False,train,True
non-solar_3522,3522,non-solar,LAKE MACQUARIE,2280,,False,train,True
non-solar_3523,3523,non-solar,LAKE MACQUARIE,2280,,False,validation,True
non-solar_3524,3524,non-solar,LAKE MACQUARIE,2280,,False,train,True
non-solar_3525,3525,non-solar,LAKE MACQUARIE,2280,,False,train,True
non-solar_3526,3526,non-solar,LAKE MACQUARIE,2280,,False,train,True
non-solar_3527,3527,non-solar,LAKE MACQUARIE,2280,,False,train,True
non-solar_3528,3528,non-solar,LAKE MACQUARIE,2283,,False,train,True
non-solar_3529,3529,non-solar,LAKE MACQUARIE,2283,,False,test,True
non-solar_3530,3530,non-solar,LAKE MACQUARIE,2283,,False,train,True
non-solar_3531,3531,non-solar,LAKE MACQUARIE,2283,,False,train,True
non-solar_3532,3532,non-solar,LAKE MACQUARIE,2283,,False,train,True
non-solar_3533,3533,non-solar,LAKE MACQUARIE,2283,,False,validation,True
non-solar_3534,3534,non-solar,LAKE MACQUARIE,2283,,False,test,True
non-solar_3535,3535,non-solar,LAKE MACQUARIE,2283,,False,validation,True
non-solar_3536,3536,non-solar,LAKE MACQUARIE,2283,,False,validation,True
non-solar_3537,3537,non-solar,LAKE MACQUARIE,2283,,False,train,True
non-solar_3538,3538,non-solar,LAKE MACQUARIE,2283,,False,train,True
non-solar_3539,3539,non-solar,LAKE MACQUARIE,2283,,False,train,True
non-solar_3540,3540,non-solar,LAKE MACQUARIE,2283,,False,train,True
non-solar_3541,3541,non-solar,LAKE MACQUARIE,2283,,False,validation,True
non-solar_3542,3542,non-solar,LAKE MACQUARIE,2283,,False,validation,True
non-solar_3543,3543,non-solar,LAKE MACQUARIE,2283,,False,train,True
non-solar_3544,3544,non-solar,LAKE MACQUARIE,2283,,False,train,True
non-solar_3545,3545,non-solar,LAKE MACQUARIE,2283,,False,train,True
non-solar_3546,3546,non-solar,LAKE MACQUARIE,2283,,False,train,True
non-solar_3547,3547,non-solar,LAKE MACQUARIE,2283,,False,train,True
non-solar_3548,3548,non-solar,LAKE MACQUARIE,2283,,False,validation,True
non-solar_3549,3549,non-solar,LAKE MACQUARIE,2283,,False,train,True
non-solar_3550,3550,non-solar,LAKE MACQUARIE,2283,,False,train,True
non-solar_3551,3551,non-solar,LAKE MACQUARIE,2283,,False,test,True
non-solar_3552,3552,non-solar,LAKE MACQUARIE,2283,,False,train,True
non-solar_3553,3553,non-solar,LAKE MACQUARIE,2283,,False,train,True
non-solar_3554,3554,non-solar,LAKE MACQUARIE,2283,,False,train,True
non-solar_3555,3555,non-solar,LAKE MACQUARIE,2283,,False,train,True
non-solar_3556,3556,non-solar,LAKE MACQUARIE,2283,,False,train,True
non-solar_3557,3557,non-solar,LAKE MACQUARIE,2283,,False,train,True
non-solar_3558,3558,non-solar,LAKE MACQUARIE,2283,,False,train,True
non-solar_3559,3559,non-solar,LAKE MACQUARIE,2283,,False,test,True
non-solar_3560,3560,non-solar,LAKE MACQUARIE,2283,,False,train,True
non-solar_3561,3561,non-solar,LAKE MACQUARIE,2283,,False,train,True
non-solar_3562,3562,non-solar,LAKE MACQUARIE,2283,,False,train,True
non-solar_3563,3563,non-solar,LAKE MACQUARIE,2283,,False,train,True
non-solar_3564,3564,non-solar,LAKE MACQUARIE,2283,,False,test,True
non-solar_3565,3565,non-solar,LAKE MACQUARIE,2283,,False,train,True
non-solar_3566,3566,non-solar,LAKE MACQUARIE,2283,,False,test,True
non-solar_3567,3567,non-solar,LAKE MACQUARIE,2283,,False,train,True
non-solar_3568,3568,non-solar,LAKE MACQUARIE,2283,,False,test,True
non-solar_3569,3569,non-solar,LAKE MACQUARIE,2283,,False,test,True
non-solar_3570,3570,non-solar,LAKE MACQUARIE,2283,,False,train,True
non-solar_3571,3571,non-solar,LAKE MACQUARIE,2283,,False,train,True
non-solar_3572,3572,non-solar,LAKE MACQUARIE,2283,,False,train,True
non-solar_3573,3573,non-solar,LAKE MACQUARIE,2283,,False,train,True
non-solar_3574,3574,non-solar,LAKE MACQUARIE,2283,,False,train,True
non-solar_3575,3575,non-solar,LAKE MACQUARIE,2283,,False,test,True
non-solar_3576,3576,non-solar,LAKE MACQUARIE,2290,,False,train,True
non-solar_3577,3577,non-solar,LAKE MACQUARIE,2290,,False,validation,True
non-solar_3578,3578,non-solar,LAKE MACQUARIE,2290,,False,validation,True
non-solar_3579,3579,non-solar,LAKE MACQUARIE,2290,,False,train,True
non-solar_3580,3580,non-solar,LAKE MACQUARIE,2290,,False,train,True
non-solar_3581,3581,non-solar,LAKE MACQUARIE,2290,,False,train,True
non-solar_3582,3582,non-solar,LAKE MACQUARIE,2290,,False,train,True
non-solar_3583,3583,non-solar,LAKE MACQUARIE,2290,,False,train,True
non-solar_3584,3584,non-solar,LAKE MACQUARIE,2290,,False,test,True
non-solar_3585,3585,non-solar,LAKE MACQUARIE,2290,,False,test,True
non-solar_3586,3586,non-solar,LAKE MACQUARIE,2290,,False,train,True
non-solar_3587,3587,non-solar,LAKE MACQUARIE,2290,,False,validation,True
non-solar_3588,3588,non-solar,LAKE MACQUARIE,2290,,False,train,True
non-solar_3589,3589,non-solar,LAKE MACQUARIE,2290,,False,test,True
non-solar_3590,3590,non-solar,LAKE MACQUARIE,2290,,False,train,True
non-solar_3591,3591,non-solar,LAKE MACQUARIE,2290,,False,test,True
non-solar_3592,3592,non-solar,LAKE MACQUARIE,2290,,False,train,True
non-solar_3593,3593,non-solar,LAKE MACQUARIE,2290,,False,train,True
non-solar_3594,3594,non-solar,LAKE MACQUARIE,2290,,False,train,True
non-solar_3595,3595,non-solar,LAKE MACQUARIE,2290,,False,train,True
non-solar_3596,3596,non-solar,LAKE MACQUARIE,2290,,False,validation,True
non-solar_3597,3597,non-solar,LAKE MACQUARIE,2290,,False,train,True
non-solar_3598,3598,non-solar,LAKE MACQUARIE,2290,,False,validation,True
non-solar_3599,3599,non-solar,LAKE MACQUARIE,2290,,False,train,True
non-solar_3600,3600,non-solar,LAKE MACQUARIE,2290,,False,train,True
non-solar_3601,3601,non-solar,LAKE MACQUARIE,2290,,False,train,True
non-solar_3602,3602,non-solar,LAKE MACQUARIE,2290,,False,train,True
non-solar_3603,3603,non-solar,LAKE MACQUARIE,2290,,False,test,True
non-solar_3604,3604,non-solar,LAKE MACQUARIE,2290,,False,validation,True
non-solar_3605,3605,non-solar,LAKE MACQUARIE,2290,,False,train,True
non-solar_3606,3606,non-solar,LAKE MACQUARIE,2290,,False,validation,True
non-solar_3607,3607,non-solar,LAKE MACQUARIE,2290,,False,train,True
non-solar_3608,3608,non-solar,LAKE MACQUARIE,2290,,False,train,True
non-solar_3609,3609,non-solar,LAKE MACQUARIE,2290,,False,test,True
non-solar_3610,3610,non-solar,LAKE MACQUARIE,2290,,False,train,True
non-solar_3611,3611,non-solar,LAKE MACQUARIE,2290,,False,train,True
non-solar_3612,3612,non-solar,LAKE MACQUARIE,2290,,False,validation,True
non-solar_3613,3613,non-solar,LAKE MACQUARIE,2290,,False,test,True
non-solar_3614,3614,non-solar,LAKE MACQUARIE,2290,,False,train,True
non-solar_3615,3615,non-solar,LAKE MACQUARIE,2290,,False,train,True
non-solar_3616,3616,non-solar,LAKE MACQUARIE,2280,,False,train,True
non-solar_3617,3617,non-solar,LAKE MACQUARIE,2280,,False,train,True
non-solar_3618,3618,non-solar,LAKE MACQUARIE,2306,,False,validation,True
non-solar_3619,3619,non-solar,LAKE MACQUARIE,2280,,False,validation,True
non-solar_3620,3620,non-solar,LAKE MACQUARIE,2280,,False,train,True
non-solar_3621,3621,non-solar,LAKE MACQUARIE,2281,,False,train,True
non-solar_3622,3622,non-solar,LAKE MACQUARIE,2281,,False,train,True
non-solar_3623,3623,non-solar,LAKE MACQUARIE,2281,,False,train,True
non-solar_3624,3624,non-solar,LAKE MACQUARIE,2281,,False,train,True
non-solar_3625,3625,non-solar,LAKE MACQUARIE,2281,,False,test,True
non-solar_3626,3626,non-solar,LAKE MACQUARIE,2281,,False,train,True
non-solar_3627,3627,non-solar,LAKE MACQUARIE,2281,,False,train,True
non-solar_3628,3628,non-solar,LAKE MACQUARIE,2281,,False,train,True
non-solar_3629,3629,non-solar,LAKE MACQUARIE,2281,,False,validation,True
non-solar_3630,3630,non-solar,LAKE MACQUARIE,2281,,False,train,True
non-solar_3631,3631,non-solar,LAKE MACQUARIE,2281,,False,test,True
non-solar_3632,3632,non-solar,LAKE MACQUARIE,2281,,False,train,True
non-solar_3633,3633,non-solar,LAKE MACQUARIE,2281,,False,validation,True
non-solar_3634,3634,non-solar,LAKE MACQUARIE,2281,,False,train,True
non-solar_3635,3635,non-solar,LAKE MACQUARIE,2281,,False,validation,True
non-solar_3636,3636,non-solar,LAKE MACQUARIE,2281,,False,train,True
non-solar_3637,3637,non-solar,LAKE MACQUARIE,2281,,False,train,True
non-solar_3638,3638,non-solar,LAKE MACQUARIE,2281,,False,train,True
non-solar_3639,3639,non-solar,LAKE MACQUARIE,2281,,False,train,True
non-solar_3640,3640,non-solar,LAKE MACQUARIE,2281,,False,train,True
non-solar_3641,3641,non-solar,LAKE MACQUARIE,2281,,False,train,True
non-solar_3642,3642,non-solar,LAKE MACQUARIE,2281,,False,train,True
non-solar_3643,3643,non-solar,LAKE MACQUARIE,2281,,False,train,True
non-solar_3644,3644,non-solar,LAKE MACQUARIE,2259,,False,train,True
non-solar_3645,3645,non-solar,LAKE MACQUARIE,2259,,False,train,True
non-solar_3646,3646,non-solar,LAKE MACQUARIE,2259,,False,train,True
non-solar_3647,3647,non-solar,LAKE MACQUARIE,2259,,False,train,True
non-solar_3648,3648,non-solar,LAKE MACQUARIE,2259,,False,train,True
non-solar_3649,3649,non-solar,LAKE MACQUARIE,2259,,False,train,True
non-solar_3650,3650,non-solar,LAKE MACQUARIE,2259,,False,validation,True
non-solar_3651,3651,non-solar,LAKE MACQUARIE,2259,,False,validation,True
non-solar_3652,3652,non-solar,LAKE MACQUARIE,2259,,False,train,True
non-solar_3653,3653,non-solar,LAKE MACQUARIE,2259,,False,test,True
non-solar_3654,3654,non-solar,LAKE MACQUARIE,2259,,False,validation,True
non-solar_3655,3655,non-solar,LAKE MACQUARIE,2259,,False,train,True
non-solar_3656,3656,non-solar,LAKE MACQUARIE,2259,,False,train,True
non-solar_3657,3657,non-solar,LAKE MACQUARIE,2259,,False,test,True
non-solar_3658,3658,non-solar,LAKE MACQUARIE,2259,,False,train,True
non-solar_3659,3659,non-solar,LAKE MACQUARIE,2259,,False,validation,True
non-solar_3660,3660,non-solar,LAKE MACQUARIE,2259,,False,train,True
non-solar_3661,3661,non-solar,LAKE MACQUARIE,2264,,False,train,True
non-solar_3662,3662,non-solar,LAKE MACQUARIE,2264,,False,test,True
non-solar_3663,3663,non-solar,LAKE MACQUARIE,2264,,False,validation,True
non-solar_3664,3664,non-solar,LAKE MACQUARIE,2264,,False,validation,True
non-solar_3665,3665,non-solar,LAKE MACQUARIE,2264,,False,validation,True
non-solar_3666,3666,non-solar,LAKE MACQUARIE,2264,,False,train,True
non-solar_3667,3667,non-solar,LAKE MACQUARIE,2264,,False,train,True
non-solar_3668,3668,non-solar,LAKE MACQUARIE,2264,,False,train,True
non-solar_3669,3669,non-solar,LAKE MACQUARIE,2264,,False,test,True
non-solar_3670,3670,non-solar,LAKE MACQUARIE,2264,,False,train,True
non-solar_3671,3671,non-solar,LAKE MACQUARIE,2264,,False,train,True
non-solar_3672,3672,non-solar,LAKE MACQUARIE,2264,,False,test,True
non-solar_3673,3673,non-solar,LAKE MACQUARIE,2264,,False,train,True
non-solar_3674,3674,non-solar,LAKE MACQUARIE,2264,,False,train,True
non-solar_3675,3675,non-solar,LAKE MACQUARIE,2264,,False,validation,True
non-solar_3676,3676,non-solar,LAKE MACQUARIE,2264,,False,train,True
non-solar_3677,3677,non-solar,LAKE MACQUARIE,2264,,False,train,True
non-solar_3678,3678,non-solar,LAKE MACQUARIE,2264,,False,train,True
non-solar_3679,3679,non-solar,LAKE MACQUARIE,2264,,False,test,True
non-solar_3680,3680,non-solar,LAKE MACQUARIE,2264,,False,train,True
non-solar_3681,3681,non-solar,LAKE MACQUARIE,2264,,False,train,True
non-solar_3682,3682,non-solar,LAKE MACQUARIE,2264,,False,train,True
non-solar_3683,3683,non-solar,LAKE MACQUARIE,2264,,False,train,True
non-solar_3684,3684,non-solar,LAKE MACQUARIE,2264,,False,train,True
non-solar_3685,3685,non-solar,LAKE MACQUARIE,2264,,False,train,True
non-solar_3686,3686,non-solar,LAKE MACQUARIE,2264,,False,train,True
non-solar_3687,3687,non-solar,LAKE MACQUARIE,2264,,False,train,True
non-solar_3688,3688,non-solar,LAKE MACQUARIE,2265,,False,validation,True
non-solar_3689,3689,non-solar,LAKE MACQUARIE,2265,,False,train,True
non-solar_3690,3690,non-solar,LAKE MACQUARIE,2265,,False,test,True
non-solar_3691,3691,non-solar,LAKE MACQUARIE,2265,,False,train,True
non-solar_3692,3692,non-solar,LAKE MACQUARIE,2265,,False,test,True
non-solar_3693,3693,non-solar,LAKE MACQUARIE,2265,,False,test,True
non-solar_3694,3694,non-solar,LAKE MACQUARIE,2265,,False,train,True
non-solar_3695,3695,non-solar,LAKE MACQUARIE,2265,,False,train,True
non-solar_3696,3696,non-solar,LAKE MACQUARIE,2265,,False,train,True
non-solar_3697,3697,non-solar,LAKE MACQUARIE,2265,,False,train,True
non-solar_3698,3698,non-solar,LAKE MACQUARIE,2265,,False,train,True
non-solar_3699,3699,non-solar,LAKE MACQUARIE,2265,,False,test,True
non-solar_3700,3700,non-solar,LAKE MACQUARIE,2265,,False,train,True
non-solar_3701,3701,non-solar,LAKE MACQUARIE,2265,,False,train,True
non-solar_3702,3702,non-solar,LAKE MACQUARIE,2265,,False,train,True
non-solar_3703,3703,non-solar,LAKE MACQUARIE,2265,,False,train,True
non-solar_3704,3704,non-solar,LAKE MACQUARIE,2265,,False,train,True
non-solar_3705,3705,non-solar,LAKE MACQUARIE,2265,,False,train,True
non-solar_3706,3706,non-solar,LAKE MACQUARIE,2265,,False,test,True
non-solar_3707,3707,non-solar,LAKE MACQUARIE,2265,,False,train,True
non-solar_3708,3708,non-solar,LAKE MACQUARIE,2265,,False,train,True
non-solar_3709,3709,non-solar,LAKE MACQUARIE,2265,,False,train,True
non-solar_3710,3710,non-solar,LAKE MACQUARIE,2264,,False,train,True
non-solar_3711,3711,non-solar,LAKE MACQUARIE,2265,,False,train,True
non-solar_3712,3712,non-solar,LAKE MACQUARIE,2265,,False,train,True
non-solar_3713,3713,non-solar,LAKE MACQUARIE,2323,,False,validation,True
non-solar_3714,3714,non-solar,LAKE MACQUARIE,2264,,False,test,True
non-solar_3715,3715,non-solar,LAKE MACQUARIE,2264,,False,train,True
non-solar_3716,3716,non-solar,LAKE MACQUARIE,2264,,False,validation,True
non-solar_3717,3717,non-solar,LAKE MACQUARIE,2264,,False,train,True
non-solar_3718,3718,non-solar,LAKE MACQUARIE,2264,,False,validation,True
non-solar_3719,3719,non-solar,LAKE MACQUARIE,2264,,False,train,True
non-solar_3720,3720,non-solar,LAKE MACQUARIE,2264,,False,test,True
non-solar_3721,3721,non-solar,LAKE MACQUARIE,2264,,False,train,True
non-solar_3722,3722,non-solar,LAKE MACQUARIE,2264,,False,train,True
non-solar_3723,3723,non-solar,LAKE MACQUARIE,2264,,False,train,True
non-solar_3724,3724,non-solar,LAKE MACQUARIE,2264,,False,train,True
non-solar_3725,3725,non-solar,LAKE MACQUARIE,2264,,False,train,True
non-solar_3726,3726,non-solar,LAKE MACQUARIE,2267,,False,train,True
non-solar_3727,3727,non-solar,LAKE MACQUARIE,2267,,False,train,True
non-solar_3728,3728,non-solar,LAKE MACQUARIE,2267,,False,train,True
non-solar_3729,3729,non-solar,LAKE MACQUARIE,2267,,False,test,True
non-solar_3730,3730,non-solar,PORT STEPHENS,2324,,False,validation,True
non-solar_3731,3731,non-solar,PORT STEPHENS,2324,,False,train,True
non-solar_3732,3732,non-solar,PORT STEPHENS,2324,,False,validation,True
non-solar_3733,3733,non-solar,PORT STEPHENS,2324,,False,train,True
non-solar_3734,3734,non-solar,PORT STEPHENS,2324,,False,test,True
non-solar_3735,3735,non-solar,PORT STEPHENS,2324,,False,train,True
non-solar_3736,3736,non-solar,PORT STEPHENS,2324,,False,train,True
non-solar_3737,3737,non-solar,PORT STEPHENS,2324,,False,test,True
non-solar_3738,3738,non-solar,PORT STEPHENS,2324,,False,train,True
non-solar_3739,3739,non-solar,PORT STEPHENS,2324,,False,train,True
non-solar_3740,3740,non-solar,PORT STEPHENS,2324,,False,train,True
non-solar_3741,3741,non-solar,PORT STEPHENS,2324,,False,train,True
non-solar_3742,3742,non-solar,PORT STEPHENS,2317,,False,train,True
non-solar_3743,3743,non-solar,PORT STEPHENS,2317,,False,validation,True
non-solar_3744,3744,non-solar,NEWCASTLE,2293,,False,test,True
non-solar_3745,3745,non-solar,NEWCASTLE,2296,,False,test,True
non-solar_3746,3746,non-solar,NEWCASTLE,2296,,False,validation,True
non-solar_3747,3747,non-solar,NEWCASTLE,2296,,False,train,True
non-solar_3748,3748,non-solar,NEWCASTLE,2296,,False,validation,True
non-solar_3749,3749,non-solar,NEWCASTLE,2296,,False,train,True
non-solar_3750,3750,non-solar,NEWCASTLE,2296,,False,train,True
non-solar_3751,3751,non-solar,NEWCASTLE,2294,,False,train,True
non-solar_3752,3752,non-solar,NEWCASTLE,2307,,False,train,True
non-solar_3753,3753,non-solar,NEWCASTLE,2307,,False,train,True
non-solar_3754,3754,non-solar,NEWCASTLE,2307,,False,train,True
non-solar_3755,3755,non-solar,NEWCASTLE,2307,,False,validation,True
non-solar_3756,3756,non-solar,NEWCASTLE,2307,,False,train,True
non-solar_3757,3757,non-solar,NEWCASTLE,2307,,False,validation,True
non-solar_3758,3758,non-solar,NEWCASTLE,2307,,False,train,True
non-solar_3759,3759,non-solar,NEWCASTLE,2307,,False,train,True
non-solar_3760,3760,non-solar,NEWCASTLE,2307,,False,validation,True
non-solar_3761,3761,non-solar,NEWCASTLE,2295,,False,train,True
non-solar_3762,3762,non-solar,NEWCASTLE,2295,,False,train,True
non-solar_3763,3763,non-solar,NEWCASTLE,2295,,False,validation,True
non-solar_3764,3764,non-solar,NEWCASTLE,2295,,False,train,True
non-solar_3765,3765,non-solar,NEWCASTLE,2295,,False,train,True
non-solar_3766,3766,non-solar,NEWCASTLE,2295,,False,train,True
non-solar_3767,3767,non-solar,NEWCASTLE,2295,,False,test,True
non-solar_3768,3768,non-solar,NEWCASTLE,2295,,False,train,True
non-solar_3769,3769,non-solar,NEWCASTLE,2295,,False,train,True
non-solar_3770,3770,non-solar,NEWCASTLE,2295,,False,validation,True
non-solar_3771,3771,non-solar,NEWCASTLE,2295,,False,train,True
non-solar_3772,3772,non-solar,NEWCASTLE,2295,,False,train,True
non-solar_3773,3773,non-solar,NEWCASTLE,2295,,False,train,True
non-solar_3774,3774,non-solar,NEWCASTLE,2304,,False,train,True
non-solar_3775,3775,non-solar,NEWCASTLE,2304,,False,validation,True
non-solar_3776,3776,non-solar,NEWCASTLE,2304,,False,train,True
non-solar_3777,3777,non-solar,NEWCASTLE,2304,,False,train,True
non-solar_3778,3778,non-solar,NEWCASTLE,2304,,False,train,True
non-solar_3779,3779,non-solar,NEWCASTLE,2304,,False,test,True
non-solar_3780,3780,non-solar,NEWCASTLE,2304,,False,train,True
non-solar_3781,3781,non-solar,NEWCASTLE,2304,,False,train,True
non-solar_3782,3782,non-solar,NEWCASTLE,2304,,False,train,True
non-solar_3783,3783,non-solar,NEWCASTLE,2304,,False,validation,True
non-solar_3784,3784,non-solar,NEWCASTLE,2304,,False,train,True
non-solar_3785,3785,non-solar,NEWCASTLE,2304,,False,train,True
non-solar_3786,3786,non-solar,NEWCASTLE,2304,,False,train,True
non-solar_3787,3787,non-solar,NEWCASTLE,2304,,False,train,True
non-solar_3788,3788,non-solar,NEWCASTLE,2304,,False,validation,True
non-solar_3789,3789,non-solar,NEWCASTLE,2304,,False,train,True
non-solar_3790,3790,non-solar,NEWCASTLE,2304,,False,train,True
non-solar_3791,3791,non-solar,NEWCASTLE,2304,,False,train,True
non-solar_3792,3792,non-solar,NEWCASTLE,2304,,False,train,True
non-solar_3793,3793,non-solar,NEWCASTLE,2304,,False,train,True
non-solar_3794,3794,non-solar,NEWCASTLE,2304,,False,validation,True
non-solar_3795,3795,non-solar,NEWCASTLE,2304,,False,train,True
non-solar_3796,3796,non-solar,NEWCASTLE,2304,,False,validation,True
non-solar_3797,3797,non-solar,NEWCASTLE,2304,,False,train,True
non-solar_3798,3798,non-solar,NEWCASTLE,2298,,False,train,True
non-solar_3799,3799,non-solar,NEWCASTLE,2298,,False,train,True
non-solar_3800,3800,non-solar,NEWCASTLE,2298,,False,validation,True
non-solar_3801,3801,non-solar,NEWCASTLE,2298,,False,train,True
non-solar_3802,3802,non-solar,NEWCASTLE,2298,,False,train,True
non-solar_3803,3803,non-solar,NEWCASTLE,2298,,False,train,True
non-solar_3804,3804,non-solar,NEWCASTLE,2298,,False,train,True
non-solar_3805,3805,non-solar,NEWCASTLE,2298,,False,train,True
non-solar_3806,3806,non-solar,NEWCASTLE,2298,,False,validation,True
non-solar_3807,3807,non-solar,NEWCASTLE,2298,,False,train,True
non-solar_3808,3808,non-solar,NEWCASTLE,2298,,False,train,True
non-solar_3809,3809,non-solar,NEWCASTLE,2298,,False,validation,True
non-solar_3810,3810,non-solar,NEWCASTLE,2298,,False,test,True
non-solar_3811,3811,non-solar,NEWCASTLE,2298,,False,validation,True
non-solar_3812,3812,non-solar,NEWCASTLE,2322,,False,train,True
non-solar_3813,3813,non-solar,MAITLAND,2322,,False,test,True
non-solar_3814,3814,non-solar,MAITLAND,2322,,False,validation,True
non-solar_3815,3815,non-solar,MAITLAND,2322,,False,validation,True
non-solar_3816,3816,non-solar,MAITLAND,2322,,False,train,True
non-solar_3817,3817,non-solar,MAITLAND,2322,,False,test,True
non-solar_3818,3818,non-solar,MAITLAND,2322,,False,train,True
non-solar_3819,3819,non-solar,MAITLAND,2322,,False,test,True
non-solar_3820,3820,non-solar,MAITLAND,2322,,False,train,True
non-solar_3821,3821,non-solar,MAITLAND,2322,,False,train,True
non-solar_3822,3822,non-solar,MAITLAND,2322,,False,validation,True
non-solar_3823,3823,non-solar,MAITLAND,2322,,False,train,True
non-solar_3824,3824,non-solar,MAITLAND,2322,,False,train,True
non-solar_3825,3825,non-solar,MAITLAND,2322,,False,validation,True
non-solar_3826,3826,non-solar,MAITLAND,2322,,False,validation,True
non-solar_3827,3827,non-solar,MAITLAND,2322,,False,train,True
non-solar_3828,3828,non-solar,MAITLAND,2322,,False,train,True
non-solar_3829,3829,non-solar,MAITLAND,2322,,False,train,True
non-solar_3830,3830,non-solar,MAITLAND,2322,,False,train,True
non-solar_3831,3831,non-solar,MAITLAND,2322,,False,train,True
non-solar_3832,3832,non-solar,MAITLAND,2322,,False,train,True
non-solar_3833,3833,non-solar,MAITLAND,2322,,False,validation,True
non-solar_3834,3834,non-solar,MAITLAND,2324,,False,train,True
non-solar_3835,3835,non-solar,MAITLAND,2320,,False,validation,True
non-solar_3836,3836,non-solar,MAITLAND,2320,,False,train,True
non-solar_3837,3837,non-solar,MAITLAND,2320,,False,train,True
non-solar_3838,3838,non-solar,MAITLAND,2320,,False,train,True
non-solar_3839,3839,non-solar,MAITLAND,2320,,False,train,True
non-solar_3840,3840,non-solar,MAITLAND,2320,,False,test,True
non-solar_3841,3841,non-solar,MAITLAND,2320,,False,train,True
non-solar_3842,3842,non-solar,MAITLAND,2320,,False,train,True
non-solar_3843,3843,non-solar,MAITLAND,2320,,False,train,True
non-solar_3844,3844,non-solar,MAITLAND,2320,,False,test,True
non-solar_3845,3845,non-solar,MAITLAND,2320,,False,test,True
non-solar_3846,3846,non-solar,MAITLAND,2320,,False,train,True
non-solar_3847,3847,non-solar,MAITLAND,2320,,False,train,True
non-solar_3848,3848,non-solar,MAITLAND,2320,,False,train,True
non-solar_3849,3849,non-solar,MAITLAND,2320,,False,train,True
non-solar_3850,3850,non-solar,MAITLAND,2320,,False,validation,True
non-solar_3851,3851,non-solar,MAITLAND,2320,,False,train,True
non-solar_3852,3852,non-solar,MAITLAND,2320,,False,train,True
non-solar_3853,3853,non-solar,MAITLAND,2320,,False,train,True
non-solar_3854,3854,non-solar,MAITLAND,2320,,False,test,True
non-solar_3855,3855,non-solar,MAITLAND,2320,,False,train,True
non-solar_3856,3856,non-solar,MAITLAND,2320,,False,test,True
non-solar_3857,3857,non-solar,MAITLAND,2320,,False,test,True
non-solar_3858,3858,non-solar,MAITLAND,2320,,False,train,True
non-solar_3859,3859,non-solar,MAITLAND,2320,,False,train,True
non-solar_3860,3860,non-solar,MAITLAND,2320,,False,test,True
non-solar_3861,3861,non-solar,MAITLAND,2320,,False,train,True
non-solar_3862,3862,non-solar,MAITLAND,2320,,False,train,True
non-solar_3863,3863,non-solar,MAITLAND,2320,,False,validation,True
non-solar_3864,3864,non-solar,MAITLAND,2320,,False,train,True
non-solar_3865,3865,non-solar,MAITLAND,2320,,False,test,True
non-solar_3866,3866,non-solar,MAITLAND,2320,,False,train,True
non-solar_3867,3867,non-solar,MAITLAND,2320,,False,train,True
non-solar_3868,3868,non-solar,MAITLAND,2320,,False,train,True
non-solar_3869,3869,non-solar,MAITLAND,2320,,False,train,True
non-solar_3870,3870,non-solar,MAITLAND,2320,,False,train,True
non-solar_3871,3871,non-solar,MAITLAND,2320,,False,train,True
non-solar_3872,3872,non-solar,MAITLAND,2320,,False,train,True
non-solar_3873,3873,non-solar,MAITLAND,2320,,False,train,True
non-solar_3874,3874,non-solar,CESSNOCK,2321,,False,test,True
non-solar_3875,3875,non-solar,MAITLAND,2321,,False,train,True
non-solar_3876,3876,non-solar,MAITLAND,2321,,False,train,True
non-solar_3877,3877,non-solar,MAITLAND,2321,,False,train,True
non-solar_3878,3878,non-solar,MAITLAND,2321,,False,validation,True
non-solar_3879,3879,non-solar,MAITLAND,2321,,False,validation,True
non-solar_3880,3880,non-solar,MAITLAND,2321,,False,test,True
non-solar_3881,3881,non-solar,MAITLAND,2321,,False,train,True
non-solar_3882,3882,non-solar,MAITLAND,2321,,False,train,True
non-solar_3883,3883,non-solar,MAITLAND,2321,,False,train,True
non-solar_3884,3884,non-solar,MAITLAND,2321,,False,validation,True
non-solar_3885,3885,non-solar,MAITLAND,2321,,False,train,True
non-solar_3886,3886,non-solar,MAITLAND,2323,,False,train,True
non-solar_3887,3887,non-solar,MAITLAND,2323,,False,train,True
non-solar_3888,3888,non-solar,MAITLAND,2323,,False,validation,True
non-solar_3889,3889,non-solar,MAITLAND,2323,,False,train,True
non-solar_3890,3890,non-solar,MAITLAND,2323,,False,train,True
non-solar_3891,3891,non-solar,MAITLAND,2323,,False,train,True
non-solar_3892,3892,non-solar,MAITLAND,2323,,False,train,True
non-solar_3893,3893,non-solar,MAITLAND,2323,,False,train,True
non-solar_3894,3894,non-solar,MAITLAND,2323,,False,train,True
non-solar_3895,3895,non-solar,MAITLAND,2323,,False,train,True
non-solar_3896,3896,non-solar,MAITLAND,2323,,False,train,True
non-solar_3897,3897,non-solar,MAITLAND,2323,,False,train,True
non-solar_3898,3898,non-solar,MAITLAND,2323,,False,train,True
non-solar_3899,3899,non-solar,MAITLAND,2323,,False,train,True
non-solar_3900,3900,non-solar,MAITLAND,2323,,False,train,True
non-solar_3901,3901,non-solar,MAITLAND,2323,,False,train,True
non-solar_3902,3902,non-solar,MAITLAND,2323,,False,train,True
non-solar_3903,3903,non-solar,MAITLAND,2323,,False,train,True
non-solar_3904,3904,non-solar,MAITLAND,2323,,False,train,True
non-solar_3905,3905,non-solar,MAITLAND,2323,,False,train,True
non-solar_3906,3906,non-solar,MAITLAND,2323,,False,train,True
non-solar_3907,3907,non-solar,MAITLAND,2323,,False,train,True
non-solar_3908,3908,non-solar,MAITLAND,2323,,False,train,True
non-solar_3909,3909,non-solar,MAITLAND,2323,,False,train,True
non-solar_3910,3910,non-solar,MAITLAND,2323,,False,train,True
non-solar_3911,3911,non-solar,MAITLAND,2323,,False,train,True
non-solar_3912,3912,non-solar,MAITLAND,2323,,False,validation,True
non-solar_3913,3913,non-solar,MAITLAND,2323,,False,train,True
non-solar_3914,3914,non-solar,MAITLAND,2323,,False,test,True
non-solar_3915,3915,non-solar,MAITLAND,2323,,False,train,True
non-solar_3916,3916,non-solar,MAITLAND,2323,,False,train,True
non-solar_3917,3917,non-solar,MAITLAND,2323,,False,train,True
non-solar_3918,3918,non-solar,MAITLAND,2323,,False,test,True
non-solar_3919,3919,non-solar,MAITLAND,2323,,False,train,True
non-solar_3920,3920,non-solar,MAITLAND,2323,,False,train,True
non-solar_3921,3921,non-solar,MAITLAND,2323,,False,train,True
non-solar_3922,3922,non-solar,MAITLAND,2323,,False,test,True
non-solar_3923,3923,non-solar,MAITLAND,2323,,False,validation,True
non-solar_3924,3924,non-solar,MAITLAND,2323,,False,train,True
non-solar_3925,3925,non-solar,MAITLAND,2323,,False,train,True
non-solar_3926,3926,non-solar,MAITLAND,2323,,False,train,True
non-solar_3927,3927,non-solar,MAITLAND,2323,,False,train,True
non-solar_3928,3928,non-solar,MAITLAND,2323,,False,train,True
non-solar_3929,3929,non-solar,MAITLAND,2323,,False,validation,True
non-solar_3930,3930,non-solar,MAITLAND,2323,,False,test,True
non-solar_3931,3931,non-solar,MAITLAND,2323,,False,train,True
non-solar_3932,3932,non-solar,MAITLAND,2323,,False,train,True
non-solar_3933,3933,non-solar,MAITLAND,2323,,False,train,True
non-solar_3934,3934,non-solar,MAITLAND,2323,,False,train,True
non-solar_3935,3935,non-solar,CESSNOCK,2327,,False,train,True
non-solar_3936,3936,non-solar,CESSNOCK,2327,,False,train,True
non-solar_3937,3937,non-solar,CESSNOCK,2327,,False,train,True
non-solar_3938,3938,non-solar,CESSNOCK,2327,,False,train,True
non-solar_3939,3939,non-solar,CESSNOCK,2327,,False,train,True
non-solar_3940,3940,non-solar,CESSNOCK,2327,,False,train,True
non-solar_3941,3941,non-solar,CESSNOCK,2327,,False,train,True
non-solar_3942,3942,non-solar,CESSNOCK,2327,,False,validation,True
non-solar_3943,3943,non-solar,CESSNOCK,2327,,False,train,True
non-solar_3944,3944,non-solar,CESSNOCK,2327,,False,test,True
non-solar_3945,3945,non-solar,CESSNOCK,2327,,False,train,True
non-solar_3946,3946,non-solar,CESSNOCK,2327,,False,train,True
non-solar_3947,3947,non-solar,CESSNOCK,2321,,False,train,True
non-solar_3948,3948,non-solar,CESSNOCK,2321,,False,train,True
non-solar_3949,3949,non-solar,CESSNOCK,2321,,False,train,True
non-solar_3950,3950,non-solar,CESSNOCK,2321,,False,train,True
non-solar_3951,3951,non-solar,CESSNOCK,2321,,False,train,True
non-solar_3952,3952,non-solar,CESSNOCK,2321,,False,test,True
non-solar_3953,3953,non-solar,CESSNOCK,2321,,False,train,True
non-solar_3954,3954,non-solar,MAITLAND,2321,,False,validation,True
non-solar_3955,3955,non-solar,CESSNOCK,2334,,False,validation,True
non-solar_3956,3956,non-solar,CESSNOCK,2334,,False,train,True
non-solar_3957,3957,non-solar,CESSNOCK,2334,,False,validation,True
non-solar_3958,3958,non-solar,CESSNOCK,2334,,False,train,True
non-solar_3959,3959,non-solar,CESSNOCK,2334,,False,train,True
non-solar_3960,3960,non-solar,CESSNOCK,2334,,False,validation,True
non-solar_3961,3961,non-solar,CESSNOCK,2335,,False,test,True
non-solar_3962,3962,non-solar,CESSNOCK,2335,,False,train,True
non-solar_3963,3963,non-solar,CESSNOCK,2335,,False,train,True
non-solar_3964,3964,non-solar,CESSNOCK,2326,,False,train,True
non-solar_3965,3965,non-solar,CESSNOCK,2326,,False,train,True
non-solar_3966,3966,non-solar,CESSNOCK,2326,,False,train,True
non-solar_3967,3967,non-solar,CESSNOCK,2326,,False,validation,True
non-solar_3968,3968,non-solar,CESSNOCK,2326,,False,train,True
non-solar_3969,3969,non-solar,CESSNOCK,2326,,False,train,True
non-solar_3970,3970,non-solar,CESSNOCK,2326,,False,train,True
non-solar_3971,3971,non-solar,CESSNOCK,2326,,False,train,True
non-solar_3972,3972,non-solar,CESSNOCK,2326,,False,train,True
non-solar_3973,3973,non-solar,CESSNOCK,2326,,False,train,True
non-solar_3974,3974,non-solar,CESSNOCK,2326,,False,test,True
non-solar_3975,3975,non-solar,CESSNOCK,2326,,False,train,True
non-solar_3976,3976,non-solar,CESSNOCK,2326,,False,test,True
non-solar_3977,3977,non-solar,CESSNOCK,2325,,False,test,True
non-solar_3978,3978,non-solar,CESSNOCK,2325,,False,train,True
non-solar_3979,3979,non-solar,CESSNOCK,2325,,False,validation,True
non-solar_3980,3980,non-solar,CESSNOCK,2325,,False,train,True
non-solar_3981,3981,non-solar,CESSNOCK,2325,,False,test,True
non-solar_3982,3982,non-solar,CESSNOCK,2325,,False,train,True
non-solar_3983,3983,non-solar,CESSNOCK,2325,,False,train,True
non-solar_3984,3984,non-solar,CESSNOCK,2325,,False,train,True
non-solar_3985,3985,non-solar,CESSNOCK,2325,,False,train,True
non-solar_3986,3986,non-solar,CESSNOCK,2325,,False,train,True
non-solar_3987,3987,non-solar,CESSNOCK,2325,,False,train,True
non-solar_3988,3988,non-solar,CESSNOCK,2325,,False,test,True
non-solar_3989,3989,non-solar,CESSNOCK,2325,,False,train,True
non-solar_3990,3990,non-solar,CESSNOCK,2325,,False,train,True
non-solar_3991,3991,non-solar,CESSNOCK,2325,,False,train,True
non-solar_3992,3992,non-solar,CESSNOCK,2325,,False,train,True
non-solar_3993,3993,non-solar,CESSNOCK,2325,,False,validation,True
non-solar_3994,3994,non-solar,CESSNOCK,2325,,False,test,True
non-solar_3995,3995,non-solar,CESSNOCK,2325,,False,test,True
non-solar_3996,3996,non-solar,CESSNOCK,2325,,False,train,True
non-solar_3997,3997,non-solar,CESSNOCK,2325,,False,train,True
non-solar_3998,3998,non-solar,CESSNOCK,2325,,False,train,True
non-solar_3999,3999,non-solar,CESSNOCK,2325,,False,train,True
non-solar_4000,4000,non-solar,CESSNOCK,2325,,False,train,True
non-solar_4001,4001,non-solar,CESSNOCK,2325,,False,train,True
non-solar_4002,4002,non-solar,CESSNOCK,2325,,False,train,True
non-solar_4003,4003,non-solar,CESSNOCK,2325,,False,train,True
non-solar_4004,4004,non-solar,CESSNOCK,2325,,False,train,True
non-solar_4005,4005,non-solar,CESSNOCK,2325,,False,train,True
non-solar_4006,4006,non-solar,CESSNOCK,2250,,False,test,True
non-solar_4007,4007,non-solar,SINGLETON,2330,,False,train,True
non-solar_4008,4008,non-solar,SINGLETON,2330,,False,train,True
non-solar_4009,4009,non-solar,SINGLETON,2330,,False,test,True
non-solar_4010,4010,non-solar,SINGLETON,2330,,False,train,True
non-solar_4011,4011,non-solar,SINGLETON,2330,,False,train,True
non-solar_4012,4012,non-solar,SINGLETON,2330,,False,train,True
non-solar_4013,4013,non-solar,SINGLETON,2330,,False,train,True
non-solar_4014,4014,non-solar,SINGLETON,2330,,False,test,True
non-solar_4015,4015,non-solar,SINGLETON,2330,,False,test,True
non-solar_4016,4016,non-solar,SINGLETON,2330,,False,test,True
non-solar_4017,4017,non-solar,SINGLETON,2330,,False,train,True
non-solar_4018,4018,non-solar,SINGLETON,2330,,False,train,True
non-solar_4019,4019,non-solar,SINGLETON,2330,,False,validation,True
non-solar_4020,4020,non-solar,SINGLETON,2330,,False,test,True
non-solar_4021,4021,non-solar,SINGLETON,2330,,False,validation,True
non-solar_4022,4022,non-solar,SINGLETON,2330,,False,train,True
non-solar_4023,4023,non-solar,SINGLETON,2330,,False,train,True
non-solar_4024,4024,non-solar,SINGLETON,2330,,False,train,True
non-solar_4025,4025,non-solar,SINGLETON,2330,,False,validation,True
non-solar_4026,4026,non-solar,SINGLETON,2330,,False,train,True
non-solar_4027,4027,non-solar,SINGLETON,2330,,False,test,True
non-solar_4028,4028,non-solar,SINGLETON,2330,,False,validation,True
non-solar_4029,4029,non-solar,PORT STEPHENS,2324,,False,test,True
non-solar_4030,4030,non-solar,PORT STEPHENS,2324,,False,test,True
non-solar_4031,4031,non-solar,PORT STEPHENS,2324,,False,train,True
non-solar_4032,4032,non-solar,PORT STEPHENS,2324,,False,validation,True
non-solar_4033,4033,non-solar,PORT STEPHENS,2324,,False,train,True
non-solar_4034,4034,non-solar,PORT STEPHENS,2324,,False,validation,True
non-solar_4035,4035,non-solar,PORT STEPHENS,2324,,False,train,True
non-solar_4036,4036,non-solar,PORT STEPHENS,2324,,False,train,True
non-solar_4037,4037,non-solar,PORT STEPHENS,2324,,False,train,True
non-solar_4038,4038,non-solar,PORT STEPHENS,2324,,False,test,True
non-solar_4039,4039,non-solar,PORT STEPHENS,2324,,False,train,True
non-solar_4040,4040,non-solar,PORT STEPHENS,2324,,False,validation,True
non-solar_4041,4041,non-solar,PORT STEPHENS,2324,,False,train,True
non-solar_4042,4042,non-solar,PORT STEPHENS,2324,,False,train,True
non-solar_4043,4043,non-solar,PORT STEPHENS,2324,,False,train,True
non-solar_4044,4044,non-solar,PORT STEPHENS,2324,,False,test,True
non-solar_4045,4045,non-solar,PORT STEPHENS,2324,,False,train,True
non-solar_4046,4046,non-solar,PORT STEPHENS,2324,,False,train,True
non-solar_4047,4047,non-solar,PORT STEPHENS,2324,,False,train,True
non-solar_4048,4048,non-solar,PORT STEPHENS,2324,,False,train,True
non-solar_4049,4049,non-solar,PORT STEPHENS,2324,,False,train,True
non-solar_4050,4050,non-solar,PORT STEPHENS,2318,,False,train,True
non-solar_4051,4051,non-solar,PORT STEPHENS,2318,,False,train,True
non-solar_4052,4052,non-solar,PORT STEPHENS,2318,,False,validation,True
non-solar_4053,4053,non-solar,PORT STEPHENS,2318,,False,train,True
non-solar_4054,4054,non-solar,PORT STEPHENS,2318,,False,validation,True
non-solar_4055,4055,non-solar,PORT STEPHENS,2318,,False,validation,True
non-solar_4056,4056,non-solar,PORT STEPHENS,2318,,False,train,True
non-solar_4057,4057,non-solar,PORT STEPHENS,2318,,False,train,True
non-solar_4058,4058,non-solar,PORT STEPHENS,2318,,False,train,True
non-solar_4059,4059,non-solar,PORT STEPHENS,2318,,False,train,True
non-solar_4060,4060,non-solar,PORT STEPHENS,2318,,False,train,True
non-solar_4061,4061,non-solar,PORT STEPHENS,2318,,False,validation,True
non-solar_4062,4062,non-solar,PORT STEPHENS,2318,,False,train,True
non-solar_4063,4063,non-solar,PORT STEPHENS,2318,,False,train,True
non-solar_4064,4064,non-solar,PORT STEPHENS,2318,,False,train,True
non-solar_4065,4065,non-solar,PORT STEPHENS,2316,,False,test,True
non-solar_4066,4066,non-solar,PORT STEPHENS,2316,,False,train,True
non-solar_4067,4067,non-solar,PORT STEPHENS,2316,,False,test,True
non-solar_4068,4068,non-solar,PORT STEPHENS,2316,,False,validation,True
non-solar_4069,4069,non-solar,PORT STEPHENS,2316,,False,validation,True
non-solar_4070,4070,non-solar,PORT STEPHENS,2316,,False,validation,True
non-solar_4071,4071,non-solar,PORT STEPHENS,2316,,False,validation,True
non-solar_4072,4072,non-solar,PORT STEPHENS,2317,,False,train,True
non-solar_4073,4073,non-solar,PORT STEPHENS,2317,,False,train,True
non-solar_4074,4074,non-solar,PORT STEPHENS,2317,,False,train,True
non-solar_4075,4075,non-solar,PORT STEPHENS,2317,,False,validation,True
non-solar_4076,4076,non-solar,PORT STEPHENS,2317,,False,test,True
non-solar_4077,4077,non-solar,PORT STEPHENS,2317,,False,train,True
non-solar_4078,4078,non-solar,PORT STEPHENS,2317,,False,train,True
non-solar_4079,4079,non-solar,PORT STEPHENS,2317,,False,validation,True
non-solar_4080,4080,non-solar,PORT STEPHENS,2317,,False,train,True
non-solar_4081,4081,non-solar,PORT STEPHENS,2317,,False,validation,True
non-solar_4082,4082,non-solar,PORT STEPHENS,2317,,False,validation,True
non-solar_4083,4083,non-solar,PORT STEPHENS,2319,,False,validation,True
non-solar_4084,4084,non-solar,PORT STEPHENS,2319,,False,train,True
non-solar_4085,4085,non-solar,PORT STEPHENS,2319,,False,train,True
non-solar_4086,4086,non-solar,PORT STEPHENS,2319,,False,validation,True
non-solar_4087,4087,non-solar,PORT STEPHENS,2319,,False,train,True
non-solar_4088,4088,non-solar,PORT STEPHENS,2319,,False,train,True
non-solar_4089,4089,non-solar,PORT STEPHENS,2319,,False,validation,True
non-solar_4090,4090,non-solar,PORT STEPHENS,2319,,False,train,True
non-solar_4091,4091,non-solar,PORT STEPHENS,2319,,False,validation,True
non-solar_4092,4092,non-solar,PORT STEPHENS,2319,,False,train,True
non-solar_4093,4093,non-solar,PORT STEPHENS,2319,,False,train,True
non-solar_4094,4094,non-solar,PORT STEPHENS,2319,,False,validation,True
non-solar_4095,4095,non-solar,PORT STEPHENS,2319,,False,train,True
non-solar_4096,4096,non-solar,PORT STEPHENS,2319,,False,train,True
non-solar_4097,4097,non-solar,PORT STEPHENS,2319,,False,validation,True
non-solar_4098,4098,non-solar,PORT STEPHENS,2319,,False,train,True
non-solar_4099,4099,non-solar,PORT STEPHENS,2319,,False,test,True
non-solar_4100,4100,non-solar,PORT STEPHENS,2319,,False,train,True
non-solar_4101,4101,non-solar,PORT STEPHENS,2319,,False,train,True
non-solar_4102,4102,non-solar,PORT STEPHENS,2319,,False,test,True
non-solar_4103,4103,non-solar,PORT STEPHENS,2319,,False,train,True
non-solar_4104,4104,non-solar,PORT STEPHENS,2315,,False,train,True
non-solar_4105,4105,non-solar,PORT STEPHENS,2315,,False,test,True
non-solar_4106,4106,non-solar,PORT STEPHENS,2315,,False,test,True
non-solar_4107,4107,non-solar,PORT STEPHENS,2315,,False,test,True
non-solar_4108,4108,non-solar,PORT STEPHENS,2315,,False,validation,True
non-solar_4109,4109,non-solar,PORT STEPHENS,2315,,False,train,True
non-solar_4110,4110,non-solar,PORT STEPHENS,2315,,False,test,True
non-solar_4111,4111,non-solar,PORT STEPHENS,2315,,False,validation,True
non-solar_4112,4112,non-solar,PORT STEPHENS,2315,,False,train,True
non-solar_4113,4113,non-solar,PORT STEPHENS,2315,,False,validation,True
non-solar_4114,4114,non-solar,PORT STEPHENS,2315,,False,validation,True
non-solar_4115,4115,non-solar,PORT STEPHENS,2315,,False,train,True
non-solar_4116,4116,non-solar,PORT STEPHENS,2315,,False,train,True
non-solar_4117,4117,non-solar,PORT STEPHENS,2315,,False,train,True
non-solar_4118,4118,non-solar,PORT STEPHENS,2315,,False,test,True
non-solar_4119,4119,non-solar,PORT STEPHENS,2315,,False,train,True
non-solar_4120,4120,non-solar,PORT STEPHENS,2315,,False,train,True
non-solar_4121,4121,non-solar,PORT STEPHENS,2315,,False,train,True
non-solar_4122,4122,non-solar,PORT STEPHENS,2315,,False,train,True
non-solar_4123,4123,non-solar,PORT STEPHENS,2315,,False,train,True
non-solar_4124,4124,non-solar,PORT STEPHENS,2315,,False,train,True
non-solar_4125,4125,non-solar,PORT STEPHENS,2315,,False,train,True
non-solar_4126,4126,non-solar,PORT STEPHENS,2315,,False,train,True
non-solar_4127,4127,non-solar,PORT STEPHENS,2315,,False,train,True
non-solar_4128,4128,non-solar,PORT STEPHENS,2315,,False,train,True
non-solar_4129,4129,non-solar,PORT STEPHENS,2315,,False,test,True
non-solar_4130,4130,non-solar,PORT STEPHENS,2315,,False,train,True
non-solar_4131,4131,non-solar,PORT STEPHENS,2315,,False,train,True
non-solar_4132,4132,non-solar,PORT STEPHENS,2315,,False,train,True
non-solar_4133,4133,non-solar,PORT STEPHENS,2315,,False,train,True
non-solar_4134,4134,non-solar,PORT STEPHENS,2315,,False,train,True
non-solar_4135,4135,non-solar,PORT STEPHENS,2315,,False,validation,True
non-solar_4136,4136,non-solar,PORT STEPHENS,2315,,False,validation,True
non-solar_4137,4137,non-solar,PORT STEPHENS,2315,,False,validation,True
non-solar_4138,4138,non-solar,PORT STEPHENS,2315,,False,test,True
non-solar_4139,4139,non-solar,PORT STEPHENS,2315,,False,train,True
non-solar_4140,4140,non-solar,MUSWELLBROOK,2328,,False,test,True
non-solar_4141,4141,non-solar,UPPER HUNTER,2336,,False,train,True
non-solar_4142,4142,non-solar,UPPER HUNTER,2336,,False,test,True
non-solar_4143,4143,non-solar,UPPER HUNTER,2336,,False,validation,True
non-solar_4144,4144,non-solar,UPPER HUNTER,2337,,False,validation,True
non-solar_4145,4145,non-solar,MUSWELLBROOK,2333,,False,train,True
non-solar_4146,4146,non-solar,MUSWELLBROOK,2333,,False,test,True
non-solar_4147,4147,non-solar,MUSWELLBROOK,2333,,False,test,True
non-solar_4148,4148,non-solar,MUSWELLBROOK,2333,,False,train,True
non-solar_4149,4149,non-solar,MUSWELLBROOK,2333,,False,test,True
non-solar_4150,4150,non-solar,MUSWELLBROOK,2333,,False,train,True
non-solar_4151,4151,non-solar,UPPER HUNTER,2337,,False,train,True
non-solar_4152,4152,non-solar,UPPER HUNTER,2337,,False,test,True
non-solar_4153,4153,non-solar,UPPER HUNTER,2337,,False,train,True
non-solar_4154,4154,non-solar,UPPER HUNTER,2337,,False,test,True
non-solar_4155,4155,non-solar,UPPER HUNTER,2337,,False,train,True
non-solar_4156,4156,non-solar,UPPER HUNTER,2337,,False,train,True
non-solar_4157,4157,non-solar,UPPER HUNTER,2337,,False,train,True
non-solar_4158,4158,non-solar,UPPER HUNTER,2337,,False,test,True
non-solar_4159,4159,non-solar,UPPER HUNTER,2337,,False,train,True
non-solar_4160,4160,non-solar,UPPER HUNTER,2337,,False,train,True
non-solar_4161,4161,non-solar,UPPER HUNTER,2337,,False,train,True
non-solar_4162,4162,non-solar,UPPER HUNTER,2337,,False,train,True
non-solar_4163,4163,non-solar,UPPER HUNTER,2337,,False,validation,True
non-solar_4164,4164,non-solar,UPPER HUNTER,2329,,False,validation,True
non-solar_4165,4165,non-solar,UPPER HUNTER,2329,,False,train,True
non-solar_4166,4166,non-solar,GOSFORD,2250,,False,train,True
non-solar_4167,4167,non-solar,GOSFORD,2250,,False,train,True
non-solar_4168,4168,non-solar,GOSFORD,2250,,False,validation,True
non-solar_4169,4169,non-solar,GOSFORD,2250,,False,validation,True
non-solar_4170,4170,non-solar,GOSFORD,2250,,False,test,True
non-solar_4171,4171,non-solar,GOSFORD,2250,,False,train,True
non-solar_4172,4172,non-solar,GOSFORD,2250,,False,test,True
non-solar_4173,4173,non-solar,GOSFORD,2250,,False,train,True
non-solar_4174,4174,non-solar,GOSFORD,2250,,False,train,True
non-solar_4175,4175,non-solar,GOSFORD,2250,,False,train,True
non-solar_4176,4176,non-solar,GOSFORD,2250,,False,train,True
non-solar_4177,4177,non-solar,GOSFORD,2250,,False,train,True
non-solar_4178,4178,non-solar,GOSFORD,2250,,False,validation,True
non-solar_4179,4179,non-solar,GOSFORD,2250,,False,train,True
non-solar_4180,4180,non-solar,GOSFORD,2250,,False,train,True
non-solar_4181,4181,non-solar,GOSFORD,2250,,False,train,True
non-solar_4182,4182,non-solar,GOSFORD,2250,,False,validation,True
non-solar_4183,4183,non-solar,GOSFORD,2250,,False,train,True
non-solar_4184,4184,non-solar,GOSFORD,2250,,False,train,True
non-solar_4185,4185,non-solar,GOSFORD,2250,,False,test,True
non-solar_4186,4186,non-solar,GOSFORD,2250,,False,train,True
non-solar_4187,4187,non-solar,GOSFORD,2250,,False,train,True
non-solar_4188,4188,non-solar,GOSFORD,2250,,False,train,True
non-solar_4189,4189,non-solar,GOSFORD,2250,,False,validation,True
non-solar_4190,4190,non-solar,GOSFORD,2250,,False,train,True
non-solar_4191,4191,non-solar,GOSFORD,2250,,False,train,True
non-solar_4192,4192,non-solar,GOSFORD,2250,,False,validation,True
non-solar_4193,4193,non-solar,GOSFORD,2250,,False,validation,True
non-solar_4194,4194,non-solar,GOSFORD,2250,,False,test,True
non-solar_4195,4195,non-solar,GOSFORD,2250,,False,train,True
non-solar_4196,4196,non-solar,GOSFORD,2250,,False,train,True
non-solar_4197,4197,non-solar,GOSFORD,2250,,False,validation,True
non-solar_4198,4198,non-solar,GOSFORD,2250,,False,train,True
non-solar_4199,4199,non-solar,GOSFORD,2250,,False,train,True
non-solar_4200,4200,non-solar,GOSFORD,2250,,False,validation,True
non-solar_4201,4201,non-solar,GOSFORD,2250,,False,train,True
non-solar_4202,4202,non-solar,GOSFORD,2250,,False,train,True
non-solar_4203,4203,non-solar,GOSFORD,2250,,False,train,True
non-solar_4204,4204,non-solar,GOSFORD,2250,,False,train,True
non-solar_4205,4205,non-solar,GOSFORD,2250,,False,test,True
non-solar_4206,4206,non-solar,GOSFORD,2250,,False,test,True
non-solar_4207,4207,non-solar,GOSFORD,2250,,False,validation,True
non-solar_4208,4208,non-solar,GOSFORD,2250,,False,train,True
non-solar_4209,4209,non-solar,GOSFORD,2250,,False,train,True
non-solar_4210,4210,non-solar,GOSFORD,2250,,False,validation,True
non-solar_4211,4211,non-solar,GOSFORD,2250,,False,train,True
non-solar_4212,4212,non-solar,GOSFORD,2256,,False,train,True
non-solar_4213,4213,non-solar,GOSFORD,2256,,False,train,True
non-solar_4214,4214,non-solar,GOSFORD,2256,,False,train,True
non-solar_4215,4215,non-solar,GOSFORD,2256,,False,train,True
non-solar_4216,4216,non-solar,GOSFORD,2256,,False,validation,True
non-solar_4217,4217,non-solar,GOSFORD,2256,,False,train,True
non-solar_4218,4218,non-solar,GOSFORD,2256,,False,train,True
non-solar_4219,4219,non-solar,GOSFORD,2250,,False,train,True
non-solar_4220,4220,non-solar,GOSFORD,2250,,False,validation,True
non-solar_4221,4221,non-solar,GOSFORD,2256,,False,train,True
non-solar_4222,4222,non-solar,GOSFORD,2256,,False,validation,True
non-solar_4223,4223,non-solar,GOSFORD,2256,,False,train,True
non-solar_4224,4224,non-solar,GOSFORD,2256,,False,train,True
non-solar_4225,4225,non-solar,GOSFORD,2256,,False,validation,True
non-solar_4226,4226,non-solar,GOSFORD,2256,,False,train,True
non-solar_4227,4227,non-solar,GOSFORD,2256,,False,train,True
non-solar_4228,4228,non-solar,GOSFORD,2256,,False,train,True
non-solar_4229,4229,non-solar,GOSFORD,2257,,False,train,True
non-solar_4230,4230,non-solar,GOSFORD,2257,,False,train,True
non-solar_4231,4231,non-solar,GOSFORD,2257,,False,train,True
non-solar_4232,4232,non-solar,GOSFORD,2257,,False,validation,True
non-solar_4233,4233,non-solar,GOSFORD,2257,,False,train,True
non-solar_4234,4234,non-solar,GOSFORD,2257,,False,train,True
non-solar_4235,4235,non-solar,GOSFORD,2257,,False,test,True
non-solar_4236,4236,non-solar,GOSFORD,2257,,False,train,True
non-solar_4237,4237,non-solar,GOSFORD,2257,,False,train,True
non-solar_4238,4238,non-solar,GOSFORD,2257,,False,train,True
non-solar_4239,4239,non-solar,GOSFORD,2257,,False,test,True
non-solar_4240,4240,non-solar,GOSFORD,2257,,False,train,True
non-solar_4241,4241,non-solar,GOSFORD,2257,,False,train,True
non-solar_4242,4242,non-solar,GOSFORD,2257,,False,train,True
non-solar_4243,4243,non-solar,GOSFORD,2257,,False,train,True
non-solar_4244,4244,non-solar,GOSFORD,2257,,False,test,True
non-solar_4245,4245,non-solar,GOSFORD,2257,,False,train,True
non-solar_4246,4246,non-solar,GOSFORD,2257,,False,train,True
non-solar_4247,4247,non-solar,GOSFORD,2257,,False,train,True
non-solar_4248,4248,non-solar,GOSFORD,2257,,False,train,True
non-solar_4249,4249,non-solar,GOSFORD,2257,,False,validation,True
non-solar_4250,4250,non-solar,GOSFORD,2257,,False,train,True
non-solar_4251,4251,non-solar,GOSFORD,2257,,False,train,True
non-solar_4252,4252,non-solar,GOSFORD,2257,,False,train,True
non-solar_4253,4253,non-solar,GOSFORD,2257,,False,validation,True
non-solar_4254,4254,non-solar,GOSFORD,2257,,False,test,True
non-solar_4255,4255,non-solar,GOSFORD,2257,,False,train,True
non-solar_4256,4256,non-solar,GOSFORD,2256,,False,train,True
non-solar_4257,4257,non-solar,GOSFORD,2257,,False,train,True
non-solar_4258,4258,non-solar,GOSFORD,2257,,False,train,True
non-solar_4259,4259,non-solar,GOSFORD,2257,,False,train,True
non-solar_4260,4260,non-solar,GOSFORD,2257,,False,train,True
non-solar_4261,4261,non-solar,GOSFORD,2257,,False,train,True
non-solar_4262,4262,non-solar,GOSFORD,2257,,False,train,True
non-solar_4263,4263,non-solar,GOSFORD,2257,,False,train,True
non-solar_4264,4264,non-solar,GOSFORD,2257,,False,train,True
non-solar_4265,4265,non-solar,GOSFORD,2257,,False,train,True
non-solar_4266,4266,non-solar,GOSFORD,2257,,False,validation,True
non-solar_4267,4267,non-solar,GOSFORD,2257,,False,validation,True
non-solar_4268,4268,non-solar,GOSFORD,2257,,False,validation,True
non-solar_4269,4269,non-solar,GOSFORD,2257,,False,test,True
non-solar_4270,4270,non-solar,GOSFORD,2257,,False,train,True
non-solar_4271,4271,non-solar,GOSFORD,2257,,False,train,True
non-solar_4272,4272,non-solar,GOSFORD,2257,,False,train,True
non-solar_4273,4273,non-solar,GOSFORD,2250,,False,test,True
non-solar_4274,4274,non-solar,GOSFORD,2250,,False,train,True
non-solar_4275,4275,non-solar,GOSFORD,2250,,False,train,True
non-solar_4276,4276,non-solar,GOSFORD,2250,,False,validation,True
non-solar_4277,4277,non-solar,GOSFORD,2250,,False,train,True
non-solar_4278,4278,non-solar,GOSFORD,2250,,False,train,True
non-solar_4279,4279,non-solar,GOSFORD,2250,,False,validation,True
non-solar_4280,4280,non-solar,GOSFORD,2250,,False,validation,True
non-solar_4281,4281,non-solar,GOSFORD,2250,,False,test,True
non-solar_4282,4282,non-solar,GOSFORD,2250,,False,train,True
non-solar_4283,4283,non-solar,GOSFORD,2250,,False,train,True
non-solar_4284,4284,non-solar,GOSFORD,2250,,False,train,True
non-solar_4285,4285,non-solar,GOSFORD,2250,,False,train,True
non-solar_4286,4286,non-solar,GOSFORD,2250,,False,test,True
non-solar_4287,4287,non-solar,GOSFORD,2250,,False,train,True
non-solar_4288,4288,non-solar,GOSFORD,2250,,False,train,True
non-solar_4289,4289,non-solar,GOSFORD,2250,,False,train,True
non-solar_4290,4290,non-solar,GOSFORD,2250,,False,train,True
non-solar_4291,4291,non-solar,GOSFORD,2250,,False,validation,True
non-solar_4292,4292,non-solar,GOSFORD,2250,,False,train,True
non-solar_4293,4293,non-solar,GOSFORD,2250,,False,train,True
non-solar_4294,4294,non-solar,GOSFORD,2250,,False,train,True
non-solar_4295,4295,non-solar,GOSFORD,2250,,False,train,True
non-solar_4296,4296,non-solar,GOSFORD,2250,,False,train,True
non-solar_4297,4297,non-solar,GOSFORD,2250,,False,train,True
non-solar_4298,4298,non-solar,GOSFORD,2250,,False,train,True
non-solar_4299,4299,non-solar,GOSFORD,2250,,False,test,True
non-solar_4300,4300,non-solar,GOSFORD,2250,,False,train,True
non-solar_4301,4301,non-solar,GOSFORD,2250,,False,test,True
non-solar_4302,4302,non-solar,GOSFORD,2250,,False,train,True
non-solar_4303,4303,non-solar,GOSFORD,2250,,False,train,True
non-solar_4304,4304,non-solar,GOSFORD,2250,,False,train,True
non-solar_4305,4305,non-solar,GOSFORD,2250,,False,test,True
non-solar_4306,4306,non-solar,GOSFORD,2250,,False,train,True
non-solar_4307,4307,non-solar,GOSFORD,2250,,False,validation,True
non-solar_4308,4308,non-solar,GOSFORD,2250,,False,train,True
non-solar_4309,4309,non-solar,GOSFORD,2250,,False,train,True
non-solar_4310,4310,non-solar,GOSFORD,2250,,False,test,True
non-solar_4311,4311,non-solar,GOSFORD,2250,,False,train,True
non-solar_4312,4312,non-solar,GOSFORD,2250,,False,train,True
non-solar_4313,4313,non-solar,GOSFORD,2250,,False,train,True
non-solar_4314,4314,non-solar,GOSFORD,2250,,False,test,True
non-solar_4315,4315,non-solar,GOSFORD,2250,,False,train,True
non-solar_4316,4316,non-solar,GOSFORD,2250,,False,train,True
non-solar_4317,4317,non-solar,GOSFORD,2250,,False,validation,True
non-solar_4318,4318,non-solar,GOSFORD,2250,,False,train,True
non-solar_4319,4319,non-solar,GOSFORD,2250,,False,validation,True
non-solar_4320,4320,non-solar,GOSFORD,2250,,False,train,True
non-solar_4321,4321,non-solar,GOSFORD,2250,,False,train,True
non-solar_4322,4322,non-solar,GOSFORD,2250,,False,train,True
non-solar_4323,4323,non-solar,GOSFORD,2250,,False,train,True
non-solar_4324,4324,non-solar,GOSFORD,2250,,False,validation,True
non-solar_4325,4325,non-solar,GOSFORD,2250,,False,validation,True
non-solar_4326,4326,non-solar,GOSFORD,2250,,False,validation,True
non-solar_4327,4327,non-solar,GOSFORD,2250,,False,validation,True
non-solar_4328,4328,non-solar,GOSFORD,2250,,False,train,True
non-solar_4329,4329,non-solar,GOSFORD,2250,,False,train,True
non-solar_4330,4330,non-solar,GOSFORD,2250,,False,test,True
non-solar_4331,4331,non-solar,GOSFORD,2250,,False,test,True
non-solar_4332,4332,non-solar,GOSFORD,2250,,False,test,True
non-solar_4333,4333,non-solar,GOSFORD,2250,,False,train,True
non-solar_4334,4334,non-solar,GOSFORD,2250,,False,train,True
non-solar_4335,4335,non-solar,GOSFORD,2250,,False,train,True
non-solar_4336,4336,non-solar,GOSFORD,2250,,False,validation,True
non-solar_4337,4337,non-solar,GOSFORD,2250,,False,train,True
non-solar_4338,4338,non-solar,GOSFORD,2250,,False,train,True
non-solar_4339,4339,non-solar,GOSFORD,2250,,False,validation,True
non-solar_4340,4340,non-solar,GOSFORD,2250,,False,validation,True
non-solar_4341,4341,non-solar,GOSFORD,2250,,False,train,True
non-solar_4342,4342,non-solar,GOSFORD,2250,,False,train,True
non-solar_4343,4343,non-solar,GOSFORD,2250,,False,train,True
non-solar_4344,4344,non-solar,GOSFORD,2250,,False,test,True
non-solar_4345,4345,non-solar,GOSFORD,2250,,False,train,True
non-solar_4346,4346,non-solar,GOSFORD,2250,,False,validation,True
non-solar_4347,4347,non-solar,GOSFORD,2250,,False,test,True
non-solar_4348,4348,non-solar,GOSFORD,2250,,False,train,True
non-solar_4349,4349,non-solar,GOSFORD,2250,,False,train,True
non-solar_4350,4350,non-solar,GOSFORD,2250,,False,train,True
non-solar_4351,4351,non-solar,GOSFORD,2250,,False,train,True
non-solar_4352,4352,non-solar,GOSFORD,2250,,False,test,True
non-solar_4353,4353,non-solar,GOSFORD,2250,,False,validation,True
non-solar_4354,4354,non-solar,GOSFORD,2250,,False,train,True
non-solar_4355,4355,non-solar,GOSFORD,2250,,False,train,True
non-solar_4356,4356,non-solar,GOSFORD,2250,,False,train,True
non-solar_4357,4357,non-solar,GOSFORD,2250,,False,train,True
non-solar_4358,4358,non-solar,WYONG,2261,,False,test,True
non-solar_4359,4359,non-solar,GOSFORD,2260,,False,validation,True
non-solar_4360,4360,non-solar,WYONG,2261,,False,train,True
non-solar_4361,4361,non-solar,WYONG,2261,,False,train,True
non-solar_4362,4362,non-solar,GOSFORD,2260,,False,train,True
non-solar_4363,4363,non-solar,GOSFORD,2260,,False,train,True
non-solar_4364,4364,non-solar,GOSFORD,2260,,False,train,True
non-solar_4365,4365,non-solar,GOSFORD,2260,,False,test,True
non-solar_4366,4366,non-solar,GOSFORD,2260,,False,validation,True
non-solar_4367,4367,non-solar,GOSFORD,2260,,False,train,True
non-solar_4368,4368,non-solar,GOSFORD,2260,,False,train,True
non-solar_4369,4369,non-solar,GOSFORD,2260,,False,test,True
non-solar_4370,4370,non-solar,GOSFORD,2260,,False,train,True
non-solar_4371,4371,non-solar,GOSFORD,2260,,False,train,True
non-solar_4372,4372,non-solar,GOSFORD,2260,,False,train,True
non-solar_4373,4373,non-solar,GOSFORD,2260,,False,train,True
non-solar_4374,4374,non-solar,GOSFORD,2260,,False,validation,True
non-solar_4375,4375,non-solar,GOSFORD,2260,,False,train,True
non-solar_4376,4376,non-solar,GOSFORD,2260,,False,train,True
non-solar_4377,4377,non-solar,GOSFORD,2260,,False,train,True
non-solar_4378,4378,non-solar,GOSFORD,2260,,False,train,True
non-solar_4379,4379,non-solar,GOSFORD,2260,,False,train,True
non-solar_4380,4380,non-solar,GOSFORD,2260,,False,test,True
non-solar_4381,4381,non-solar,GOSFORD,2260,,False,train,True
non-solar_4382,4382,non-solar,GOSFORD,2260,,False,test,True
non-solar_4383,4383,non-solar,GOSFORD,2260,,False,train,True
non-solar_4384,4384,non-solar,GOSFORD,2260,,False,train,True
non-solar_4385,4385,non-solar,GOSFORD,2260,,False,validation,True
non-solar_4386,4386,non-solar,GOSFORD,2260,,False,train,True
non-solar_4387,4387,non-solar,GOSFORD,2260,,False,train,True
non-solar_4388,4388,non-solar,GOSFORD,2260,,False,train,True
non-solar_4389,4389,non-solar,GOSFORD,2260,,False,validation,True
non-solar_4390,4390,non-solar,GOSFORD,2260,,False,train,True
non-solar_4391,4391,non-solar,GOSFORD,2260,,False,train,True
non-solar_4392,4392,non-solar,GOSFORD,2260,,False,train,True
non-solar_4393,4393,non-solar,GOSFORD,2260,,False,validation,True
non-solar_4394,4394,non-solar,GOSFORD,2260,,False,train,True
non-solar_4395,4395,non-solar,GOSFORD,2260,,False,train,True
non-solar_4396,4396,non-solar,GOSFORD,2260,,False,test,True
non-solar_4397,4397,non-solar,GOSFORD,2260,,False,train,True
non-solar_4398,4398,non-solar,GOSFORD,2260,,False,validation,True
non-solar_4399,4399,non-solar,GOSFORD,2260,,False,train,True
non-solar_4400,4400,non-solar,GOSFORD,2260,,False,train,True
non-solar_4401,4401,non-solar,GOSFORD,2260,,False,train,True
non-solar_4402,4402,non-solar,GOSFORD,2260,,False,train,True
non-solar_4403,4403,non-solar,GOSFORD,2260,,False,train,True
non-solar_4404,4404,non-solar,GOSFORD,2260,,False,validation,True
non-solar_4405,4405,non-solar,GOSFORD,2260,,False,test,True
non-solar_4406,4406,non-solar,GOSFORD,2260,,False,test,True
non-solar_4407,4407,non-solar,GOSFORD,2260,,False,train,True
non-solar_4408,4408,non-solar,GOSFORD,2260,,False,test,True
non-solar_4409,4409,non-solar,GOSFORD,2260,,False,train,True
non-solar_4410,4410,non-solar,GOSFORD,2260,,False,train,True
non-solar_4411,4411,non-solar,GOSFORD,2260,,False,train,True
non-solar_4412,4412,non-solar,GOSFORD,2260,,False,train,True
non-solar_4413,4413,non-solar,GOSFORD,2260,,False,train,True
non-solar_4414,4414,non-solar,GOSFORD,2260,,False,train,True
non-solar_4415,4415,non-solar,GOSFORD,2260,,False,validation,True
non-solar_4416,4416,non-solar,GOSFORD,2251,,False,train,True
non-solar_4417,4417,non-solar,GOSFORD,2251,,False,train,True
non-solar_4418,4418,non-solar,GOSFORD,2251,,False,validation,True
non-solar_4419,4419,non-solar,GOSFORD,2251,,False,train,True
non-solar_4420,4420,non-solar,GOSFORD,2251,,False,validation,True
non-solar_4421,4421,non-solar,GOSFORD,2251,,False,train,True
non-solar_4422,4422,non-solar,GOSFORD,2251,,False,train,True
non-solar_4423,4423,non-solar,GOSFORD,2251,,False,validation,True
non-solar_4424,4424,non-solar,GOSFORD,2251,,False,test,True
non-solar_4425,4425,non-solar,GOSFORD,2251,,False,train,True
non-solar_4426,4426,non-solar,GOSFORD,2251,,False,train,True
non-solar_4427,4427,non-solar,GOSFORD,2251,,False,train,True
non-solar_4428,4428,non-solar,GOSFORD,2251,,False,train,True
non-solar_4429,4429,non-solar,GOSFORD,2251,,False,train,True
non-solar_4430,4430,non-solar,GOSFORD,2251,,False,train,True
non-solar_4431,4431,non-solar,GOSFORD,2251,,False,train,True
non-solar_4432,4432,non-solar,GOSFORD,2251,,False,train,True
non-solar_4433,4433,non-solar,GOSFORD,2251,,False,validation,True
non-solar_4434,4434,non-solar,GOSFORD,2251,,False,train,True
non-solar_4435,4435,non-solar,GOSFORD,2251,,False,train,True
non-solar_4436,4436,non-solar,GOSFORD,2251,,False,train,True
non-solar_4437,4437,non-solar,GOSFORD,2251,,False,train,True
non-solar_4438,4438,non-solar,GOSFORD,2251,,False,train,True
non-solar_4439,4439,non-solar,GOSFORD,2251,,False,train,True
non-solar_4440,4440,non-solar,GOSFORD,2251,,False,train,True
non-solar_4441,4441,non-solar,GOSFORD,2251,,False,train,True
non-solar_4442,4442,non-solar,GOSFORD,2251,,False,train,True
non-solar_4443,4443,non-solar,GOSFORD,2251,,False,test,True
non-solar_4444,4444,non-solar,GOSFORD,2251,,False,test,True
non-solar_4445,4445,non-solar,GOSFORD,2251,,False,test,True
non-solar_4446,4446,non-solar,GOSFORD,2251,,False,train,True
non-solar_4447,4447,non-solar,GOSFORD,2251,,False,test,True
non-solar_4448,4448,non-solar,GOSFORD,2251,,False,train,True
non-solar_4449,4449,non-solar,GOSFORD,2251,,False,train,True
non-solar_4450,4450,non-solar,GOSFORD,2251,,False,train,True
non-solar_4451,4451,non-solar,GOSFORD,2251,,False,train,True
non-solar_4452,4452,non-solar,GOSFORD,2251,,False,train,True
non-solar_4453,4453,non-solar,GOSFORD,2251,,False,train,True
non-solar_4454,4454,non-solar,GOSFORD,2251,,False,validation,True
non-solar_4455,4455,non-solar,GOSFORD,2251,,False,test,True
non-solar_4456,4456,non-solar,GOSFORD,2251,,False,train,True
non-solar_4457,4457,non-solar,GOSFORD,2251,,False,train,True
non-solar_4458,4458,non-solar,GOSFORD,2251,,False,test,True
non-solar_4459,4459,non-solar,GOSFORD,2251,,False,train,True
non-solar_4460,4460,non-solar,GOSFORD,2251,,False,train,True
non-solar_4461,4461,non-solar,GOSFORD,2251,,False,train,True
non-solar_4462,4462,non-solar,GOSFORD,2251,,False,train,True
non-solar_4463,4463,non-solar,GOSFORD,2251,,False,validation,True
non-solar_4464,4464,non-solar,GOSFORD,2251,,False,train,True
non-solar_4465,4465,non-solar,GOSFORD,2251,,False,train,True
non-solar_4466,4466,non-solar,GOSFORD,2251,,False,validation,True
non-solar_4467,4467,non-solar,GOSFORD,2251,,False,train,True
non-solar_4468,4468,non-solar,GOSFORD,2251,,False,train,True
non-solar_4469,4469,non-solar,GOSFORD,2251,,False,train,True
non-solar_4470,4470,non-solar,GOSFORD,2251,,False,test,True
non-solar_4471,4471,non-solar,GOSFORD,2251,,False,train,True
non-solar_4472,4472,non-solar,GOSFORD,2251,,False,train,True
non-solar_4473,4473,non-solar,GOSFORD,2251,,False,validation,True
non-solar_4474,4474,non-solar,GOSFORD,2251,,False,validation,True
non-solar_4475,4475,non-solar,GOSFORD,2251,,False,validation,True
non-solar_4476,4476,non-solar,GOSFORD,2251,,False,train,True
non-solar_4477,4477,non-solar,WYONG,2258,,False,train,True
non-solar_4478,4478,non-solar,WYONG,2258,,False,train,True
non-solar_4479,4479,non-solar,WYONG,2258,,False,train,True
non-solar_4480,4480,non-solar,WYONG,2258,,False,train,True
non-solar_4481,4481,non-solar,WYONG,2258,,False,train,True
non-solar_4482,4482,non-solar,WYONG,2258,,False,train,True
non-solar_4483,4483,non-solar,WYONG,2258,,False,train,True
non-solar_4484,4484,non-solar,GOSFORD,2083,,False,test,True
non-solar_4485,4485,non-solar,GOSFORD,2083,,False,validation,True
non-solar_4486,4486,non-solar,GOSFORD,2083,,False,train,True
non-solar_4487,4487,non-solar,GOSFORD,2083,,False,train,True
non-solar_4488,4488,non-solar,GOSFORD,2083,,False,train,True
non-solar_4489,4489,non-solar,WYONG,2258,,False,train,True
non-solar_4490,4490,non-solar,WYONG,2261,,False,train,True
non-solar_4491,4491,non-solar,WYONG,2261,,False,train,True
non-solar_4492,4492,non-solar,WYONG,2261,,False,train,True
non-solar_4493,4493,non-solar,WYONG,2261,,False,train,True
non-solar_4494,4494,non-solar,WYONG,2261,,False,train,True
non-solar_4495,4495,non-solar,WYONG,2261,,False,train,True
non-solar_4496,4496,non-solar,WYONG,2261,,False,train,True
non-solar_4497,4497,non-solar,WYONG,2261,,False,train,True
non-solar_4498,4498,non-solar,WYONG,2261,,False,train,True
non-solar_4499,4499,non-solar,WYONG,2261,,False,validation,True
non-solar_4500,4500,non-solar,WYONG,2261,,False,validation,True
non-solar_4501,4501,non-solar,WYONG,2261,,False,test,True
non-solar_4502,4502,non-solar,WYONG,2261,,False,train,True
non-solar_4503,4503,non-solar,WYONG,2261,,False,train,True
non-solar_4504,4504,non-solar,WYONG,2261,,False,test,True
non-solar_4505,4505,non-solar,WYONG,2261,,False,train,True
non-solar_4506,4506,non-solar,WYONG,2261,,False,train,True
non-solar_4507,4507,non-solar,WYONG,2261,,False,validation,True
non-solar_4508,4508,non-solar,WYONG,2261,,False,train,True
non-solar_4509,4509,non-solar,WYONG,2261,,False,validation,True
non-solar_4510,4510,non-solar,WYONG,2261,,False,train,True
non-solar_4511,4511,non-solar,WYONG,2261,,False,train,True
non-solar_4512,4512,non-solar,WYONG,2261,,False,train,True
non-solar_4513,4513,non-solar,WYONG,2259,,False,validation,True
non-solar_4514,4514,non-solar,WYONG,2259,,False,train,True
non-solar_4515,4515,non-solar,WYONG,2259,,False,train,True
non-solar_4516,4516,non-solar,WYONG,2259,,False,train,True
non-solar_4517,4517,non-solar,WYONG,2259,,False,train,True
non-solar_4518,4518,non-solar,WYONG,2259,,False,test,True
non-solar_4519,4519,non-solar,WYONG,2259,,False,train,True
non-solar_4520,4520,non-solar,WYONG,2259,,False,train,True
non-solar_4521,4521,non-solar,WYONG,2259,,False,train,True
non-solar_4522,4522,non-solar,WYONG,2259,,False,train,True
non-solar_4523,4523,non-solar,WYONG,2259,,False,test,True
non-solar_4524,4524,non-solar,WYONG,2259,,False,validation,True
non-solar_4525,4525,non-solar,WYONG,2259,,False,train,True
non-solar_4526,4526,non-solar,WYONG,2259,,False,train,True
non-solar_4527,4527,non-solar,WYONG,2259,,False,test,True
non-solar_4528,4528,non-solar,WYONG,2259,,False,train,True
non-solar_4529,4529,non-solar,WYONG,2259,,False,train,True
non-solar_4530,4530,non-solar,WYONG,2259,,False,train,True
non-solar_4531,4531,non-solar,WYONG,2259,,False,train,True
non-solar_4532,4532,non-solar,WYONG,2259,,False,train,True
non-solar_4533,4533,non-solar,WYONG,2259,,False,train,True
non-solar_4534,4534,non-solar,WYONG,2259,,False,train,True
non-solar_4535,4535,non-solar,WYONG,2259,,False,train,True
non-solar_4536,4536,non-solar,WYONG,2259,,False,test,True
non-solar_4537,4537,non-solar,WYONG,2259,,False,train,True
non-solar_4538,4538,non-solar,WYONG,2259,,False,train,True
non-solar_4539,4539,non-solar,WYONG,2259,,False,validation,True
non-solar_4540,4540,non-solar,WYONG,2259,,False,train,True
non-solar_4541,4541,non-solar,WYONG,2259,,False,train,True
non-solar_4542,4542,non-solar,WYONG,2259,,False,validation,True
non-solar_4543,4543,non-solar,WYONG,2259,,False,validation,True
non-solar_4544,4544,non-solar,WYONG,2259,,False,test,True
non-solar_4545,4545,non-solar,WYONG,2259,,False,train,True
non-solar_4546,4546,non-solar,WYONG,2259,,False,train,True
non-solar_4547,4547,non-solar,WYONG,2259,,False,train,True
non-solar_4548,4548,non-solar,WYONG,2259,,False,train,True
non-solar_4549,4549,non-solar,WYONG,2259,,False,train,True
non-solar_4550,4550,non-solar,WYONG,2259,,False,train,True
non-solar_4551,4551,non-solar,WYONG,2259,,False,train,True
non-solar_4552,4552,non-solar,WYONG,2259,,False,train,True
non-solar_4553,4553,non-solar,WYONG,2259,,False,train,True
non-solar_4554,4554,non-solar,WYONG,2259,,False,train,True
non-solar_4555,4555,non-solar,WYONG,2259,,False,train,True
non-solar_4556,4556,non-solar,WYONG,2259,,False,train,True
non-solar_4557,4557,non-solar,WYONG,2259,,False,train,True
non-solar_4558,4558,non-solar,WYONG,2259,,False,train,True
non-solar_4559,4559,non-solar,WYONG,2259,,False,validation,True
non-solar_4560,4560,non-solar,WYONG,2259,,False,validation,True
non-solar_4561,4561,non-solar,WYONG,2259,,False,validation,True
non-solar_4562,4562,non-solar,WYONG,2259,,False,train,True
non-solar_4563,4563,non-solar,WYONG,2259,,False,train,True
non-solar_4564,4564,non-solar,WYONG,2259,,False,validation,True
non-solar_4565,4565,non-solar,WYONG,2259,,False,train,True
non-solar_4566,4566,non-solar,WYONG,2259,,False,train,True
non-solar_4567,4567,non-solar,WYONG,2259,,False,train,True
non-solar_4568,4568,non-solar,WYONG,2259,,False,test,True
non-solar_4569,4569,non-solar,WYONG,2259,,False,test,True
non-solar_4570,4570,non-solar,WYONG,2259,,False,train,True
non-solar_4571,4571,non-solar,WYONG,2259,,False,validation,True
non-solar_4572,4572,non-solar,WYONG,2259,,False,test,True
non-solar_4573,4573,non-solar,WYONG,2259,,False,train,True
non-solar_4574,4574,non-solar,WYONG,2259,,False,validation,True
non-solar_4575,4575,non-solar,WYONG,2259,,False,train,True
non-solar_4576,4576,non-solar,WYONG,2259,,False,train,True
non-solar_4577,4577,non-solar,WYONG,2259,,False,train,True
non-solar_4578,4578,non-solar,WYONG,2259,,False,train,True
non-solar_4579,4579,non-solar,WYONG,2259,,False,train,True
non-solar_4580,4580,non-solar,WYONG,2259,,False,train,True
non-solar_4581,4581,non-solar,WYONG,2259,,False,train,True
non-solar_4582,4582,non-solar,WYONG,2259,,False,train,True
non-solar_4583,4583,non-solar,WYONG,2259,,False,train,True
non-solar_4584,4584,non-solar,WYONG,2259,,False,train,True
non-solar_4585,4585,non-solar,WYONG,2259,,False,validation,True
non-solar_4586,4586,non-solar,WYONG,2259,,False,train,True
non-solar_4587,4587,non-solar,WYONG,2259,,False,train,True
non-solar_4588,4588,non-solar,WYONG,2259,,False,train,True
non-solar_4589,4589,non-solar,WYONG,2259,,False,train,True
non-solar_4590,4590,non-solar,WYONG,2259,,False,train,True
non-solar_4591,4591,non-solar,WYONG,2259,,False,train,True
non-solar_4592,4592,non-solar,WYONG,2259,,False,train,True
non-solar_4593,4593,non-solar,WYONG,2259,,False,validation,True
non-solar_4594,4594,non-solar,WYONG,2259,,False,train,True
non-solar_4595,4595,non-solar,WYONG,2259,,False,train,True
non-solar_4596,4596,non-solar,WYONG,2259,,False,validation,True
non-solar_4597,4597,non-solar,WYONG,2259,,False,train,True
non-solar_4598,4598,non-solar,WYONG,2259,,False,train,True
non-solar_4599,4599,non-solar,WYONG,2259,,False,train,True
non-solar_4600,4600,non-solar,WYONG,2259,,False,train,True
non-solar_4601,4601,non-solar,WYONG,2259,,False,validation,True
non-solar_4602,4602,non-solar,WYONG,2259,,False,train,True
non-solar_4603,4603,non-solar,WYONG,2259,,False,train,True
non-solar_4604,4604,non-solar,WYONG,2259,,False,train,True
non-solar_4605,4605,non-solar,WYONG,2259,,False,train,True
non-solar_4606,4606,non-solar,WYONG,2259,,False,train,True
non-solar_4607,4607,non-solar,WYONG,2259,,False,train,True
non-solar_4608,4608,non-solar,WYONG,2259,,False,train,True
non-solar_4609,4609,non-solar,WYONG,2259,,False,train,True
non-solar_4610,4610,non-solar,WYONG,2259,,False,test,True
non-solar_4611,4611,non-solar,WYONG,2262,,False,test,True
non-solar_4612,4612,non-solar,WYONG,2262,,False,train,True
non-solar_4613,4613,non-solar,WYONG,2262,,False,test,True
non-solar_4614,4614,non-solar,WYONG,2262,,False,train,True
non-solar_4615,4615,non-solar,WYONG,2262,,False,train,True
non-solar_4616,4616,non-solar,WYONG,2262,,False,validation,True
non-solar_4617,4617,non-solar,WYONG,2262,,False,train,True
non-solar_4618,4618,non-solar,WYONG,2262,,False,train,True
non-solar_4619,4619,non-solar,WYONG,2262,,False,train,True
non-solar_4620,4620,non-solar,WYONG,2262,,False,test,True
non-solar_4621,4621,non-solar,WYONG,2262,,False,train,True
non-solar_4622,4622,non-solar,WYONG,2262,,False,validation,True
non-solar_4623,4623,non-solar,WYONG,2262,,False,train,True
non-solar_4624,4624,non-solar,WYONG,2262,,False,train,True
non-solar_4625,4625,non-solar,WYONG,2262,,False,train,True
non-solar_4626,4626,non-solar,WYONG,2262,,False,train,True
non-solar_4627,4627,non-solar,WYONG,2262,,False,train,True
non-solar_4628,4628,non-solar,WYONG,2262,,False,validation,True
non-solar_4629,4629,non-solar,WYONG,2262,,False,train,True
non-solar_4630,4630,non-solar,WYONG,2262,,False,train,True
non-solar_4631,4631,non-solar,WYONG,2262,,False,validation,True
non-solar_4632,4632,non-solar,WYONG,2262,,False,test,True
non-solar_4633,4633,non-solar,WYONG,2262,,False,train,True
non-solar_4634,4634,non-solar,WYONG,2262,,False,train,True
non-solar_4635,4635,non-solar,WYONG,2262,,False,train,True
non-solar_4636,4636,non-solar,WYONG,2262,,False,test,True
non-solar_4637,4637,non-solar,WYONG,2262,,False,train,True
non-solar_4638,4638,non-solar,WYONG,2262,,False,validation,True
non-solar_4639,4639,non-solar,WYONG,2262,,False,train,True
non-solar_4640,4640,non-solar,WYONG,2262,,False,train,True
non-solar_4641,4641,non-solar,WYONG,2262,,False,train,True
non-solar_4642,4642,non-solar,WYONG,2262,,False,test,True
non-solar_4643,4643,non-solar,WYONG,2262,,False,train,True
non-solar_4644,4644,non-solar,WYONG,2262,,False,train,True
non-solar_4645,4645,non-solar,WYONG,2262,,False,train,True
non-solar_4646,4646,non-solar,WYONG,2262,,False,train,True
non-solar_4647,4647,non-solar,WYONG,2262,,False,validation,True
non-solar_4648,4648,non-solar,WYONG,2262,,False,train,True
non-solar_4649,4649,non-solar,WYONG,2262,,False,train,True
non-solar_4650,4650,non-solar,WYONG,2262,,False,train,True
non-solar_4651,4651,non-solar,WYONG,2262,,False,validation,True
non-solar_4652,4652,non-solar,WYONG,2262,,False,train,True
non-solar_4653,4653,non-solar,WYONG,2262,,False,train,True
non-solar_4654,4654,non-solar,WYONG,2262,,False,train,True
non-solar_4655,4655,non-solar,WYONG,2262,,False,train,True
non-solar_4656,4656,non-solar,WYONG,2262,,False,test,True
non-solar_4657,4657,non-solar,WYONG,2262,,False,train,True
non-solar_4658,4658,non-solar,WYONG,2262,,False,validation,True
non-solar_4659,4659,non-solar,WYONG,2262,,False,train,True
non-solar_4660,4660,non-solar,WYONG,2262,,False,train,True
non-solar_4661,4661,non-solar,WYONG,2262,,False,train,True
non-solar_4662,4662,non-solar,WYONG,2262,,False,train,True
non-solar_4663,4663,non-solar,WYONG,2262,,False,validation,True
non-solar_4664,4664,non-solar,WYONG,2262,,False,validation,True
non-solar_4665,4665,non-solar,WYONG,2262,,False,train,True
non-solar_4666,4666,non-solar,WYONG,2263,,False,test,True
non-solar_4667,4667,non-solar,WYONG,2263,,False,test,True
non-solar_4668,4668,non-solar,WYONG,2263,,False,test,True
non-solar_4669,4669,non-solar,WYONG,2263,,False,train,True
non-solar_4670,4670,non-solar,WYONG,2263,,False,train,True
non-solar_4671,4671,non-solar,WYONG,2263,,False,train,True
non-solar_4672,4672,non-solar,WYONG,2263,,False,validation,True
non-solar_4673,4673,non-solar,WYONG,2263,,False,train,True
non-solar_4674,4674,non-solar,WYONG,2263,,False,train,True
non-solar_4675,4675,non-solar,WYONG,2263,,False,validation,True
non-solar_4676,4676,non-solar,WYONG,2263,,False,train,True
non-solar_4677,4677,non-solar,WYONG,2263,,False,train,True
non-solar_4678,4678,non-solar,WYONG,2263,,False,train,True
non-solar_4679,4679,non-solar,WYONG,2263,,False,train,True
non-solar_4680,4680,non-solar,WYONG,2263,,False,test,True
non-solar_4681,4681,non-solar,WYONG,2263,,False,train,True
non-solar_4682,4682,non-solar,WYONG,2263,,False,train,True
non-solar_4683,4683,non-solar,WYONG,2263,,False,test,True
non-solar_4684,4684,non-solar,WYONG,2263,,False,train,True
non-solar_4685,4685,non-solar,WYONG,2263,,False,train,True
non-solar_4686,4686,non-solar,WYONG,2263,,False,validation,True
non-solar_4687,4687,non-solar,WYONG,2263,,False,test,True
non-solar_4688,4688,non-solar,WYONG,2263,,False,test,True
non-solar_4689,4689,non-solar,WYONG,2263,,False,train,True
non-solar_4690,4690,non-solar,WYONG,2263,,False,train,True
non-solar_4691,4691,non-solar,WYONG,2263,,False,train,True
non-solar_4692,4692,non-solar,WYONG,2263,,False,train,True
non-solar_4693,4693,non-solar,WYONG,2261,,False,train,True
non-solar_4694,4694,non-solar,WYONG,2261,,False,test,True
non-solar_4695,4695,non-solar,WYONG,2261,,False,validation,True
non-solar_4696,4696,non-solar,WYONG,2261,,False,train,True
non-solar_4697,4697,non-solar,WYONG,2261,,False,train,True
non-solar_4698,4698,non-solar,WYONG,2261,,False,test,True
non-solar_4699,4699,non-solar,WYONG,2261,,False,test,True
non-solar_4700,4700,non-solar,WYONG,2261,,False,train,True
non-solar_4701,4701,non-solar,WYONG,2261,,False,validation,True
non-solar_4702,4702,non-solar,WYONG,2261,,False,train,True
non-solar_4703,4703,non-solar,WYONG,2261,,False,train,True
non-solar_4704,4704,non-solar,WYONG,2261,,False,train,True
non-solar_4705,4705,non-solar,WYONG,2261,,False,train,True
non-solar_4706,4706,non-solar,WYONG,2261,,False,train,True
non-solar_4707,4707,non-solar,WYONG,2261,,False,train,True
non-solar_4708,4708,non-solar,WYONG,2261,,False,validation,True
non-solar_4709,4709,non-solar,WYONG,2261,,False,train,True
non-solar_4710,4710,non-solar,WYONG,2261,,False,validation,True
non-solar_4711,4711,non-solar,WYONG,2261,,False,train,True
non-solar_4712,4712,non-solar,WYONG,2261,,False,train,True
non-solar_4713,4713,non-solar,WYONG,2261,,False,train,True
non-solar_4714,4714,non-solar,WYONG,2261,,False,train,True
non-solar_4715,4715,non-solar,WYONG,2261,,False,train,True
non-solar_4716,4716,non-solar,WYONG,2261,,False,train,True
non-solar_4717,4717,non-solar,WYONG,2261,,False,validation,True
non-solar_4718,4718,non-solar,WYONG,2261,,False,validation,True
non-solar_4719,4719,non-solar,WYONG,2261,,False,test,True
non-solar_4720,4720,non-solar,WYONG,2261,,False,train,True
non-solar_4721,4721,non-solar,WYONG,2261,,False,train,True
non-solar_4722,4722,non-solar,WYONG,2261,,False,train,True
non-solar_4723,4723,non-solar,WYONG,2261,,False,test,True
non-solar_4724,4724,non-solar,WYONG,2261,,False,train,True
non-solar_4725,4725,non-solar,WYONG,2261,,False,train,True
non-solar_4726,4726,non-solar,WYONG,2261,,False,test,True
non-solar_4727,4727,non-solar,WYONG,2261,,False,train,True
non-solar_4728,4728,non-solar,WYONG,2261,,False,validation,True
non-solar_4729,4729,non-solar,WYONG,2261,,False,train,True
non-solar_4730,4730,non-solar,WYONG,2261,,False,train,True
non-solar_4731,4731,non-solar,WYONG,2261,,False,train,True
non-solar_4732,4732,non-solar,WYONG,2261,,False,train,True
non-solar_4733,4733,non-solar,WYONG,2261,,False,train,True
non-solar_4734,4734,non-solar,WYONG,2261,,False,test,True
non-solar_4735,4735,non-solar,WYONG,2261,,False,validation,True
non-solar_4736,4736,non-solar,WYONG,2261,,False,train,True
non-solar_4737,4737,non-solar,WYONG,2261,,False,test,True
non-solar_4738,4738,non-solar,WYONG,2261,,False,train,True
non-solar_4739,4739,non-solar,WYONG,2261,,False,train,True
non-solar_4740,4740,non-solar,WYONG,2261,,False,train,True
non-solar_4741,4741,non-solar,WYONG,2261,,False,test,True
non-solar_4742,4742,non-solar,WYONG,2261,,False,train,True
non-solar_4743,4743,non-solar,WYONG,2261,,False,test,True
non-solar_4744,4744,non-solar,WYONG,2261,,False,train,True
non-solar_4745,4745,non-solar,WYONG,2261,,False,test,True
non-solar_4746,4746,non-solar,WYONG,2261,,False,validation,True
non-solar_4747,4747,non-solar,WYONG,2261,,False,train,True
non-solar_4748,4748,non-solar,WYONG,2261,,False,train,True
non-solar_4749,4749,non-solar,WYONG,2261,,False,train,True
non-solar_4750,4750,non-solar,WYONG,2261,,False,test,True
non-solar_4751,4751,non-solar,WYONG,2261,,False,train,True
non-solar_4752,4752,non-solar,WYONG,2261,,False,train,True
non-solar_4753,4753,non-solar,WYONG,2261,,False,train,True
non-solar_4754,4754,non-solar,WYONG,2261,,False,train,True
non-solar_4755,4755,non-solar,WYONG,2261,,False,train,True
non-solar_4756,4756,non-solar,WYONG,2261,,False,train,True
non-solar_4757,4757,non-solar,WYONG,2261,,False,train,True
non-solar_4758,4758,non-solar,WYONG,2261,,False,validation,True
non-solar_4759,4759,non-solar,WYONG,2261,,False,train,True
non-solar_4760,4760,non-solar,WYONG,2261,,False,train,True
non-solar_4761,4761,non-solar,WYONG,2261,,False,train,True
non-solar_4762,4762,non-solar,WYONG,2261,,False,test,True
non-solar_4763,4763,non-solar,WYONG,2261,,False,train,True
non-solar_4764,4764,non-solar,WYONG,2261,,False,validation,True
non-solar_4765,4765,non-solar,WYONG,2261,,False,train,True
non-solar_4766,4766,non-solar,WYONG,2261,,False,train,True
non-solar_4767,4767,non-solar,SUTHERLAND,2230,,False,train,True
non-solar_4768,4768,non-solar,SUTHERLAND,2230,,False,train,True
non-solar_4769,4769,non-solar,SUTHERLAND,2230,,False,train,True
non-solar_4770,4770,non-solar,SUTHERLAND,2230,,False,train,True
non-solar_4771,4771,non-solar,SUTHERLAND,2230,,False,train,True
non-solar_4772,4772,non-solar,SUTHERLAND,2230,,False,train,True
non-solar_4773,4773,non-solar,SUTHERLAND,2230,,False,test,True
non-solar_4774,4774,non-solar,SUTHERLAND,2230,,False,train,True
non-solar_4775,4775,non-solar,SUTHERLAND,2230,,False,train,True
non-solar_4776,4776,non-solar,SUTHERLAND,2230,,False,validation,True
non-solar_4777,4777,non-solar,SUTHERLAND,2230,,False,train,True
non-solar_4778,4778,non-solar,SUTHERLAND,2230,,False,train,True
non-solar_4779,4779,non-solar,SUTHERLAND,2230,,False,validation,True
non-solar_4780,4780,non-solar,SUTHERLAND,2230,,False,train,True
non-solar_4781,4781,non-solar,SUTHERLAND,2230,,False,validation,True
non-solar_4782,4782,non-solar,SUTHERLAND,2230,,False,train,True
non-solar_4783,4783,non-solar,SUTHERLAND,2230,,False,train,True
non-solar_4784,4784,non-solar,SUTHERLAND,2230,,False,train,True
non-solar_4785,4785,non-solar,SUTHERLAND,2230,,False,train,True
non-solar_4786,4786,non-solar,SUTHERLAND,2230,,False,train,True
non-solar_4787,4787,non-solar,SUTHERLAND,2230,,False,test,True
non-solar_4788,4788,non-solar,SUTHERLAND,2230,,False,train,True
non-solar_4789,4789,non-solar,SUTHERLAND,2231,,False,train,True
non-solar_4790,4790,non-solar,SUTHERLAND,2231,,False,train,True
non-solar_4791,4791,non-solar,SUTHERLAND,2231,,False,test,True
non-solar_4792,4792,non-solar,SUTHERLAND,2231,,False,train,True
non-solar_4793,4793,non-solar,SUTHERLAND,2229,,False,validation,True
non-solar_4794,4794,non-solar,SUTHERLAND,2229,,False,train,True
non-solar_4795,4795,non-solar,SUTHERLAND,2229,,False,train,True
non-solar_4796,4796,non-solar,SUTHERLAND,2229,,False,train,True
non-solar_4797,4797,non-solar,SUTHERLAND,2229,,False,train,True
non-solar_4798,4798,non-solar,SUTHERLAND,2229,,False,train,True
non-solar_4799,4799,non-solar,SUTHERLAND,2229,,False,test,True
non-solar_4800,4800,non-solar,SUTHERLAND,2229,,False,validation,True
non-solar_4801,4801,non-solar,SUTHERLAND,2229,,False,train,True
non-solar_4802,4802,non-solar,SUTHERLAND,2229,,False,train,True
non-solar_4803,4803,non-solar,SUTHERLAND,2229,,False,test,True
non-solar_4804,4804,non-solar,SUTHERLAND,2229,,False,train,True
non-solar_4805,4805,non-solar,SUTHERLAND,2229,,False,train,True
non-solar_4806,4806,non-solar,SUTHERLAND,2229,,False,train,True
non-solar_4807,4807,non-solar,SUTHERLAND,2229,,False,validation,True
non-solar_4808,4808,non-solar,SUTHERLAND,2229,,False,validation,True
non-solar_4809,4809,non-solar,SUTHERLAND,2229,,False,train,True
non-solar_4810,4810,non-solar,SUTHERLAND,2229,,False,train,True
non-solar_4811,4811,non-solar,SUTHERLAND,2229,,False,train,True
non-solar_4812,4812,non-solar,SUTHERLAND,2229,,False,train,True
non-solar_4813,4813,non-solar,SUTHERLAND,2229,,False,validation,True
non-solar_4814,4814,non-solar,SUTHERLAND,2229,,False,train,True
non-solar_4815,4815,non-solar,SUTHERLAND,2229,,False,train,True
non-solar_4816,4816,non-solar,SUTHERLAND,2229,,False,test,True
non-solar_4817,4817,non-solar,SUTHERLAND,2229,,False,train,True
non-solar_4818,4818,non-solar,SUTHERLAND,2229,,False,validation,True
non-solar_4819,4819,non-solar,SUTHERLAND,2229,,False,train,True
non-solar_4820,4820,non-solar,SUTHERLAND,2229,,False,train,True
non-solar_4821,4821,non-solar,SUTHERLAND,2229,,False,train,True
non-solar_4822,4822,non-solar,SUTHERLAND,2229,,False,train,True
non-solar_4823,4823,non-solar,SUTHERLAND,2228,,False,train,True
non-solar_4824,4824,non-solar,SUTHERLAND,2228,,False,validation,True
non-solar_4825,4825,non-solar,SUTHERLAND,2228,,False,train,True
non-solar_4826,4826,non-solar,SUTHERLAND,2228,,False,train,True
non-solar_4827,4827,non-solar,SUTHERLAND,2228,,False,train,True
non-solar_4828,4828,non-solar,SUTHERLAND,2228,,False,train,True
non-solar_4829,4829,non-solar,SUTHERLAND,2228,,False,train,True
non-solar_4830,4830,non-solar,SUTHERLAND,2228,,False,train,True
non-solar_4831,4831,non-solar,SUTHERLAND,2228,,False,train,True
non-solar_4832,4832,non-solar,SUTHERLAND,2228,,False,train,True
non-solar_4833,4833,non-solar,SUTHERLAND,2228,,False,train,True
non-solar_4834,4834,non-solar,SUTHERLAND,2228,,False,train,True
non-solar_4835,4835,non-solar,SUTHERLAND,2228,,False,train,True
non-solar_4836,4836,non-solar,SUTHERLAND,2228,,False,train,True
non-solar_4837,4837,non-solar,SUTHERLAND,2224,,False,train,True
non-solar_4838,4838,non-solar,SUTHERLAND,2224,,False,train,True
non-solar_4839,4839,non-solar,SUTHERLAND,2227,,False,validation,True
non-solar_4840,4840,non-solar,SUTHERLAND,2224,,False,test,True
non-solar_4841,4841,non-solar,SUTHERLAND,2224,,False,train,True
non-solar_4842,4842,non-solar,SUTHERLAND,2224,,False,train,True
non-solar_4843,4843,non-solar,SUTHERLAND,2224,,False,validation,True
non-solar_4844,4844,non-solar,SUTHERLAND,2224,,False,train,True
non-solar_4845,4845,non-solar,SUTHERLAND,2224,,False,validation,True
non-solar_4846,4846,non-solar,SUTHERLAND,2224,,False,validation,True
non-solar_4847,4847,non-solar,SUTHERLAND,2224,,False,train,True
non-solar_4848,4848,non-solar,SUTHERLAND,2224,,False,train,True
non-solar_4849,4849,non-solar,SUTHERLAND,2224,,False,test,True
non-solar_4850,4850,non-solar,SUTHERLAND,2224,,False,train,True
non-solar_4851,4851,non-solar,SUTHERLAND,2224,,False,train,True
non-solar_4852,4852,non-solar,SUTHERLAND,2224,,False,train,True
non-solar_4853,4853,non-solar,SUTHERLAND,2224,,False,train,True
non-solar_4854,4854,non-solar,SUTHERLAND,2227,,False,train,True
non-solar_4855,4855,non-solar,SUTHERLAND,2227,,False,test,True
non-solar_4856,4856,non-solar,SUTHERLAND,2227,,False,train,True
non-solar_4857,4857,non-solar,SUTHERLAND,2227,,False,train,True
non-solar_4858,4858,non-solar,SUTHERLAND,2227,,False,train,True
non-solar_4859,4859,non-solar,SUTHERLAND,2227,,False,test,True
non-solar_4860,4860,non-solar,SUTHERLAND,2227,,False,train,True
non-solar_4861,4861,non-solar,SUTHERLAND,2227,,False,train,True
non-solar_4862,4862,non-solar,SUTHERLAND,2227,,False,train,True
non-solar_4863,4863,non-solar,SUTHERLAND,2227,,False,test,True
non-solar_4864,4864,non-solar,SUTHERLAND,2227,,False,train,True
non-solar_4865,4865,non-solar,SUTHERLAND,2227,,False,train,True
non-solar_4866,4866,non-solar,SUTHERLAND,2227,,False,train,True
non-solar_4867,4867,non-solar,SUTHERLAND,2232,,False,train,True
non-solar_4868,4868,non-solar,SUTHERLAND,2232,,False,train,True
non-solar_4869,4869,non-solar,SUTHERLAND,2232,,False,train,True
non-solar_4870,4870,non-solar,SUTHERLAND,2232,,False,validation,True
non-solar_4871,4871,non-solar,SUTHERLAND,2232,,False,train,True
non-solar_4872,4872,non-solar,SUTHERLAND,2232,,False,train,True
non-solar_4873,4873,non-solar,SUTHERLAND,2232,,False,train,True
non-solar_4874,4874,non-solar,SUTHERLAND,2232,,False,validation,True
non-solar_4875,4875,non-solar,SUTHERLAND,2232,,False,train,True
non-solar_4876,4876,non-solar,SUTHERLAND,2232,,False,validation,True
non-solar_4877,4877,non-solar,SUTHERLAND,2232,,False,test,True
non-solar_4878,4878,non-solar,SUTHERLAND,2232,,False,train,True
non-solar_4879,4879,non-solar,SUTHERLAND,2232,,False,train,True
non-solar_4880,4880,non-solar,SUTHERLAND,2232,,False,train,True
non-solar_4881,4881,non-solar,SUTHERLAND,2232,,False,train,True
non-solar_4882,4882,non-solar,SUTHERLAND,2232,,False,train,True
non-solar_4883,4883,non-solar,SUTHERLAND,2232,,False,train,True
non-solar_4884,4884,non-solar,SUTHERLAND,2232,,False,train,True
non-solar_4885,4885,non-solar,SUTHERLAND,2232,,False,train,True
non-solar_4886,4886,non-solar,SUTHERLAND,2232,,False,validation,True
non-solar_4887,4887,non-solar,SUTHERLAND,2232,,False,train,True
non-solar_4888,4888,non-solar,SUTHERLAND,2232,,False,train,True
non-solar_4889,4889,non-solar,SUTHERLAND,2232,,False,train,True
non-solar_4890,4890,non-solar,SUTHERLAND,2232,,False,train,True
non-solar_4891,4891,non-solar,SUTHERLAND,2232,,False,train,True
non-solar_4892,4892,non-solar,SUTHERLAND,2232,,False,test,True
non-solar_4893,4893,non-solar,SUTHERLAND,2232,,False,test,True
non-solar_4894,4894,non-solar,SUTHERLAND,2232,,False,train,True
non-solar_4895,4895,non-solar,SUTHERLAND,2232,,False,train,True
non-solar_4896,4896,non-solar,SUTHERLAND,2232,,False,train,True
non-solar_4897,4897,non-solar,SUTHERLAND,2226,,False,validation,True
non-solar_4898,4898,non-solar,SUTHERLAND,2226,,False,test,True
non-solar_4899,4899,non-solar,SUTHERLAND,2226,,False,validation,True
non-solar_4900,4900,non-solar,SUTHERLAND,2226,,False,train,True
non-solar_4901,4901,non-solar,SUTHERLAND,2226,,False,train,True
non-solar_4902,4902,non-solar,SUTHERLAND,2226,,False,train,True
non-solar_4903,4903,non-solar,SUTHERLAND,2226,,False,train,True
non-solar_4904,4904,non-solar,SUTHERLAND,2226,,False,train,True
non-solar_4905,4905,non-solar,SUTHERLAND,2226,,False,test,True
non-solar_4906,4906,non-solar,SUTHERLAND,2226,,False,train,True
non-solar_4907,4907,non-solar,SUTHERLAND,2226,,False,test,True
non-solar_4908,4908,non-solar,SUTHERLAND,2226,,False,train,True
non-solar_4909,4909,non-solar,SUTHERLAND,2226,,False,train,True
non-solar_4910,4910,non-solar,SUTHERLAND,2226,,False,train,True
non-solar_4911,4911,non-solar,SUTHERLAND,2226,,False,train,True
non-solar_4912,4912,non-solar,SUTHERLAND,2225,,False,train,True
non-solar_4913,4913,non-solar,SUTHERLAND,2226,,False,train,True
non-solar_4914,4914,non-solar,SUTHERLAND,2226,,False,train,True
non-solar_4915,4915,non-solar,SUTHERLAND,2226,,False,train,True
non-solar_4916,4916,non-solar,SUTHERLAND,2225,,False,test,True
non-solar_4917,4917,non-solar,SUTHERLAND,2226,,False,validation,True
non-solar_4918,4918,non-solar,SUTHERLAND,2226,,False,train,True
non-solar_4919,4919,non-solar,SUTHERLAND,2226,,False,train,True
non-solar_4920,4920,non-solar,SUTHERLAND,2225,,False,train,True
non-solar_4921,4921,non-solar,SUTHERLAND,2225,,False,train,True
non-solar_4922,4922,non-solar,SUTHERLAND,2225,,False,validation,True
non-solar_4923,4923,non-solar,SUTHERLAND,2225,,False,train,True
non-solar_4924,4924,non-solar,SUTHERLAND,2225,,False,train,True
non-solar_4925,4925,non-solar,SUTHERLAND,2225,,False,test,True
non-solar_4926,4926,non-solar,SUTHERLAND,2234,,False,train,True
non-solar_4927,4927,non-solar,SUTHERLAND,2234,,False,train,True
non-solar_4928,4928,non-solar,SUTHERLAND,2232,,False,validation,True
non-solar_4929,4929,non-solar,SUTHERLAND,2234,,False,validation,True
non-solar_4930,4930,non-solar,SUTHERLAND,2234,,False,train,True
non-solar_4931,4931,non-solar,SUTHERLAND,2234,,False,test,True
non-solar_4932,4932,non-solar,SUTHERLAND,2234,,False,validation,True
non-solar_4933,4933,non-solar,SUTHERLAND,2234,,False,train,True
non-solar_4934,4934,non-solar,SUTHERLAND,2234,,False,train,True
non-solar_4935,4935,non-solar,SUTHERLAND,2234,,False,train,True
non-solar_4936,4936,non-solar,SUTHERLAND,2234,,False,train,True
non-solar_4937,4937,non-solar,SUTHERLAND,2234,,False,test,True
non-solar_4938,4938,non-solar,SUTHERLAND,2234,,False,train,True
non-solar_4939,4939,non-solar,SUTHERLAND,2234,,False,test,True
non-solar_4940,4940,non-solar,SUTHERLAND,2234,,False,validation,True
non-solar_4941,4941,non-solar,SUTHERLAND,2234,,False,train,True
non-solar_4942,4942,non-solar,SUTHERLAND,2234,,False,train,True
non-solar_4943,4943,non-solar,SUTHERLAND,2234,,False,train,True
non-solar_4944,4944,non-solar,SUTHERLAND,2234,,False,test,True
non-solar_4945,4945,non-solar,SUTHERLAND,2234,,False,test,True
non-solar_4946,4946,non-solar,SUTHERLAND,2234,,False,train,True
non-solar_4947,4947,non-solar,SUTHERLAND,2234,,False,train,True
non-solar_4948,4948,non-solar,SUTHERLAND,2234,,False,test,True
non-solar_4949,4949,non-solar,SUTHERLAND,2234,,False,train,True
non-solar_4950,4950,non-solar,SUTHERLAND,2234,,False,train,True
non-solar_4951,4951,non-solar,SUTHERLAND,2234,,False,train,True
non-solar_4952,4952,non-solar,SUTHERLAND,2234,,False,train,True
non-solar_4953,4953,non-solar,SUTHERLAND,2234,,False,train,True
non-solar_4954,4954,non-solar,SUTHERLAND,2234,,False,train,True
non-solar_4955,4955,non-solar,SUTHERLAND,2234,,False,train,True
non-solar_4956,4956,non-solar,SUTHERLAND,2234,,False,test,True
non-solar_4957,4957,non-solar,SUTHERLAND,2234,,False,train,True
non-solar_4958,4958,non-solar,SUTHERLAND,2234,,False,train,True
non-solar_4959,4959,non-solar,SUTHERLAND,2234,,False,train,True
non-solar_4960,4960,non-solar,SUTHERLAND,2234,,False,train,True
non-solar_4961,4961,non-solar,SUTHERLAND,2234,,False,train,True
non-solar_4962,4962,non-solar,SUTHERLAND,2234,,False,train,True
non-solar_4963,4963,non-solar,SUTHERLAND,2234,,False,train,True
non-solar_4964,4964,non-solar,SUTHERLAND,2234,,False,test,True
non-solar_4965,4965,non-solar,SUTHERLAND,2234,,False,test,True
non-solar_4966,4966,non-solar,SUTHERLAND,2234,,False,train,True
non-solar_4967,4967,non-solar,SUTHERLAND,2234,,False,test,True
non-solar_4968,4968,non-solar,SUTHERLAND,2234,,False,train,True
non-solar_4969,4969,non-solar,SUTHERLAND,2234,,False,train,True
non-solar_4970,4970,non-solar,SUTHERLAND,2234,,False,train,True
non-solar_4971,4971,non-solar,SUTHERLAND,2234,,False,train,True
non-solar_4972,4972,non-solar,SUTHERLAND,2234,,False,train,True
non-solar_4973,4973,non-solar,SUTHERLAND,2234,,False,train,True
non-solar_4974,4974,non-solar,SUTHERLAND,2233,,False,validation,True
non-solar_4975,4975,non-solar,SUTHERLAND,2233,,False,train,True
non-solar_4976,4976,non-solar,SUTHERLAND,2233,,False,train,True
non-solar_4977,4977,non-solar,SUTHERLAND,2233,,False,validation,True
non-solar_4978,4978,non-solar,SUTHERLAND,2233,,False,train,True
non-solar_4979,4979,non-solar,SUTHERLAND,2233,,False,train,True
non-solar_4980,4980,non-solar,SUTHERLAND,2233,,False,train,True
non-solar_4981,4981,non-solar,SUTHERLAND,2233,,False,train,True
non-solar_4982,4982,non-solar,SUTHERLAND,2233,,False,validation,True
non-solar_4983,4983,non-solar,SUTHERLAND,2233,,False,train,True
non-solar_4984,4984,non-solar,SUTHERLAND,2233,,False,test,True
non-solar_4985,4985,non-solar,SUTHERLAND,2233,,False,train,True
non-solar_4986,4986,non-solar,SUTHERLAND,2233,,False,test,True
non-solar_4987,4987,non-solar,SUTHERLAND,2233,,False,train,True
non-solar_4988,4988,non-solar,SUTHERLAND,2233,,False,train,True
non-solar_4989,4989,non-solar,SUTHERLAND,2233,,False,train,True
non-solar_4990,4990,non-solar,SUTHERLAND,2233,,False,train,True
non-solar_4991,4991,non-solar,SUTHERLAND,2233,,False,train,True
non-solar_4992,4992,non-solar,SUTHERLAND,2233,,False,test,True
non-solar_4993,4993,non-solar,SUTHERLAND,2233,,False,train,True
non-solar_4994,4994,non-solar,SUTHERLAND,2233,,False,train,True
non-solar_4995,4995,non-solar,SUTHERLAND,2233,,False,validation,True
non-solar_4996,4996,non-solar,SUTHERLAND,2233,,False,train,True
non-solar_4997,4997,non-solar,SUTHERLAND,2233,,False,train,True
non-solar_4998,4998,non-solar,SUTHERLAND,2233,,False,train,True
non-solar_4999,4999,non-solar,SUTHERLAND,2233,,False,test,True
non-solar_5000,5000,non-solar,SUTHERLAND,2233,,False,validation,True
non-solar_5001,5001,non-solar,SUTHERLAND,2233,,False,validation,True
non-solar_5002,5002,non-solar,SUTHERLAND,2233,,False,train,True
non-solar_5003,5003,non-solar,SUTHERLAND,2233,,False,train,True
non-solar_5004,5004,non-solar,SUTHERLAND,2233,,False,validation,True
non-solar_5005,5005,non-solar,SUTHERLAND,2233,,False,train,True
non-solar_5006,5006,non-solar,SUTHERLAND,2233,,False,test,True
non-solar_5007,5007,non-solar,SUTHERLAND,2233,,False,train,True
non-solar_5008,5008,non-solar,SUTHERLAND,2233,,False,train,True
non-solar_5009,5009,non-solar,SUTHERLAND,2233,,False,train,True
non-solar_5010,5010,non-solar,SUTHERLAND,2233,,False,train,True
non-solar_5011,5011,non-solar,SUTHERLAND,2233,,False,train,True
non-solar_5012,5012,non-solar,SUTHERLAND,2233,,False,train,True
non-solar_5013,5013,non-solar,SUTHERLAND,2233,,False,train,True
non-solar_5014,5014,non-solar,SUTHERLAND,2233,,False,validation,True
non-solar_5015,5015,non-solar,SUTHERLAND,2233,,False,train,True
non-solar_5016,5016,non-solar,SUTHERLAND,2233,,False,train,True
non-solar_5017,5017,non-solar,SUTHERLAND,2233,,False,train,True
non-solar_5018,5018,non-solar,SUTHERLAND,2233,,False,train,True
non-solar_5019,5019,non-solar,SUTHERLAND,2233,,False,train,True
non-solar_5020,5020,non-solar,SUTHERLAND,2233,,False,train,True
non-solar_5021,5021,non-solar,SUTHERLAND,2233,,False,train,True
non-solar_5022,5022,non-solar,SUTHERLAND,2233,,False,train,True
non-solar_5023,5023,non-solar,SUTHERLAND,2233,,False,train,True
non-solar_5024,5024,non-solar,SUTHERLAND,2233,,False,train,True
non-solar_5025,5025,non-solar,SUTHERLAND,2233,,False,train,True
non-solar_5026,5026,non-solar,SUTHERLAND,2233,,False,train,True
non-solar_5027,5027,non-solar,SUTHERLAND,2233,,False,train,True
non-solar_5028,5028,non-solar,SUTHERLAND,2233,,False,train,True
non-solar_5029,5029,non-solar,SUTHERLAND,2233,,False,train,True
non-solar_5030,5030,non-solar,ROCKDALE,2219,,False,test,True
non-solar_5031,5031,non-solar,ROCKDALE,2219,,False,train,True
non-solar_5032,5032,non-solar,ROCKDALE,2219,,False,train,True
non-solar_5033,5033,non-solar,ROCKDALE,2219,,False,train,True
non-solar_5034,5034,non-solar,ROCKDALE,2217,,False,train,True
non-solar_5035,5035,non-solar,ROCKDALE,2219,,False,validation,True
non-solar_5036,5036,non-solar,ROCKDALE,2217,,False,train,True
non-solar_5037,5037,non-solar,ROCKDALE,2217,,False,train,True
non-solar_5038,5038,non-solar,ROCKDALE,2217,,False,test,True
non-solar_5039,5039,non-solar,ROCKDALE,2217,,False,train,True
non-solar_5040,5040,non-solar,ROCKDALE,2217,,False,train,True
non-solar_5041,5041,non-solar,ROCKDALE,2217,,False,train,True
non-solar_5042,5042,non-solar,ROCKDALE,2217,,False,train,True
non-solar_5043,5043,non-solar,ROCKDALE,2217,,False,train,True
non-solar_5044,5044,non-solar,ROCKDALE,2217,,False,test,True
non-solar_5045,5045,non-solar,ROCKDALE,2216,,False,test,True
non-solar_5046,5046,non-solar,ROCKDALE,2216,,False,train,True
non-solar_5047,5047,non-solar,ROCKDALE,2216,,False,train,True
non-solar_5048,5048,non-solar,ROCKDALE,2216,,False,validation,True
non-solar_5049,5049,non-solar,ROCKDALE,2216,,False,train,True
non-solar_5050,5050,non-solar,ROCKDALE,2216,,False,train,True
non-solar_5051,5051,non-solar,ROCKDALE,2216,,False,train,True
non-solar_5052,5052,non-solar,ROCKDALE,2216,,False,train,True
non-solar_5053,5053,non-solar,ROCKDALE,2216,,False,train,True
non-solar_5054,5054,non-solar,ROCKDALE,2216,,False,train,True
non-solar_5055,5055,non-solar,ROCKDALE,2216,,False,validation,True
non-solar_5056,5056,non-solar,ROCKDALE,2216,,False,validation,True
non-solar_5057,5057,non-solar,ROCKDALE,2216,,False,train,True
non-solar_5058,5058,non-solar,ROCKDALE,2216,,False,train,True
non-solar_5059,5059,non-solar,ROCKDALE,2216,,False,train,True
non-solar_5060,5060,non-solar,ROCKDALE,2216,,False,train,True
non-solar_5061,5061,non-solar,ROCKDALE,2205,,False,train,True
non-solar_5062,5062,non-solar,ROCKDALE,2205,,False,train,True
non-solar_5063,5063,non-solar,ROCKDALE,2205,,False,validation,True
non-solar_5064,5064,non-solar,ROCKDALE,2205,,False,train,True
non-solar_5065,5065,non-solar,ROCKDALE,2205,,False,train,True
non-solar_5066,5066,non-solar,ROCKDALE,2205,,False,train,True
non-solar_5067,5067,non-solar,ROCKDALE,2205,,False,train,True
non-solar_5068,5068,non-solar,ROCKDALE,2205,,False,test,True
non-solar_5069,5069,non-solar,ROCKDALE,2205,,False,train,True
non-solar_5070,5070,non-solar,ROCKDALE,2205,,False,train,True
non-solar_5071,5071,non-solar,ROCKDALE,2205,,False,train,True
non-solar_5072,5072,non-solar,ROCKDALE,2205,,False,train,True
non-solar_5073,5073,non-solar,ROCKDALE,2205,,False,train,True
non-solar_5074,5074,non-solar,ROCKDALE,2205,,False,train,True
non-solar_5075,5075,non-solar,ROCKDALE,2205,,False,test,True
non-solar_5076,5076,non-solar,ROCKDALE,2207,,False,train,True
non-solar_5077,5077,non-solar,ROCKDALE,2207,,False,train,True
non-solar_5078,5078,non-solar,ROCKDALE,2207,,False,train,True
non-solar_5079,5079,non-solar,ROCKDALE,2205,,False,train,True
non-solar_5080,5080,non-solar,ROCKDALE,2207,,False,train,True
non-solar_5081,5081,non-solar,ROCKDALE,2207,,False,train,True
non-solar_5082,5082,non-solar,ROCKDALE,2207,,False,train,True
non-solar_5083,5083,non-solar,ROCKDALE,2207,,False,train,True
non-solar_5084,5084,non-solar,ROCKDALE,2205,,False,test,True
non-solar_5085,5085,non-solar,ROCKDALE,2207,,False,test,True
non-solar_5086,5086,non-solar,ROCKDALE,2207,,False,train,True
non-solar_5087,5087,non-solar,ROCKDALE,2207,,False,train,True
non-solar_5088,5088,non-solar,ROCKDALE,2207,,False,train,True
non-solar_5089,5089,non-solar,ROCKDALE,2207,,False,train,True
non-solar_5090,5090,non-solar,ROCKDALE,2207,,False,train,True
non-solar_5091,5091,non-solar,ROCKDALE,2207,,False,train,True
non-solar_5092,5092,non-solar,ROCKDALE,2207,,False,train,True
non-solar_5093,5093,non-solar,ROCKDALE,2207,,False,train,True
non-solar_5094,5094,non-solar,ROCKDALE,2207,,False,test,True
non-solar_5095,5095,non-solar,ROCKDALE,2207,,False,validation,True
non-solar_5096,5096,non-solar,ROCKDALE,2207,,False,train,True
non-solar_5097,5097,non-solar,ROCKDALE,2207,,False,validation,True
non-solar_5098,5098,non-solar,ROCKDALE,2207,,False,test,True
non-solar_5099,5099,non-solar,ROCKDALE,2207,,False,train,True
non-solar_5100,5100,non-solar,ROCKDALE,2207,,False,validation,True
non-solar_5101,5101,non-solar,ROCKDALE,2207,,False,validation,True
non-solar_5102,5102,non-solar,ROCKDALE,2207,,False,train,True
non-solar_5103,5103,non-solar,ROCKDALE,2207,,False,train,True
non-solar_5104,5104,non-solar,ROCKDALE,2207,,False,train,True
non-solar_5105,5105,non-solar,ROCKDALE,2207,,False,train,True
non-solar_5106,5106,non-solar,ROCKDALE,2207,,False,train,True
non-solar_5107,5107,non-solar,ROCKDALE,2207,,False,validation,True
non-solar_5108,5108,non-solar,ROCKDALE,2207,,False,validation,True
non-solar_5109,5109,non-solar,ROCKDALE,2207,,False,train,True
non-solar_5110,5110,non-solar,ROCKDALE,2207,,False,train,True
non-solar_5111,5111,non-solar,ROCKDALE,2207,,False,validation,True
non-solar_5112,5112,non-solar,ROCKDALE,2208,,False,validation,True
non-solar_5113,5113,non-solar,ROCKDALE,2208,,False,train,True
non-solar_5114,5114,non-solar,ROCKDALE,2208,,False,train,True
non-solar_5115,5115,non-solar,ROCKDALE,2208,,False,train,True
non-solar_5116,5116,non-solar,ROCKDALE,2208,,False,train,True
non-solar_5117,5117,non-solar,ROCKDALE,2208,,False,train,True
non-solar_5118,5118,non-solar,ROCKDALE,2208,,False,validation,True
non-solar_5119,5119,non-solar,ROCKDALE,2208,,False,validation,True
non-solar_5120,5120,non-solar,ROCKDALE,2208,,False,train,True
non-solar_5121,5121,non-solar,ROCKDALE,2208,,False,train,True
non-solar_5122,5122,non-solar,ROCKDALE,2208,,False,train,True
non-solar_5123,5123,non-solar,ROCKDALE,2208,,False,train,True
non-solar_5124,5124,non-solar,ROCKDALE,2208,,False,train,True
non-solar_5125,5125,non-solar,ROCKDALE,2208,,False,test,True
non-solar_5126,5126,non-solar,ROCKDALE,2208,,False,train,True
non-solar_5127,5127,non-solar,ROCKDALE,2208,,False,test,True
non-solar_5128,5128,non-solar,ROCKDALE,2208,,False,train,True
non-solar_5129,5129,non-solar,ROCKDALE,2208,,False,train,True
non-solar_5130,5130,non-solar,ROCKDALE,2208,,False,test,True
non-solar_5131,5131,non-solar,ROCKDALE,2208,,False,train,True
non-solar_5132,5132,non-solar,ROCKDALE,2208,,False,train,True
non-solar_5133,5133,non-solar,ROCKDALE,2208,,False,test,True
non-solar_5134,5134,non-solar,ROCKDALE,2208,,False,train,True
non-solar_5135,5135,non-solar,ROCKDALE,2207,,False,validation,True
non-solar_5136,5136,non-solar,ROCKDALE,2207,,False,train,True
non-solar_5137,5137,non-solar,ROCKDALE,2207,,False,test,True
non-solar_5138,5138,non-solar,ROCKDALE,2218,,False,train,True
non-solar_5139,5139,non-solar,ROCKDALE,2218,,False,train,True
non-solar_5140,5140,non-solar,ROCKDALE,2218,,False,train,True
non-solar_5141,5141,non-solar,ROCKDALE,2218,,False,train,True
non-solar_5142,5142,non-solar,ROCKDALE,2218,,False,train,True
non-solar_5143,5143,non-solar,ROCKDALE,2218,,False,test,True
non-solar_5144,5144,non-solar,ROCKDALE,2218,,False,train,True
non-solar_5145,5145,non-solar,ROCKDALE,2218,,False,validation,True
non-solar_5146,5146,non-solar,ROCKDALE,2218,,False,test,True
non-solar_5147,5147,non-solar,ROCKDALE,2218,,False,train,True
non-solar_5148,5148,non-solar,ROCKDALE,2218,,False,train,True
non-solar_5149,5149,non-solar,ROCKDALE,2218,,False,train,True
non-solar_5150,5150,non-solar,ROCKDALE,2218,,False,validation,True
non-solar_5151,5151,non-solar,ROCKDALE,2218,,False,train,True
non-solar_5152,5152,non-solar,ROCKDALE,2218,,False,validation,True
non-solar_5153,5153,non-solar,ROCKDALE,2218,,False,train,True
non-solar_5154,5154,non-solar,ROCKDALE,2218,,False,test,True
non-solar_5155,5155,non-solar,ROCKDALE,2218,,False,test,True
non-solar_5156,5156,non-solar,ROCKDALE,2218,,False,train,True
non-solar_5157,5157,non-solar,HURSTVILLE,2218,,False,validation,True
non-solar_5158,5158,non-solar,HURSTVILLE,2218,,False,train,True
non-solar_5159,5159,non-solar,HURSTVILLE,2218,,False,train,True
non-solar_5160,5160,non-solar,HURSTVILLE,2218,,False,test,True
non-solar_5161,5161,non-solar,HURSTVILLE,2220,,False,train,True
non-solar_5162,5162,non-solar,HURSTVILLE,2220,,False,train,True
non-solar_5163,5163,non-solar,HURSTVILLE,2220,,False,train,True
non-solar_5164,5164,non-solar,HURSTVILLE,2218,,False,validation,True
non-solar_5165,5165,non-solar,HURSTVILLE,2220,,False,train,True
non-solar_5166,5166,non-solar,HURSTVILLE,2220,,False,test,True
non-solar_5167,5167,non-solar,HURSTVILLE,2220,,False,train,True
non-solar_5168,5168,non-solar,HURSTVILLE,2220,,False,train,True
non-solar_5169,5169,non-solar,HURSTVILLE,2220,,False,validation,True
non-solar_5170,5170,non-solar,HURSTVILLE,2220,,False,train,True
non-solar_5171,5171,non-solar,HURSTVILLE,2220,,False,validation,True
non-solar_5172,5172,non-solar,HURSTVILLE,2220,,False,train,True
non-solar_5173,5173,non-solar,HURSTVILLE,2220,,False,validation,True
non-solar_5174,5174,non-solar,HURSTVILLE,2220,,False,train,True
non-solar_5175,5175,non-solar,HURSTVILLE,2220,,False,train,True
non-solar_5176,5176,non-solar,HURSTVILLE,2220,,False,train,True
non-solar_5177,5177,non-solar,HURSTVILLE,2220,,False,train,True
non-solar_5178,5178,non-solar,HURSTVILLE,2220,,False,train,True
non-solar_5179,5179,non-solar,HURSTVILLE,2220,,False,train,True
non-solar_5180,5180,non-solar,HURSTVILLE,2209,,False,train,True
non-solar_5181,5181,non-solar,HURSTVILLE,2209,,False,validation,True
non-solar_5182,5182,non-solar,HURSTVILLE,2209,,False,train,True
non-solar_5183,5183,non-solar,HURSTVILLE,2209,,False,test,True
non-solar_5184,5184,non-solar,HURSTVILLE,2209,,False,test,True
non-solar_5185,5185,non-solar,HURSTVILLE,2209,,False,train,True
non-solar_5186,5186,non-solar,HURSTVILLE,2209,,False,train,True
non-solar_5187,5187,non-solar,HURSTVILLE,2220,,False,train,True
non-solar_5188,5188,non-solar,HURSTVILLE,2220,,False,train,True
non-solar_5189,5189,non-solar,HURSTVILLE,2220,,False,train,True
non-solar_5190,5190,non-solar,HURSTVILLE,2220,,False,train,True
non-solar_5191,5191,non-solar,HURSTVILLE,2220,,False,validation,True
non-solar_5192,5192,non-solar,HURSTVILLE,2220,,False,train,True
non-solar_5193,5193,non-solar,HURSTVILLE,2220,,False,train,True
non-solar_5194,5194,non-solar,HURSTVILLE,2220,,False,train,True
non-solar_5195,5195,non-solar,HURSTVILLE,2220,,False,train,True
non-solar_5196,5196,non-solar,HURSTVILLE,2220,,False,train,True
non-solar_5197,5197,non-solar,HURSTVILLE,2209,,False,train,True
non-solar_5198,5198,non-solar,HURSTVILLE,2209,,False,test,True
non-solar_5199,5199,non-solar,HURSTVILLE,2209,,False,train,True
non-solar_5200,5200,non-solar,HURSTVILLE,2209,,False,test,True
non-solar_5201,5201,non-solar,HURSTVILLE,2209,,False,train,True
non-solar_5202,5202,non-solar,HURSTVILLE,2209,,False,train,True
non-solar_5203,5203,non-solar,HURSTVILLE,2209,,False,train,True
non-solar_5204,5204,non-solar,HURSTVILLE,2209,,False,train,True
non-solar_5205,5205,non-solar,HURSTVILLE,2209,,False,train,True
non-solar_5206,5206,non-solar,HURSTVILLE,2210,,False,train,True
non-solar_5207,5207,non-solar,HURSTVILLE,2210,,False,train,True
non-solar_5208,5208,non-solar,HURSTVILLE,2210,,False,train,True
non-solar_5209,5209,non-solar,HURSTVILLE,2210,,False,train,True
non-solar_5210,5210,non-solar,HURSTVILLE,2210,,False,train,True
non-solar_5211,5211,non-solar,HURSTVILLE,2210,,False,train,True
non-solar_5212,5212,non-solar,HURSTVILLE,2210,,False,train,True
non-solar_5213,5213,non-solar,HURSTVILLE,2210,,False,test,True
non-solar_5214,5214,non-solar,HURSTVILLE,2210,,False,train,True
non-solar_5215,5215,non-solar,HURSTVILLE,2210,,False,train,True
non-solar_5216,5216,non-solar,HURSTVILLE,2210,,False,train,True
non-solar_5217,5217,non-solar,HURSTVILLE,2210,,False,train,True
non-solar_5218,5218,non-solar,HURSTVILLE,2210,,False,train,True
non-solar_5219,5219,non-solar,HURSTVILLE,2210,,False,train,True
non-solar_5220,5220,non-solar,HURSTVILLE,2210,,False,train,True
non-solar_5221,5221,non-solar,HURSTVILLE,2210,,False,train,True
non-solar_5222,5222,non-solar,HURSTVILLE,2210,,False,train,True
non-solar_5223,5223,non-solar,HURSTVILLE,2210,,False,validation,True
non-solar_5224,5224,non-solar,HURSTVILLE,2210,,False,validation,True
non-solar_5225,5225,non-solar,HURSTVILLE,2210,,False,train,True
non-solar_5226,5226,non-solar,HURSTVILLE,2210,,False,train,True
non-solar_5227,5227,non-solar,HURSTVILLE,2222,,False,train,True
non-solar_5228,5228,non-solar,HURSTVILLE,2222,,False,validation,True
non-solar_5229,5229,non-solar,HURSTVILLE,2222,,False,train,True
non-solar_5230,5230,non-solar,HURSTVILLE,2222,,False,train,True
non-solar_5231,5231,non-solar,HURSTVILLE,2222,,False,train,True
non-solar_5232,5232,non-solar,HURSTVILLE,2223,,False,train,True
non-solar_5233,5233,non-solar,HURSTVILLE,2223,,False,train,True
non-solar_5234,5234,non-solar,HURSTVILLE,2223,,False,test,True
non-solar_5235,5235,non-solar,HURSTVILLE,2223,,False,train,True
non-solar_5236,5236,non-solar,HURSTVILLE,2223,,False,validation,True
non-solar_5237,5237,non-solar,HURSTVILLE,2223,,False,validation,True
non-solar_5238,5238,non-solar,HURSTVILLE,2223,,False,test,True
non-solar_5239,5239,non-solar,HURSTVILLE,2223,,False,train,True
non-solar_5240,5240,non-solar,HURSTVILLE,2223,,False,train,True
non-solar_5241,5241,non-solar,HURSTVILLE,2223,,False,train,True
non-solar_5242,5242,non-solar,HURSTVILLE,2223,,False,train,True
non-solar_5243,5243,non-solar,HURSTVILLE,2223,,False,train,True
non-solar_5244,5244,non-solar,HURSTVILLE,2223,,False,test,True
non-solar_5245,5245,non-solar,HURSTVILLE,2223,,False,train,True
non-solar_5246,5246,non-solar,HURSTVILLE,2223,,False,train,True
non-solar_5247,5247,non-solar,HURSTVILLE,2223,,False,train,True
non-solar_5248,5248,non-solar,HURSTVILLE,2223,,False,train,True
non-solar_5249,5249,non-solar,HURSTVILLE,2223,,False,validation,True
non-solar_5250,5250,non-solar,HURSTVILLE,2223,,False,train,True
non-solar_5251,5251,non-solar,HURSTVILLE,2223,,False,test,True
non-solar_5252,5252,non-solar,HURSTVILLE,2223,,False,train,True
non-solar_5253,5253,non-solar,HURSTVILLE,2223,,False,train,True
non-solar_5254,5254,non-solar,HURSTVILLE,2223,,False,train,True
non-solar_5255,5255,non-solar,HURSTVILLE,2223,,False,train,True
non-solar_5256,5256,non-solar,HURSTVILLE,2223,,False,test,True
non-solar_5257,5257,non-solar,HURSTVILLE,2223,,False,test,True
non-solar_5258,5258,non-solar,HURSTVILLE,2223,,False,train,True
non-solar_5259,5259,non-solar,HURSTVILLE,2223,,False,train,True
non-solar_5260,5260,non-solar,HURSTVILLE,2223,,False,test,True
non-solar_5261,5261,non-solar,HURSTVILLE,2223,,False,train,True
non-solar_5262,5262,non-solar,HURSTVILLE,2210,,False,test,True
non-solar_5263,5263,non-solar,HURSTVILLE,2210,,False,train,True
non-solar_5264,5264,non-solar,HURSTVILLE,2210,,False,train,True
non-solar_5265,5265,non-solar,HURSTVILLE,2210,,False,train,True
non-solar_5266,5266,non-solar,HURSTVILLE,2210,,False,train,True
non-solar_5267,5267,non-solar,HURSTVILLE,2223,,False,train,True
non-solar_5268,5268,non-solar,HURSTVILLE,2210,,False,train,True
non-solar_5269,5269,non-solar,HURSTVILLE,2210,,False,train,True
non-solar_5270,5270,non-solar,HURSTVILLE,2210,,False,validation,True
non-solar_5271,5271,non-solar,HURSTVILLE,2210,,False,test,True
non-solar_5272,5272,non-solar,HURSTVILLE,2210,,False,test,True
non-solar_5273,5273,non-solar,HURSTVILLE,2210,,False,test,True
non-solar_5274,5274,non-solar,HURSTVILLE,2210,,False,train,True
non-solar_5275,5275,non-solar,HURSTVILLE,2210,,False,train,True
non-solar_5276,5276,non-solar,HURSTVILLE,2210,,False,train,True
non-solar_5277,5277,non-solar,HURSTVILLE,2210,,False,train,True
non-solar_5278,5278,non-solar,HURSTVILLE,2210,,False,validation,True
non-solar_5279,5279,non-solar,HURSTVILLE,2210,,False,train,True
non-solar_5280,5280,non-solar,HURSTVILLE,2210,,False,train,True
non-solar_5281,5281,non-solar,HURSTVILLE,2210,,False,validation,True
non-solar_5282,5282,non-solar,HURSTVILLE,2210,,False,train,True
non-solar_5283,5283,non-solar,HURSTVILLE,2210,,False,train,True
non-solar_5284,5284,non-solar,HURSTVILLE,2210,,False,test,True
non-solar_5285,5285,non-solar,HURSTVILLE,2210,,False,train,True
non-solar_5286,5286,non-solar,HURSTVILLE,2210,,False,train,True
non-solar_5287,5287,non-solar,HURSTVILLE,2210,,False,train,True
non-solar_5288,5288,non-solar,HURSTVILLE,2210,,False,train,True
non-solar_5289,5289,non-solar,HURSTVILLE,2210,,False,train,True
non-solar_5290,5290,non-solar,HURSTVILLE,2210,,False,train,True
non-solar_5291,5291,non-solar,HURSTVILLE,2210,,False,train,True
non-solar_5292,5292,non-solar,HURSTVILLE,2210,,False,train,True
non-solar_5293,5293,non-solar,KOGARAH,2220,,False,validation,True
non-solar_5294,5294,non-solar,KOGARAH,2221,,False,train,True
non-solar_5295,5295,non-solar,KOGARAH,2221,,False,train,True
non-solar_5296,5296,non-solar,KOGARAH,2221,,False,train,True
non-solar_5297,5297,non-solar,KOGARAH,2221,,False,train,True
non-solar_5298,5298,non-solar,KOGARAH,2221,,False,train,True
non-solar_5299,5299,non-solar,KOGARAH,2221,,False,train,True
non-solar_5300,5300,non-solar,KOGARAH,2221,,False,train,True
non-solar_5301,5301,non-solar,KOGARAH,2221,,False,train,True
non-solar_5302,5302,non-solar,KOGARAH,2221,,False,train,True
non-solar_5303,5303,non-solar,KOGARAH,2221,,False,train,True
non-solar_5304,5304,non-solar,KOGARAH,2221,,False,train,True
non-solar_5305,5305,non-solar,KOGARAH,2221,,False,train,True
non-solar_5306,5306,non-solar,KOGARAH,2221,,False,validation,True
non-solar_5307,5307,non-solar,KOGARAH,2221,,False,train,True
non-solar_5308,5308,non-solar,KOGARAH,2221,,False,train,True
non-solar_5309,5309,non-solar,BANKSTOWN,2212,,False,train,True
non-solar_5310,5310,non-solar,BANKSTOWN,2200,,False,train,True
non-solar_5311,5311,non-solar,BANKSTOWN,2200,,False,train,True
non-solar_5312,5312,non-solar,BANKSTOWN,2200,,False,test,True
non-solar_5313,5313,non-solar,BANKSTOWN,2200,,False,train,True
non-solar_5314,5314,non-solar,BANKSTOWN,2200,,False,train,True
non-solar_5315,5315,non-solar,BANKSTOWN,2200,,False,train,True
non-solar_5316,5316,non-solar,BANKSTOWN,2200,,False,train,True
non-solar_5317,5317,non-solar,BANKSTOWN,2200,,False,train,True
non-solar_5318,5318,non-solar,BANKSTOWN,2200,,False,validation,True
non-solar_5319,5319,non-solar,BANKSTOWN,2200,,False,train,True
non-solar_5320,5320,non-solar,BANKSTOWN,2200,,False,validation,True
non-solar_5321,5321,non-solar,BANKSTOWN,2200,,False,train,True
non-solar_5322,5322,non-solar,BANKSTOWN,2196,,False,train,True
non-solar_5323,5323,non-solar,BANKSTOWN,2200,,False,train,True
non-solar_5324,5324,non-solar,BANKSTOWN,2196,,False,train,True
non-solar_5325,5325,non-solar,BANKSTOWN,2196,,False,train,True
non-solar_5326,5326,non-solar,BANKSTOWN,2200,,False,validation,True
non-solar_5327,5327,non-solar,BANKSTOWN,2200,,False,train,True
non-solar_5328,5328,non-solar,BANKSTOWN,2200,,False,train,True
non-solar_5329,5329,non-solar,BANKSTOWN,2196,,False,validation,True
non-solar_5330,5330,non-solar,BANKSTOWN,2196,,False,validation,True
non-solar_5331,5331,non-solar,BANKSTOWN,2196,,False,validation,True
non-solar_5332,5332,non-solar,BANKSTOWN,2196,,False,train,True
non-solar_5333,5333,non-solar,BANKSTOWN,2196,,False,validation,True
non-solar_5334,5334,non-solar,BANKSTOWN,2196,,False,validation,True
non-solar_5335,5335,non-solar,BANKSTOWN,2196,,False,train,True
non-solar_5336,5336,non-solar,BANKSTOWN,2196,,False,train,True
non-solar_5337,5337,non-solar,BANKSTOWN,2196,,False,train,True
non-solar_5338,5338,non-solar,BANKSTOWN,2196,,False,train,True
non-solar_5339,5339,non-solar,BANKSTOWN,2196,,False,train,True
non-solar_5340,5340,non-solar,BANKSTOWN,2196,,False,validation,True
non-solar_5341,5341,non-solar,BANKSTOWN,2196,,False,test,True
non-solar_5342,5342,non-solar,BANKSTOWN,2196,,False,train,True
non-solar_5343,5343,non-solar,BANKSTOWN,2196,,False,train,True
non-solar_5344,5344,non-solar,BANKSTOWN,2196,,False,train,True
non-solar_5345,5345,non-solar,CANTERBURY,2196,,False,train,True
non-solar_5346,5346,non-solar,BANKSTOWN,2190,,False,test,True
non-solar_5347,5347,non-solar,BANKSTOWN,2190,,False,validation,True
non-solar_5348,5348,non-solar,BANKSTOWN,2190,,False,train,True
non-solar_5349,5349,non-solar,BANKSTOWN,2190,,False,train,True
non-solar_5350,5350,non-solar,BANKSTOWN,2190,,False,train,True
non-solar_5351,5351,non-solar,BANKSTOWN,2190,,False,train,True
non-solar_5352,5352,non-solar,BANKSTOWN,2190,,False,validation,True
non-solar_5353,5353,non-solar,BANKSTOWN,2190,,False,train,True
non-solar_5354,5354,non-solar,BANKSTOWN,2190,,False,train,True
non-solar_5355,5355,non-solar,BANKSTOWN,2190,,False,train,True
non-solar_5356,5356,non-solar,BANKSTOWN,2190,,False,test,True
non-solar_5357,5357,non-solar,BANKSTOWN,2190,,False,train,True
non-solar_5358,5358,non-solar,BANKSTOWN,2190,,False,test,True
non-solar_5359,5359,non-solar,BANKSTOWN,2190,,False,train,True
non-solar_5360,5360,non-solar,BANKSTOWN,2190,,False,train,True
non-solar_5361,5361,non-solar,BANKSTOWN,2190,,False,train,True
non-solar_5362,5362,non-solar,BANKSTOWN,2190,,False,train,True
non-solar_5363,5363,non-solar,BANKSTOWN,2190,,False,test,True
non-solar_5364,5364,non-solar,BANKSTOWN,2190,,False,train,True
non-solar_5365,5365,non-solar,BANKSTOWN,2190,,False,train,True
non-solar_5366,5366,non-solar,BANKSTOWN,2190,,False,train,True
non-solar_5367,5367,non-solar,BANKSTOWN,2190,,False,train,True
non-solar_5368,5368,non-solar,BANKSTOWN,2199,,False,train,True
non-solar_5369,5369,non-solar,BANKSTOWN,2199,,False,test,True
non-solar_5370,5370,non-solar,BANKSTOWN,2199,,False,train,True
non-solar_5371,5371,non-solar,BANKSTOWN,2199,,False,test,True
non-solar_5372,5372,non-solar,BANKSTOWN,2199,,False,train,True
non-solar_5373,5373,non-solar,BANKSTOWN,2199,,False,train,True
non-solar_5374,5374,non-solar,BANKSTOWN,2197,,False,train,True
non-solar_5375,5375,non-solar,BANKSTOWN,2199,,False,train,True
non-solar_5376,5376,non-solar,BANKSTOWN,2199,,False,train,True
non-solar_5377,5377,non-solar,BANKSTOWN,2199,,False,train,True
non-solar_5378,5378,non-solar,BANKSTOWN,2199,,False,test,True
non-solar_5379,5379,non-solar,BANKSTOWN,2199,,False,train,True
non-solar_5380,5380,non-solar,BANKSTOWN,2197,,False,test,True
non-solar_5381,5381,non-solar,BANKSTOWN,2197,,False,train,True
non-solar_5382,5382,non-solar,BANKSTOWN,2197,,False,train,True
non-solar_5383,5383,non-solar,BANKSTOWN,2197,,False,test,True
non-solar_5384,5384,non-solar,BANKSTOWN,2198,,False,train,True
non-solar_5385,5385,non-solar,BANKSTOWN,2198,,False,train,True
non-solar_5386,5386,non-solar,BANKSTOWN,2198,,False,test,True
non-solar_5387,5387,non-solar,BANKSTOWN,2198,,False,train,True
non-solar_5388,5388,non-solar,BANKSTOWN,2198,,False,train,True
non-solar_5389,5389,non-solar,BANKSTOWN,2198,,False,train,True
non-solar_5390,5390,non-solar,BANKSTOWN,2198,,False,train,True
non-solar_5391,5391,non-solar,BANKSTOWN,2198,,False,validation,True
non-solar_5392,5392,non-solar,BANKSTOWN,2198,,False,train,True
non-solar_5393,5393,non-solar,BANKSTOWN,2198,,False,train,True
non-solar_5394,5394,non-solar,BANKSTOWN,2198,,False,train,True
non-solar_5395,5395,non-solar,BANKSTOWN,2198,,False,validation,True
non-solar_5396,5396,non-solar,BANKSTOWN,2198,,False,test,True
non-solar_5397,5397,non-solar,BANKSTOWN,2198,,False,train,True
non-solar_5398,5398,non-solar,BANKSTOWN,2198,,False,validation,True
non-solar_5399,5399,non-solar,BANKSTOWN,2198,,False,train,True
non-solar_5400,5400,non-solar,BANKSTOWN,2197,,False,train,True
non-solar_5401,5401,non-solar,BANKSTOWN,2162,,False,train,True
non-solar_5402,5402,non-solar,BANKSTOWN,2162,,False,train,True
non-solar_5403,5403,non-solar,BANKSTOWN,2162,,False,train,True
non-solar_5404,5404,non-solar,BANKSTOWN,2162,,False,train,True
non-solar_5405,5405,non-solar,BANKSTOWN,2162,,False,validation,True
non-solar_5406,5406,non-solar,BANKSTOWN,2162,,False,train,True
non-solar_5407,5407,non-solar,BANKSTOWN,2162,,False,train,True
non-solar_5408,5408,non-solar,BANKSTOWN,2162,,False,train,True
non-solar_5409,5409,non-solar,BANKSTOWN,2162,,False,train,True
non-solar_5410,5410,non-solar,BANKSTOWN,2162,,False,train,True
non-solar_5411,5411,non-solar,BANKSTOWN,2162,,False,train,True
non-solar_5412,5412,non-solar,BANKSTOWN,2162,,False,train,True
non-solar_5413,5413,non-solar,BANKSTOWN,2162,,False,validation,True
non-solar_5414,5414,non-solar,BANKSTOWN,2162,,False,train,True
non-solar_5415,5415,non-solar,BANKSTOWN,2162,,False,train,True
non-solar_5416,5416,non-solar,BANKSTOWN,2162,,False,train,True
non-solar_5417,5417,non-solar,BANKSTOWN,2162,,False,train,True
non-solar_5418,5418,non-solar,BANKSTOWN,2162,,False,train,True
non-solar_5419,5419,non-solar,BANKSTOWN,2162,,False,train,True
non-solar_5420,5420,non-solar,BANKSTOWN,2162,,False,test,True
non-solar_5421,5421,non-solar,BANKSTOWN,2162,,False,validation,True
non-solar_5422,5422,non-solar,BANKSTOWN,2162,,False,train,True
non-solar_5423,5423,non-solar,BANKSTOWN,2162,,False,validation,True
non-solar_5424,5424,non-solar,BANKSTOWN,2162,,False,test,True
non-solar_5425,5425,non-solar,BANKSTOWN,2162,,False,train,True
non-solar_5426,5426,non-solar,BANKSTOWN,2162,,False,validation,True
non-solar_5427,5427,non-solar,BANKSTOWN,2162,,False,validation,True
non-solar_5428,5428,non-solar,BANKSTOWN,2143,,False,train,True
non-solar_5429,5429,non-solar,BANKSTOWN,2143,,False,test,True
non-solar_5430,5430,non-solar,BANKSTOWN,2143,,False,train,True
non-solar_5431,5431,non-solar,BANKSTOWN,2143,,False,test,True
non-solar_5432,5432,non-solar,BANKSTOWN,2143,,False,validation,True
non-solar_5433,5433,non-solar,BANKSTOWN,2143,,False,validation,True
non-solar_5434,5434,non-solar,BANKSTOWN,2143,,False,train,True
non-solar_5435,5435,non-solar,BANKSTOWN,2143,,False,train,True
non-solar_5436,5436,non-solar,BANKSTOWN,2143,,False,validation,True
non-solar_5437,5437,non-solar,BANKSTOWN,2143,,False,test,True
non-solar_5438,5438,non-solar,BANKSTOWN,2143,,False,train,True
non-solar_5439,5439,non-solar,BANKSTOWN,2211,,False,validation,True
non-solar_5440,5440,non-solar,BANKSTOWN,2211,,False,train,True
non-solar_5441,5441,non-solar,BANKSTOWN,2211,,False,train,True
non-solar_5442,5442,non-solar,BANKSTOWN,2211,,False,train,True
non-solar_5443,5443,non-solar,BANKSTOWN,2212,,False,train,True
non-solar_5444,5444,non-solar,BANKSTOWN,2212,,False,train,True
non-solar_5445,5445,non-solar,BANKSTOWN,2211,,False,train,True
non-solar_5446,5446,non-solar,BANKSTOWN,2211,,False,train,True
non-solar_5447,5447,non-solar,BANKSTOWN,2211,,False,validation,True
non-solar_5448,5448,non-solar,BANKSTOWN,2211,,False,train,True
non-solar_5449,5449,non-solar,BANKSTOWN,2211,,False,train,True
non-solar_5450,5450,non-solar,BANKSTOWN,2211,,False,train,True
non-solar_5451,5451,non-solar,BANKSTOWN,2211,,False,validation,True
non-solar_5452,5452,non-solar,BANKSTOWN,2211,,False,train,True
non-solar_5453,5453,non-solar,BANKSTOWN,2211,,False,train,True
non-solar_5454,5454,non-solar,BANKSTOWN,2212,,False,train,True
non-solar_5455,5455,non-solar,BANKSTOWN,2211,,False,test,True
non-solar_5456,5456,non-solar,BANKSTOWN,2211,,False,train,True
non-solar_5457,5457,non-solar,BANKSTOWN,2211,,False,train,True
non-solar_5458,5458,non-solar,BANKSTOWN,2211,,False,train,True
non-solar_5459,5459,non-solar,BANKSTOWN,2212,,False,train,True
non-solar_5460,5460,non-solar,BANKSTOWN,2212,,False,train,True
non-solar_5461,5461,non-solar,BANKSTOWN,2212,,False,train,True
non-solar_5462,5462,non-solar,BANKSTOWN,2212,,False,test,True
non-solar_5463,5463,non-solar,BANKSTOWN,2212,,False,validation,True
non-solar_5464,5464,non-solar,BANKSTOWN,2212,,False,test,True
non-solar_5465,5465,non-solar,BANKSTOWN,2212,,False,validation,True
non-solar_5466,5466,non-solar,BANKSTOWN,2212,,False,train,True
non-solar_5467,5467,non-solar,BANKSTOWN,2212,,False,train,True
non-solar_5468,5468,non-solar,BANKSTOWN,2212,,False,train,True
non-solar_5469,5469,non-solar,BANKSTOWN,2212,,False,test,True
non-solar_5470,5470,non-solar,BANKSTOWN,2211,,False,train,True
non-solar_5471,5471,non-solar,BANKSTOWN,2211,,False,train,True
non-solar_5472,5472,non-solar,CANTERBURY,2195,,False,train,True
non-solar_5473,5473,non-solar,CANTERBURY,2195,,False,train,True
non-solar_5474,5474,non-solar,CANTERBURY,2195,,False,test,True
non-solar_5475,5475,non-solar,CANTERBURY,2195,,False,train,True
non-solar_5476,5476,non-solar,STRATHFIELD,2140,,False,train,True
non-solar_5477,5477,non-solar,STRATHFIELD,2140,,False,train,True
non-solar_5478,5478,non-solar,STRATHFIELD,2140,,False,train,True
non-solar_5479,5479,non-solar,STRATHFIELD,2140,,False,validation,True
non-solar_5480,5480,non-solar,STRATHFIELD,2140,,False,train,True
non-solar_5481,5481,non-solar,STRATHFIELD,2140,,False,validation,True
non-solar_5482,5482,non-solar,STRATHFIELD,2140,,False,train,True
non-solar_5483,5483,non-solar,STRATHFIELD,2140,,False,validation,True
non-solar_5484,5484,non-solar,STRATHFIELD,2140,,False,test,True
non-solar_5485,5485,non-solar,STRATHFIELD,2140,,False,train,True
non-solar_5486,5486,non-solar,AUBURN,2141,,False,train,True
non-solar_5487,5487,non-solar,AUBURN,2141,,False,train,True
non-solar_5488,5488,non-solar,AUBURN,2141,,False,train,True
non-solar_5489,5489,non-solar,AUBURN,2141,,False,validation,True
non-solar_5490,5490,non-solar,AUBURN,2141,,False,train,True
non-solar_5491,5491,non-solar,AUBURN,2141,,False,train,True
non-solar_5492,5492,non-solar,AUBURN,2141,,False,train,True
non-solar_5493,5493,non-solar,AUBURN,2141,,False,train,True
non-solar_5494,5494,non-solar,AUBURN,2141,,False,train,True
non-solar_5495,5495,non-solar,AUBURN,2141,,False,train,True
non-solar_5496,5496,non-solar,AUBURN,2141,,False,validation,True
non-solar_5497,5497,non-solar,AUBURN,2141,,False,train,True
non-solar_5498,5498,non-solar,AUBURN,2141,,False,train,True
non-solar_5499,5499,non-solar,AUBURN,2141,,False,train,True
non-solar_5500,5500,non-solar,AUBURN,2141,,False,validation,True
non-solar_5501,5501,non-solar,AUBURN,2141,,False,train,True
non-solar_5502,5502,non-solar,AUBURN,2141,,False,train,True
non-solar_5503,5503,non-solar,AUBURN,2141,,False,test,True
non-solar_5504,5504,non-solar,AUBURN,2141,,False,train,True
non-solar_5505,5505,non-solar,AUBURN,2141,,False,test,True
non-solar_5506,5506,non-solar,AUBURN,2141,,False,test,True
non-solar_5507,5507,non-solar,AUBURN,2141,,False,validation,True
non-solar_5508,5508,non-solar,AUBURN,2141,,False,train,True
non-solar_5509,5509,non-solar,AUBURN,2141,,False,validation,True
non-solar_5510,5510,non-solar,AUBURN,2141,,False,train,True
non-solar_5511,5511,non-solar,AUBURN,2141,,False,train,True
non-solar_5512,5512,non-solar,AUBURN,2141,,False,train,True
non-solar_5513,5513,non-solar,AUBURN,2141,,False,train,True
non-solar_5514,5514,non-solar,AUBURN,2141,,False,train,True
non-solar_5515,5515,non-solar,AUBURN,2141,,False,test,True
non-solar_5516,5516,non-solar,AUBURN,2141,,False,train,True
non-solar_5517,5517,non-solar,AUBURN,2141,,False,train,True
non-solar_5518,5518,non-solar,AUBURN,2141,,False,train,True
non-solar_5519,5519,non-solar,AUBURN,2141,,False,test,True
non-solar_5520,5520,non-solar,AUBURN,2141,,False,train,True
non-solar_5521,5521,non-solar,AUBURN,2141,,False,train,True
non-solar_5522,5522,non-solar,AUBURN,2141,,False,train,True
non-solar_5523,5523,non-solar,AUBURN,2141,,False,train,True
non-solar_5524,5524,non-solar,AUBURN,2141,,False,train,True
non-solar_5525,5525,non-solar,AUBURN,2141,,False,train,True
non-solar_5526,5526,non-solar,AUBURN,2128,,False,train,True
non-solar_5527,5527,non-solar,AUBURN,2141,,False,train,True
non-solar_5528,5528,non-solar,AUBURN,2141,,False,test,True
non-solar_5529,5529,non-solar,AUBURN,2141,,False,train,True
non-solar_5530,5530,non-solar,AUBURN,2141,,False,test,True
non-solar_5531,5531,non-solar,AUBURN,2141,,False,train,True
non-solar_5532,5532,non-solar,AUBURN,2141,,False,train,True
non-solar_5533,5533,non-solar,AUBURN,2144,,False,validation,True
non-solar_5534,5534,non-solar,AUBURN,2144,,False,train,True
non-solar_5535,5535,non-solar,AUBURN,2144,,False,train,True
non-solar_5536,5536,non-solar,AUBURN,2144,,False,train,True
non-solar_5537,5537,non-solar,AUBURN,2144,,False,train,True
non-solar_5538,5538,non-solar,AUBURN,2144,,False,train,True
non-solar_5539,5539,non-solar,AUBURN,2144,,False,validation,True
non-solar_5540,5540,non-solar,AUBURN,2144,,False,train,True
non-solar_5541,5541,non-solar,AUBURN,2144,,False,train,True
non-solar_5542,5542,non-solar,AUBURN,2144,,False,train,True
non-solar_5543,5543,non-solar,AUBURN,2144,,False,train,True
non-solar_5544,5544,non-solar,AUBURN,2144,,False,train,True
non-solar_5545,5545,non-solar,AUBURN,2144,,False,train,True
non-solar_5546,5546,non-solar,AUBURN,2144,,False,test,True
non-solar_5547,5547,non-solar,AUBURN,2144,,False,train,True
non-solar_5548,5548,non-solar,AUBURN,2144,,False,train,True
non-solar_5549,5549,non-solar,AUBURN,2144,,False,train,True
non-solar_5550,5550,non-solar,AUBURN,2144,,False,test,True
non-solar_5551,5551,non-solar,AUBURN,2144,,False,train,True
non-solar_5552,5552,non-solar,AUBURN,2144,,False,train,True
non-solar_5553,5553,non-solar,AUBURN,2144,,False,train,True
non-solar_5554,5554,non-solar,BANKSTOWN,2213,,False,train,True
non-solar_5555,5555,non-solar,BANKSTOWN,2213,,False,validation,True
non-solar_5556,5556,non-solar,BANKSTOWN,2213,,False,train,True
non-solar_5557,5557,non-solar,BANKSTOWN,2213,,False,train,True
non-solar_5558,5558,non-solar,BANKSTOWN,2213,,False,train,True
non-solar_5559,5559,non-solar,BANKSTOWN,2213,,False,train,True
non-solar_5560,5560,non-solar,BANKSTOWN,2213,,False,validation,True
non-solar_5561,5561,non-solar,BANKSTOWN,2213,,False,train,True
non-solar_5562,5562,non-solar,BANKSTOWN,2213,,False,validation,True
non-solar_5563,5563,non-solar,BANKSTOWN,2213,,False,test,True
non-solar_5564,5564,non-solar,BANKSTOWN,2213,,False,train,True
non-solar_5565,5565,non-solar,BANKSTOWN,2213,,False,test,True
non-solar_5566,5566,non-solar,BANKSTOWN,2213,,False,train,True
non-solar_5567,5567,non-solar,BANKSTOWN,2213,,False,test,True
non-solar_5568,5568,non-solar,BANKSTOWN,2213,,False,train,True
non-solar_5569,5569,non-solar,BANKSTOWN,2213,,False,train,True
non-solar_5570,5570,non-solar,BANKSTOWN,2213,,False,train,True
non-solar_5571,5571,non-solar,BANKSTOWN,2213,,False,train,True
non-solar_5572,5572,non-solar,BANKSTOWN,2213,,False,train,True
non-solar_5573,5573,non-solar,BANKSTOWN,2213,,False,train,True
non-solar_5574,5574,non-solar,BANKSTOWN,2213,,False,train,True
non-solar_5575,5575,non-solar,BANKSTOWN,2214,,False,test,True
non-solar_5576,5576,non-solar,BANKSTOWN,2214,,False,validation,True
non-solar_5577,5577,non-solar,BANKSTOWN,2214,,False,train,True
non-solar_5578,5578,non-solar,BANKSTOWN,2214,,False,train,True
non-solar_5579,5579,non-solar,BANKSTOWN,2214,,False,train,True
non-solar_5580,5580,non-solar,BANKSTOWN,2214,,False,validation,True
non-solar_5581,5581,non-solar,BANKSTOWN,2214,,False,train,True
non-solar_5582,5582,non-solar,BANKSTOWN,2214,,False,test,True
non-solar_5583,5583,non-solar,BANKSTOWN,2214,,False,train,True
non-solar_5584,5584,non-solar,BANKSTOWN,2214,,False,test,True
non-solar_5585,5585,non-solar,BANKSTOWN,2214,,False,validation,True
non-solar_5586,5586,non-solar,BANKSTOWN,2214,,False,train,True
non-solar_5587,5587,non-solar,STRATHFIELD,2135,,False,train,True
non-solar_5588,5588,non-solar,STRATHFIELD,2135,,False,train,True
non-solar_5589,5589,non-solar,STRATHFIELD,2135,,False,test,True
non-solar_5590,5590,non-solar,STRATHFIELD,2135,,False,train,True
non-solar_5591,5591,non-solar,STRATHFIELD,2135,,False,train,True
non-solar_5592,5592,non-solar,STRATHFIELD,2135,,False,train,True
non-solar_5593,5593,non-solar,STRATHFIELD,2135,,False,validation,True
non-solar_5594,5594,non-solar,STRATHFIELD,2135,,False,train,True
non-solar_5595,5595,non-solar,STRATHFIELD,2135,,False,train,True
non-solar_5596,5596,non-solar,STRATHFIELD,2135,,False,train,True
non-solar_5597,5597,non-solar,STRATHFIELD,2135,,False,test,True
non-solar_5598,5598,non-solar,STRATHFIELD,2135,,False,test,True
non-solar_5599,5599,non-solar,STRATHFIELD,2135,,False,test,True
non-solar_5600,5600,non-solar,STRATHFIELD,2135,,False,train,True
non-solar_5601,5601,non-solar,STRATHFIELD,2135,,False,validation,True
non-solar_5602,5602,non-solar,STRATHFIELD,2135,,False,validation,True
non-solar_5603,5603,non-solar,STRATHFIELD,2135,,False,train,True
non-solar_5604,5604,non-solar,STRATHFIELD,2135,,False,test,True
non-solar_5605,5605,non-solar,STRATHFIELD,2135,,False,train,True
non-solar_5606,5606,non-solar,BURWOOD,2132,,False,train,True
non-solar_5607,5607,non-solar,BURWOOD,2134,,False,train,True
non-solar_5608,5608,non-solar,BURWOOD,2134,,False,train,True
non-solar_5609,5609,non-solar,BURWOOD,2134,,False,test,True
non-solar_5610,5610,non-solar,BURWOOD,2134,,False,train,True
non-solar_5611,5611,non-solar,BURWOOD,2134,,False,validation,True
non-solar_5612,5612,non-solar,BURWOOD,2135,,False,train,True
non-solar_5613,5613,non-solar,BURWOOD,2134,,False,train,True
non-solar_5614,5614,non-solar,BURWOOD,2134,,False,train,True
non-solar_5615,5615,non-solar,BURWOOD,2134,,False,train,True
non-solar_5616,5616,non-solar,BURWOOD,2134,,False,train,True
non-solar_5617,5617,non-solar,BURWOOD,2134,,False,train,True
non-solar_5618,5618,non-solar,BURWOOD,2134,,False,test,True
non-solar_5619,5619,non-solar,BURWOOD,2134,,False,train,True
non-solar_5620,5620,non-solar,BURWOOD,2134,,False,train,True
non-solar_5621,5621,non-solar,BURWOOD,2134,,False,validation,True
non-solar_5622,5622,non-solar,BURWOOD,2134,,False,train,True
non-solar_5623,5623,non-solar,BURWOOD,2134,,False,train,True
non-solar_5624,5624,non-solar,BURWOOD,2132,,False,train,True
non-solar_5625,5625,non-solar,BURWOOD,2132,,False,validation,True
non-solar_5626,5626,non-solar,BURWOOD,2132,,False,train,True
non-solar_5627,5627,non-solar,CANADA BAY,2137,,False,train,True
non-solar_5628,5628,non-solar,CANADA BAY,2138,,False,test,True
non-solar_5629,5629,non-solar,CANADA BAY,2138,,False,validation,True
non-solar_5630,5630,non-solar,CANADA BAY,2138,,False,test,True
non-solar_5631,5631,non-solar,CANADA BAY,2138,,False,test,True
non-solar_5632,5632,non-solar,CANADA BAY,2138,,False,train,True
non-solar_5633,5633,non-solar,CANADA BAY,2137,,False,test,True
non-solar_5634,5634,non-solar,CANADA BAY,2137,,False,train,True
non-solar_5635,5635,non-solar,CANADA BAY,2137,,False,test,True
non-solar_5636,5636,non-solar,CANADA BAY,2137,,False,train,True
non-solar_5637,5637,non-solar,CANADA BAY,2137,,False,train,True
non-solar_5638,5638,non-solar,CANADA BAY,2138,,False,test,True
non-solar_5639,5639,non-solar,CANADA BAY,2138,,False,train,True
non-solar_5640,5640,non-solar,CANADA BAY,2138,,False,validation,True
non-solar_5641,5641,non-solar,CANADA BAY,2138,,False,train,True
non-solar_5642,5642,non-solar,CANADA BAY,2138,,False,train,True
non-solar_5643,5643,non-solar,CANADA BAY,2138,,False,train,True
non-solar_5644,5644,non-solar,CANADA BAY,2137,,False,train,True
non-solar_5645,5645,non-solar,CANADA BAY,2137,,False,train,True
non-solar_5646,5646,non-solar,CANADA BAY,2137,,False,test,True
non-solar_5647,5647,non-solar,CANADA BAY,2137,,False,test,True
non-solar_5648,5648,non-solar,CANADA BAY,2137,,False,train,True
non-solar_5649,5649,non-solar,CANADA BAY,2137,,False,train,True
non-solar_5650,5650,non-solar,CANADA BAY,2137,,False,train,True
non-solar_5651,5651,non-solar,CANADA BAY,2137,,False,train,True
non-solar_5652,5652,non-solar,CANADA BAY,2137,,False,train,True
non-solar_5653,5653,non-solar,CANADA BAY,2137,,False,train,True
non-solar_5654,5654,non-solar,CANADA BAY,2137,,False,train,True
non-solar_5655,5655,non-solar,CANADA BAY,2137,,False,train,True
non-solar_5656,5656,non-solar,CANADA BAY,2137,,False,test,True
non-solar_5657,5657,non-solar,CANADA BAY,2137,,False,train,True
non-solar_5658,5658,non-solar,CANADA BAY,2137,,False,train,True
non-solar_5659,5659,non-solar,CANADA BAY,2137,,False,validation,True
non-solar_5660,5660,non-solar,CANADA BAY,2046,,False,test,True
non-solar_5661,5661,non-solar,CANADA BAY,2046,,False,test,True
non-solar_5662,5662,non-solar,CANADA BAY,2046,,False,validation,True
non-solar_5663,5663,non-solar,CANADA BAY,2046,,False,train,True
non-solar_5664,5664,non-solar,CANADA BAY,2046,,False,train,True
non-solar_5665,5665,non-solar,CANADA BAY,2046,,False,test,True
non-solar_5666,5666,non-solar,CANADA BAY,2046,,False,validation,True
non-solar_5667,5667,non-solar,CANADA BAY,2046,,False,validation,True
non-solar_5668,5668,non-solar,CANADA BAY,2046,,False,test,True
non-solar_5669,5669,non-solar,CANADA BAY,2046,,False,train,True
non-solar_5670,5670,non-solar,CANADA BAY,2046,,False,validation,True
non-solar_5671,5671,non-solar,CANADA BAY,2046,,False,train,True
non-solar_5672,5672,non-solar,CANADA BAY,2046,,False,train,True
non-solar_5673,5673,non-solar,CANADA BAY,2046,,False,validation,True
non-solar_5674,5674,non-solar,CANADA BAY,2046,,False,train,True
non-solar_5675,5675,non-solar,CANADA BAY,2046,,False,train,True
non-solar_5676,5676,non-solar,CANADA BAY,2046,,False,test,True
non-solar_5677,5677,non-solar,CANADA BAY,2046,,False,train,True
non-solar_5678,5678,non-solar,CANADA BAY,2046,,False,train,True
non-solar_5679,5679,non-solar,CANADA BAY,2046,,False,train,True
non-solar_5680,5680,non-solar,CANADA BAY,2046,,False,validation,True
non-solar_5681,5681,non-solar,CANADA BAY,2047,,False,train,True
non-solar_5682,5682,non-solar,CANADA BAY,2047,,False,test,True
non-solar_5683,5683,non-solar,CANADA BAY,2047,,False,train,True
non-solar_5684,5684,non-solar,ASHFIELD,2045,,False,train,True
non-solar_5685,5685,non-solar,LEICHHARDT,2040,,False,train,True
non-solar_5686,5686,non-solar,LEICHHARDT,2040,,False,train,True
non-solar_5687,5687,non-solar,LEICHHARDT,2040,,False,validation,True
non-solar_5688,5688,non-solar,LEICHHARDT,2040,,False,train,True
non-solar_5689,5689,non-solar,LEICHHARDT,2040,,False,train,True
non-solar_5690,5690,non-solar,LEICHHARDT,2040,,False,train,True
non-solar_5691,5691,non-solar,LEICHHARDT,2040,,False,train,True
non-solar_5692,5692,non-solar,LEICHHARDT,2039,,False,train,True
non-solar_5693,5693,non-solar,LEICHHARDT,2039,,False,train,True
non-solar_5694,5694,non-solar,LEICHHARDT,2039,,False,train,True
non-solar_5695,5695,non-solar,LEICHHARDT,2039,,False,train,True
non-solar_5696,5696,non-solar,LEICHHARDT,2039,,False,validation,True
non-solar_5697,5697,non-solar,LEICHHARDT,2039,,False,train,True
non-solar_5698,5698,non-solar,LEICHHARDT,2039,,False,train,True
non-solar_5699,5699,non-solar,LEICHHARDT,2039,,False,train,True
non-solar_5700,5700,non-solar,LEICHHARDT,2039,,False,test,True
non-solar_5701,5701,non-solar,LEICHHARDT,2041,,False,train,True
non-solar_5702,5702,non-solar,LEICHHARDT,2039,,False,train,True
non-solar_5703,5703,non-solar,LEICHHARDT,2039,,False,test,True
non-solar_5704,5704,non-solar,LEICHHARDT,2041,,False,train,True
non-solar_5705,5705,non-solar,LEICHHARDT,2041,,False,train,True
non-solar_5706,5706,non-solar,LEICHHARDT,2041,,False,validation,True
non-solar_5707,5707,non-solar,LEICHHARDT,2041,,False,train,True
non-solar_5708,5708,non-solar,LEICHHARDT,2041,,False,test,True
non-solar_5709,5709,non-solar,LEICHHARDT,2041,,False,train,True
non-solar_5710,5710,non-solar,SYDNEY,2037,,False,train,True
non-solar_5711,5711,non-solar,SYDNEY,2037,,False,train,True
non-solar_5712,5712,non-solar,SYDNEY,2037,,False,test,True
non-solar_5713,5713,non-solar,SYDNEY,2037,,False,train,True
non-solar_5714,5714,non-solar,SYDNEY,2037,,False,train,True
non-solar_5715,5715,non-solar,SYDNEY,2037,,False,train,True
non-solar_5716,5716,non-solar,SYDNEY,2037,,False,validation,True
non-solar_5717,5717,non-solar,SYDNEY,2037,,False,test,True
non-solar_5718,5718,non-solar,SYDNEY,2037,,False,test,True
non-solar_5719,5719,non-solar,LEICHHARDT,2038,,False,validation,True
non-solar_5720,5720,non-solar,LEICHHARDT,2038,,False,train,True
non-solar_5721,5721,non-solar,LEICHHARDT,2038,,False,validation,True
non-solar_5722,5722,non-solar,LEICHHARDT,2038,,False,train,True
non-solar_5723,5723,non-solar,LEICHHARDT,2038,,False,train,True
non-solar_5724,5724,non-solar,LEICHHARDT,2038,,False,test,True
non-solar_5725,5725,non-solar,LEICHHARDT,2038,,False,train,True
non-solar_5726,5726,non-solar,LEICHHARDT,2038,,False,train,True
non-solar_5727,5727,non-solar,ASHFIELD,2130,,False,train,True
non-solar_5728,5728,non-solar,ASHFIELD,2130,,False,train,True
non-solar_5729,5729,non-solar,ASHFIELD,2130,,False,train,True
non-solar_5730,5730,non-solar,ASHFIELD,2131,,False,train,True
non-solar_5731,5731,non-solar,ASHFIELD,2131,,False,train,True
non-solar_5732,5732,non-solar,ASHFIELD,2131,,False,train,True
non-solar_5733,5733,non-solar,ASHFIELD,2131,,False,train,True
non-solar_5734,5734,non-solar,ASHFIELD,2131,,False,test,True
non-solar_5735,5735,non-solar,ASHFIELD,2131,,False,train,True
non-solar_5736,5736,non-solar,ASHFIELD,2131,,False,train,True
non-solar_5737,5737,non-solar,ASHFIELD,2131,,False,train,True
non-solar_5738,5738,non-solar,ASHFIELD,2131,,False,train,True
non-solar_5739,5739,non-solar,ASHFIELD,2131,,False,train,True
non-solar_5740,5740,non-solar,ASHFIELD,2130,,False,validation,True
non-solar_5741,5741,non-solar,ASHFIELD,2130,,False,validation,True
non-solar_5742,5742,non-solar,ASHFIELD,2130,,False,train,True
non-solar_5743,5743,non-solar,ASHFIELD,2130,,False,train,True
non-solar_5744,5744,non-solar,ASHFIELD,2130,,False,train,True
non-solar_5745,5745,non-solar,ASHFIELD,2193,,False,test,True
non-solar_5746,5746,non-solar,ASHFIELD,2193,,False,train,True
non-solar_5747,5747,non-solar,ASHFIELD,2193,,False,train,True
non-solar_5748,5748,non-solar,ASHFIELD,2193,,False,train,True
non-solar_5749,5749,non-solar,ASHFIELD,2193,,False,train,True
non-solar_5750,5750,non-solar,ASHFIELD,2133,,False,validation,True
non-solar_5751,5751,non-solar,ASHFIELD,2133,,False,train,True
non-solar_5752,5752,non-solar,ASHFIELD,2133,,False,train,True
non-solar_5753,5753,non-solar,BURWOOD,2133,,False,train,True
non-solar_5754,5754,non-solar,BURWOOD,2133,,False,validation,True
non-solar_5755,5755,non-solar,BURWOOD,2133,,False,train,True
non-solar_5756,5756,non-solar,BURWOOD,2133,,False,train,True
non-solar_5757,5757,non-solar,BURWOOD,2133,,False,train,True
non-solar_5758,5758,non-solar,BURWOOD,2133,,False,train,True
non-solar_5759,5759,non-solar,BURWOOD,2133,,False,train,True
non-solar_5760,5760,non-solar,BURWOOD,2133,,False,validation,True
non-solar_5761,5761,non-solar,BURWOOD,2133,,False,train,True
non-solar_5762,5762,non-solar,BURWOOD,2133,,False,train,True
non-solar_5763,5763,non-solar,BURWOOD,2133,,False,train,True
non-solar_5764,5764,non-solar,BURWOOD,2133,,False,train,True
non-solar_5765,5765,non-solar,CANTERBURY,2193,,False,train,True
non-solar_5766,5766,non-solar,CANTERBURY,2193,,False,train,True
non-solar_5767,5767,non-solar,CANTERBURY,2193,,False,train,True
non-solar_5768,5768,non-solar,CANTERBURY,2193,,False,train,True
non-solar_5769,5769,non-solar,CANTERBURY,2193,,False,train,True
non-solar_5770,5770,non-solar,CANTERBURY,2193,,False,test,True
non-solar_5771,5771,non-solar,CANTERBURY,2193,,False,train,True
non-solar_5772,5772,non-solar,CANTERBURY,2193,,False,train,True
non-solar_5773,5773,non-solar,CANTERBURY,2194,,False,test,True
non-solar_5774,5774,non-solar,CANTERBURY,2194,,False,train,True
non-solar_5775,5775,non-solar,CANTERBURY,2194,,False,train,True
non-solar_5776,5776,non-solar,CANTERBURY,2194,,False,train,True
non-solar_5777,5777,non-solar,CANTERBURY,2194,,False,train,True
non-solar_5778,5778,non-solar,CANTERBURY,2194,,False,validation,True
non-solar_5779,5779,non-solar,CANTERBURY,2194,,False,validation,True
non-solar_5780,5780,non-solar,CANTERBURY,2206,,False,train,True
non-solar_5781,5781,non-solar,CANTERBURY,2206,,False,test,True
non-solar_5782,5782,non-solar,CANTERBURY,2206,,False,train,True
non-solar_5783,5783,non-solar,CANTERBURY,2206,,False,train,True
non-solar_5784,5784,non-solar,CANTERBURY,2206,,False,validation,True
non-solar_5785,5785,non-solar,CANTERBURY,2206,,False,train,True
non-solar_5786,5786,non-solar,CANTERBURY,2206,,False,test,True
non-solar_5787,5787,non-solar,CANTERBURY,2206,,False,train,True
non-solar_5788,5788,non-solar,CANTERBURY,2206,,False,train,True
non-solar_5789,5789,non-solar,CANTERBURY,2206,,False,train,True
non-solar_5790,5790,non-solar,CANTERBURY,2206,,False,validation,True
non-solar_5791,5791,non-solar,CANTERBURY,2206,,False,train,True
non-solar_5792,5792,non-solar,CANTERBURY,2194,,False,validation,True
non-solar_5793,5793,non-solar,CANTERBURY,2194,,False,train,True
non-solar_5794,5794,non-solar,CANTERBURY,2194,,False,train,True
non-solar_5795,5795,non-solar,CANTERBURY,2192,,False,test,True
non-solar_5796,5796,non-solar,CANTERBURY,2192,,False,train,True
non-solar_5797,5797,non-solar,CANTERBURY,2192,,False,train,True
non-solar_5798,5798,non-solar,CANTERBURY,2192,,False,train,True
non-solar_5799,5799,non-solar,CANTERBURY,2208,,False,train,True
non-solar_5800,5800,non-solar,CANTERBURY,2191,,False,train,True
non-solar_5801,5801,non-solar,CANTERBURY,2191,,False,train,True
non-solar_5802,5802,non-solar,CANTERBURY,2191,,False,test,True
non-solar_5803,5803,non-solar,CANTERBURY,2191,,False,train,True
non-solar_5804,5804,non-solar,CANTERBURY,2191,,False,test,True
non-solar_5805,5805,non-solar,CANTERBURY,2191,,False,test,True
non-solar_5806,5806,non-solar,RANDWICK,2035,,False,train,True
non-solar_5807,5807,non-solar,RANDWICK,2035,,False,train,True
non-solar_5808,5808,non-solar,RANDWICK,2035,,False,train,True
non-solar_5809,5809,non-solar,RANDWICK,2035,,False,train,True
non-solar_5810,5810,non-solar,RANDWICK,2035,,False,train,True
non-solar_5811,5811,non-solar,RANDWICK,2035,,False,validation,True
non-solar_5812,5812,non-solar,RANDWICK,2035,,False,train,True
non-solar_5813,5813,non-solar,RANDWICK,2035,,False,train,True
non-solar_5814,5814,non-solar,RANDWICK,2035,,False,train,True
non-solar_5815,5815,non-solar,RANDWICK,2035,,False,validation,True
non-solar_5816,5816,non-solar,RANDWICK,2035,,False,test,True
non-solar_5817,5817,non-solar,RANDWICK,2035,,False,train,True
non-solar_5818,5818,non-solar,RANDWICK,2035,,False,train,True
non-solar_5819,5819,non-solar,RANDWICK,2035,,False,test,True
non-solar_5820,5820,non-solar,RANDWICK,2035,,False,train,True
non-solar_5821,5821,non-solar,RANDWICK,2035,,False,train,True
non-solar_5822,5822,non-solar,RANDWICK,2035,,False,train,True
non-solar_5823,5823,non-solar,RANDWICK,2035,,False,train,True
non-solar_5824,5824,non-solar,RANDWICK,2035,,False,train,True
non-solar_5825,5825,non-solar,RANDWICK,2035,,False,train,True
non-solar_5826,5826,non-solar,RANDWICK,2035,,False,train,True
non-solar_5827,5827,non-solar,RANDWICK,2032,,False,validation,True
non-solar_5828,5828,non-solar,RANDWICK,2032,,False,train,True
non-solar_5829,5829,non-solar,RANDWICK,2032,,False,test,True
non-solar_5830,5830,non-solar,RANDWICK,2032,,False,validation,True
non-solar_5831,5831,non-solar,RANDWICK,2032,,False,train,True
non-solar_5832,5832,non-solar,RANDWICK,2035,,False,train,True
non-solar_5833,5833,non-solar,RANDWICK,2035,,False,train,True
non-solar_5834,5834,non-solar,RANDWICK,2032,,False,test,True
non-solar_5835,5835,non-solar,RANDWICK,2032,,False,train,True
non-solar_5836,5836,non-solar,RANDWICK,2032,,False,train,True
non-solar_5837,5837,non-solar,RANDWICK,2032,,False,train,True
non-solar_5838,5838,non-solar,RANDWICK,2031,,False,train,True
non-solar_5839,5839,non-solar,RANDWICK,2031,,False,test,True
non-solar_5840,5840,non-solar,RANDWICK,2033,,False,test,True
non-solar_5841,5841,non-solar,RANDWICK,2033,,False,train,True
non-solar_5842,5842,non-solar,RANDWICK,2033,,False,train,True
non-solar_5843,5843,non-solar,RANDWICK,2033,,False,validation,True
non-solar_5844,5844,non-solar,RANDWICK,2033,,False,train,True
non-solar_5845,5845,non-solar,RANDWICK,2033,,False,test,True
non-solar_5846,5846,non-solar,SYDNEY,2021,,False,train,True
non-solar_5847,5847,non-solar,SYDNEY,2021,,False,train,True
non-solar_5848,5848,non-solar,SYDNEY,2021,,False,train,True
non-solar_5849,5849,non-solar,WOOLLAHRA,2025,,False,validation,True
non-solar_5850,5850,non-solar,WOOLLAHRA,2025,,False,train,True
non-solar_5851,5851,non-solar,WOOLLAHRA,2023,,False,test,True
non-solar_5852,5852,non-solar,WOOLLAHRA,2023,,False,train,True
non-solar_5853,5853,non-solar,WOOLLAHRA,2023,,False,validation,True
non-solar_5854,5854,non-solar,WOOLLAHRA,2023,,False,train,True
non-solar_5855,5855,non-solar,WOOLLAHRA,2023,,False,train,True
non-solar_5856,5856,non-solar,WOOLLAHRA,2023,,False,train,True
non-solar_5857,5857,non-solar,WOOLLAHRA,2023,,False,train,True
non-solar_5858,5858,non-solar,WAVERLEY,2030,,False,train,True
non-solar_5859,5859,non-solar,WAVERLEY,2030,,False,validation,True
non-solar_5860,5860,non-solar,WAVERLEY,2026,,False,train,True
non-solar_5861,5861,non-solar,WAVERLEY,2026,,False,train,True
non-solar_5862,5862,non-solar,WAVERLEY,2026,,False,train,True
non-solar_5863,5863,non-solar,WAVERLEY,2026,,False,test,True
non-solar_5864,5864,non-solar,WAVERLEY,2026,,False,train,True
non-solar_5865,5865,non-solar,WAVERLEY,2026,,False,train,True
non-solar_5866,5866,non-solar,WAVERLEY,2026,,False,test,True
non-solar_5867,5867,non-solar,WAVERLEY,2026,,False,train,True
non-solar_5868,5868,non-solar,WAVERLEY,2026,,False,test,True
non-solar_5869,5869,non-solar,WAVERLEY,2026,,False,train,True
non-solar_5870,5870,non-solar,WAVERLEY,2026,,False,validation,True
non-solar_5871,5871,non-solar,WAVERLEY,2026,,False,train,True
non-solar_5872,5872,non-solar,WAVERLEY,2026,,False,train,True
non-solar_5873,5873,non-solar,WAVERLEY,2026,,False,train,True
non-solar_5874,5874,non-solar,BOTANY BAY,2018,,False,train,True
non-solar_5875,5875,non-solar,BOTANY BAY,2018,,False,train,True
non-solar_5876,5876,non-solar,BOTANY BAY,2018,,False,train,True
non-solar_5877,5877,non-solar,BOTANY BAY,2018,,False,train,True
non-solar_5878,5878,non-solar,BOTANY BAY,2018,,False,train,True
non-solar_5879,5879,non-solar,BOTANY BAY,2018,,False,train,True
non-solar_5880,5880,non-solar,BOTANY BAY,2018,,False,train,True
non-solar_5881,5881,non-solar,BOTANY BAY,2018,,False,test,True
non-solar_5882,5882,non-solar,BOTANY BAY,2018,,False,train,True
non-solar_5883,5883,non-solar,BOTANY BAY,2018,,False,train,True
non-solar_5884,5884,non-solar,BOTANY BAY,2018,,False,train,True
non-solar_5885,5885,non-solar,BOTANY BAY,2018,,False,train,True
non-solar_5886,5886,non-solar,BOTANY BAY,2018,,False,train,True
non-solar_5887,5887,non-solar,BOTANY BAY,2020,,False,train,True
non-solar_5888,5888,non-solar,BOTANY BAY,2020,,False,validation,True
non-solar_5889,5889,non-solar,BOTANY BAY,2020,,False,train,True
non-solar_5890,5890,non-solar,BOTANY BAY,2020,,False,train,True
non-solar_5891,5891,non-solar,BOTANY BAY,2020,,False,train,True
non-solar_5892,5892,non-solar,BOTANY BAY,2019,,False,train,True
non-solar_5893,5893,non-solar,BOTANY BAY,2019,,False,train,True
non-solar_5894,5894,non-solar,BOTANY BAY,2019,,False,test,True
non-solar_5895,5895,non-solar,BOTANY BAY,2019,,False,train,True
non-solar_5896,5896,non-solar,BOTANY BAY,2019,,False,train,True
non-solar_5897,5897,non-solar,BOTANY BAY,2019,,False,train,True
non-solar_5898,5898,non-solar,BOTANY BAY,2019,,False,validation,True
non-solar_5899,5899,non-solar,BOTANY BAY,2019,,False,train,True
non-solar_5900,5900,non-solar,BOTANY BAY,2036,,False,train,True
non-solar_5901,5901,non-solar,BOTANY BAY,2036,,False,train,True
non-solar_5902,5902,non-solar,BOTANY BAY,2036,,False,train,True
non-solar_5903,5903,non-solar,BOTANY BAY,2036,,False,train,True
non-solar_5904,5904,non-solar,BOTANY BAY,2036,,False,train,True
non-solar_5905,5905,non-solar,BOTANY BAY,2036,,False,validation,True
non-solar_5906,5906,non-solar,BOTANY BAY,2036,,False,test,True
non-solar_5907,5907,non-solar,BOTANY BAY,2036,,False,train,True
non-solar_5908,5908,non-solar,BOTANY BAY,2036,,False,train,True
non-solar_5909,5909,non-solar,BOTANY BAY,2036,,False,test,True
non-solar_5910,5910,non-solar,BOTANY BAY,2036,,False,train,True
non-solar_5911,5911,non-solar,BOTANY BAY,2036,,False,train,True
non-solar_5912,5912,non-solar,BOTANY BAY,2036,,False,train,True
non-solar_5913,5913,non-solar,BOTANY BAY,2036,,False,train,True
non-solar_5914,5914,non-solar,BOTANY BAY,2036,,False,train,True
non-solar_5915,5915,non-solar,WAVERLEY,2022,,False,train,True
non-solar_5916,5916,non-solar,WAVERLEY,2022,,False,test,True
non-solar_5917,5917,non-solar,WAVERLEY,2022,,False,train,True
non-solar_5918,5918,non-solar,WAVERLEY,2024,,False,train,True
non-solar_5919,5919,non-solar,WAVERLEY,2024,,False,validation,True
non-solar_5920,5920,non-solar,RANDWICK,2031,,False,train,True
non-solar_5921,5921,non-solar,RANDWICK,2031,,False,test,True
non-solar_5922,5922,non-solar,RANDWICK,2031,,False,train,True
non-solar_5923,5923,non-solar,RANDWICK,2031,,False,train,True
non-solar_5924,5924,non-solar,RANDWICK,2031,,False,train,True
non-solar_5925,5925,non-solar,RANDWICK,2031,,False,test,True
non-solar_5926,5926,non-solar,RANDWICK,2031,,False,test,True
non-solar_5927,5927,non-solar,RANDWICK,2031,,False,train,True
non-solar_5928,5928,non-solar,RANDWICK,2031,,False,test,True
non-solar_5929,5929,non-solar,RANDWICK,2031,,False,train,True
non-solar_5930,5930,non-solar,RANDWICK,2034,,False,validation,True
non-solar_5931,5931,non-solar,RANDWICK,2034,,False,validation,True
non-solar_5932,5932,non-solar,RANDWICK,2034,,False,test,True
non-solar_5933,5933,non-solar,RANDWICK,2034,,False,train,True
non-solar_5934,5934,non-solar,RANDWICK,2034,,False,train,True
non-solar_5935,5935,non-solar,RANDWICK,2034,,False,train,True
non-solar_5936,5936,non-solar,RANDWICK,2034,,False,test,True
non-solar_5937,5937,non-solar,RANDWICK,2031,,False,test,True
non-solar_5938,5938,non-solar,RANDWICK,2031,,False,train,True
non-solar_5939,5939,non-solar,RANDWICK,2031,,False,train,True
non-solar_5940,5940,non-solar,RANDWICK,2034,,False,train,True
non-solar_5941,5941,non-solar,RANDWICK,2034,,False,train,True
non-solar_5942,5942,non-solar,RANDWICK,2034,,False,train,True
non-solar_5943,5943,non-solar,RANDWICK,2034,,False,train,True
non-solar_5944,5944,non-solar,RANDWICK,2034,,False,train,True
non-solar_5945,5945,non-solar,RANDWICK,2034,,False,test,True
non-solar_5946,5946,non-solar,RANDWICK,2036,,False,train,True
non-solar_5947,5947,non-solar,RANDWICK,2036,,False,train,True
non-solar_5948,5948,non-solar,MARRICKVILLE,2048,,False,train,True
non-solar_5949,5949,non-solar,MARRICKVILLE,2048,,False,test,True
non-solar_5950,5950,non-solar,MARRICKVILLE,2048,,False,train,True
non-solar_5951,5951,non-solar,MARRICKVILLE,2048,,False,train,True
non-solar_5952,5952,non-solar,MARRICKVILLE,2048,,False,validation,True
non-solar_5953,5953,non-solar,MARRICKVILLE,2049,,False,test,True
non-solar_5954,5954,non-solar,MARRICKVILLE,2049,,False,train,True
non-solar_5955,5955,non-solar,MARRICKVILLE,2049,,False,train,True
non-solar_5956,5956,non-solar,MARRICKVILLE,2049,,False,train,True
non-solar_5957,5957,non-solar,MARRICKVILLE,2049,,False,train,True
non-solar_5958,5958,non-solar,MARRICKVILLE,2049,,False,test,True
non-solar_5959,5959,non-solar,MARRICKVILLE,2048,,False,test,True
non-solar_5960,5960,non-solar,MARRICKVILLE,2049,,False,test,True
non-solar_5961,5961,non-solar,MARRICKVILLE,2203,,False,test,True
non-solar_5962,5962,non-solar,MARRICKVILLE,2203,,False,test,True
non-solar_5963,5963,non-solar,MARRICKVILLE,2203,,False,train,True
non-solar_5964,5964,non-solar,MARRICKVILLE,2203,,False,train,True
non-solar_5965,5965,non-solar,MARRICKVILLE,2203,,False,validation,True
non-solar_5966,5966,non-solar,MARRICKVILLE,2203,,False,test,True
non-solar_5967,5967,non-solar,MARRICKVILLE,2203,,False,train,True
non-solar_5968,5968,non-solar,MARRICKVILLE,2203,,False,train,True
non-solar_5969,5969,non-solar,MARRICKVILLE,2203,,False,validation,True
non-solar_5970,5970,non-solar,MARRICKVILLE,2203,,False,train,True
non-solar_5971,5971,non-solar,MARRICKVILLE,2203,,False,train,True
non-solar_5972,5972,non-solar,MARRICKVILLE,2203,,False,test,True
non-solar_5973,5973,non-solar,MARRICKVILLE,2049,,False,test,True
non-solar_5974,5974,non-solar,MARRICKVILLE,2203,,False,validation,True
non-solar_5975,5975,non-solar,MARRICKVILLE,2203,,False,train,True
non-solar_5976,5976,non-solar,MARRICKVILLE,2204,,False,train,True
non-solar_5977,5977,non-solar,MARRICKVILLE,2204,,False,test,True
non-solar_5978,5978,non-solar,MARRICKVILLE,2204,,False,train,True
non-solar_5979,5979,non-solar,MARRICKVILLE,2204,,False,train,True
non-solar_5980,5980,non-solar,MARRICKVILLE,2204,,False,test,True
non-solar_5981,5981,non-solar,MARRICKVILLE,2204,,False,train,True
non-solar_5982,5982,non-solar,MARRICKVILLE,2204,,False,validation,True
non-solar_5983,5983,non-solar,MARRICKVILLE,2204,,False,train,True
non-solar_5984,5984,non-solar,MARRICKVILLE,2204,,False,validation,True
non-solar_5985,5985,non-solar,MARRICKVILLE,2204,,False,train,True
non-solar_5986,5986,non-solar,MARRICKVILLE,2204,,False,validation,True
non-solar_5987,5987,non-solar,MARRICKVILLE,2204,,False,validation,True
non-solar_5988,5988,non-solar,MARRICKVILLE,2204,,False,train,True
non-solar_5989,5989,non-solar,MARRICKVILLE,2204,,False,train,True
non-solar_5990,5990,non-solar,MARRICKVILLE,2204,,False,test,True
non-solar_5991,5991,non-solar,MARRICKVILLE,2204,,False,train,True
non-solar_5992,5992,non-solar,MARRICKVILLE,2204,,False,train,True
non-solar_5993,5993,non-solar,MARRICKVILLE,2204,,False,train,True
non-solar_5994,5994,non-solar,MARRICKVILLE,2204,,False,train,True
non-solar_5995,5995,non-solar,MARRICKVILLE,2204,,False,validation,True
non-solar_5996,5996,non-solar,MARRICKVILLE,2204,,False,train,True
non-solar_5997,5997,non-solar,MARRICKVILLE,2204,,False,train,True
non-solar_5998,5998,non-solar,MARRICKVILLE,2204,,False,validation,True
non-solar_5999,5999,non-solar,MARRICKVILLE,2042,,False,validation,True
non-solar_6000,6000,non-solar,MARRICKVILLE,2042,,False,train,True
non-solar_6001,6001,non-solar,MARRICKVILLE,2042,,False,train,True
non-solar_6002,6002,non-solar,MARRICKVILLE,2042,,False,validation,True
non-solar_6003,6003,non-solar,MARRICKVILLE,2042,,False,train,True
non-solar_6004,6004,non-solar,MARRICKVILLE,2042,,False,test,True
non-solar_6005,6005,non-solar,MARRICKVILLE,2044,,False,train,True
non-solar_6006,6006,non-solar,MARRICKVILLE,2044,,False,train,True
non-solar_6007,6007,non-solar,MARRICKVILLE,2044,,False,test,True
non-solar_6008,6008,non-solar,MARRICKVILLE,2044,,False,train,True
non-solar_6009,6009,non-solar,MARRICKVILLE,2044,,False,train,True
non-solar_6010,6010,non-solar,MARRICKVILLE,2044,,False,test,True
non-solar_6011,6011,non-solar,MARRICKVILLE,2044,,False,train,True
non-solar_6012,6012,non-solar,MARRICKVILLE,2044,,False,train,True
non-solar_6013,6013,non-solar,MARRICKVILLE,2044,,False,validation,True
non-solar_6014,6014,non-solar,SYDNEY,2010,,False,validation,True
non-solar_6015,6015,non-solar,SYDNEY,2010,,False,train,True
non-solar_6016,6016,non-solar,SYDNEY,2010,,False,train,True
non-solar_6017,6017,non-solar,SYDNEY,2008,,False,train,True
non-solar_6018,6018,non-solar,SYDNEY,2016,,False,train,True
non-solar_6019,6019,non-solar,SYDNEY,2016,,False,train,True
non-solar_6020,6020,non-solar,SYDNEY,2016,,False,train,True
non-solar_6021,6021,non-solar,SYDNEY,2015,,False,train,True
non-solar_6022,6022,non-solar,SYDNEY,2015,,False,train,True
non-solar_6023,6023,non-solar,SYDNEY,2015,,False,train,True
non-solar_6024,6024,non-solar,SYDNEY,2043,,False,train,True
non-solar_6025,6025,non-solar,SYDNEY,2043,,False,train,True
non-solar_6026,6026,non-solar,SYDNEY,2043,,False,validation,True
non-solar_6027,6027,non-solar,SYDNEY,2043,,False,validation,True
non-solar_6028,6028,non-solar,SYDNEY,2043,,False,train,True
non-solar_6029,6029,non-solar,MARRICKVILLE,2042,,False,train,True
non-solar_6030,6030,non-solar,MARRICKVILLE,2042,,False,validation,True
non-solar_6031,6031,non-solar,MARRICKVILLE,2042,,False,train,True
non-solar_6032,6032,non-solar,HORNSBY,2081,,False,test,True
non-solar_6033,6033,non-solar,HORNSBY,2081,,False,train,True
non-solar_6034,6034,non-solar,HORNSBY,2081,,False,validation,True
non-solar_6035,6035,non-solar,HORNSBY,2081,,False,validation,True
non-solar_6036,6036,non-solar,HORNSBY,2081,,False,train,True
non-solar_6037,6037,non-solar,HORNSBY,2081,,False,train,True
non-solar_6038,6038,non-solar,HORNSBY,2081,,False,train,True
non-solar_6039,6039,non-solar,HORNSBY,2081,,False,validation,True
non-solar_6040,6040,non-solar,HORNSBY,2081,,False,train,True
non-solar_6041,6041,non-solar,HORNSBY,2082,,False,train,True
non-solar_6042,6042,non-solar,HORNSBY,2082,,False,validation,True
non-solar_6043,6043,non-solar,HORNSBY,2082,,False,train,True
non-solar_6044,6044,non-solar,HORNSBY,2082,,False,test,True
non-solar_6045,6045,non-solar,HORNSBY,2081,,False,train,True
non-solar_6046,6046,non-solar,HORNSBY,2082,,False,test,True
non-solar_6047,6047,non-solar,HORNSBY,2082,,False,test,True
non-solar_6048,6048,non-solar,HORNSBY,2082,,False,train,True
non-solar_6049,6049,non-solar,HORNSBY,2082,,False,train,True
non-solar_6050,6050,non-solar,HORNSBY,2082,,False,train,True
non-solar_6051,6051,non-solar,HORNSBY,2082,,False,validation,True
non-solar_6052,6052,non-solar,HORNSBY,2082,,False,test,True
non-solar_6053,6053,non-solar,HORNSBY,2082,,False,train,True
non-solar_6054,6054,non-solar,HORNSBY,2082,,False,validation,True
non-solar_6055,6055,non-solar,HORNSBY,2082,,False,test,True
non-solar_6056,6056,non-solar,HORNSBY,2082,,False,test,True
non-solar_6057,6057,non-solar,HORNSBY,2082,,False,train,True
non-solar_6058,6058,non-solar,HORNSBY,2082,,False,validation,True
non-solar_6059,6059,non-solar,HORNSBY,2080,,False,train,True
non-solar_6060,6060,non-solar,HORNSBY,2079,,False,test,True
non-solar_6061,6061,non-solar,HORNSBY,2079,,False,train,True
non-solar_6062,6062,non-solar,HORNSBY,2079,,False,train,True
non-solar_6063,6063,non-solar,HORNSBY,2079,,False,train,True
non-solar_6064,6064,non-solar,HORNSBY,2079,,False,train,True
non-solar_6065,6065,non-solar,HORNSBY,2079,,False,train,True
non-solar_6066,6066,non-solar,HORNSBY,2079,,False,test,True
non-solar_6067,6067,non-solar,HORNSBY,2079,,False,train,True
non-solar_6068,6068,non-solar,HORNSBY,2079,,False,test,True
non-solar_6069,6069,non-solar,HORNSBY,2079,,False,validation,True
non-solar_6070,6070,non-solar,HORNSBY,2079,,False,train,True
non-solar_6071,6071,non-solar,HORNSBY,2079,,False,test,True
non-solar_6072,6072,non-solar,HORNSBY,2079,,False,validation,True
non-solar_6073,6073,non-solar,HORNSBY,2077,,False,validation,True
non-solar_6074,6074,non-solar,HORNSBY,2079,,False,test,True
non-solar_6075,6075,non-solar,HORNSBY,2077,,False,train,True
non-solar_6076,6076,non-solar,HORNSBY,2077,,False,train,True
non-solar_6077,6077,non-solar,HORNSBY,2077,,False,test,True
non-solar_6078,6078,non-solar,HORNSBY,2077,,False,train,True
non-solar_6079,6079,non-solar,HORNSBY,2077,,False,train,True
non-solar_6080,6080,non-solar,HORNSBY,2077,,False,validation,True
non-solar_6081,6081,non-solar,HORNSBY,2077,,False,train,True
non-solar_6082,6082,non-solar,HORNSBY,2077,,False,validation,True
non-solar_6083,6083,non-solar,HORNSBY,2077,,False,train,True
non-solar_6084,6084,non-solar,HORNSBY,2077,,False,test,True
non-solar_6085,6085,non-solar,HORNSBY,2077,,False,test,True
non-solar_6086,6086,non-solar,HORNSBY,2077,,False,train,True
non-solar_6087,6087,non-solar,HORNSBY,2077,,False,validation,True
non-solar_6088,6088,non-solar,HORNSBY,2077,,False,validation,True
non-solar_6089,6089,non-solar,HORNSBY,2077,,False,train,True
non-solar_6090,6090,non-solar,HORNSBY,2077,,False,train,True
non-solar_6091,6091,non-solar,HORNSBY,2077,,False,train,True
non-solar_6092,6092,non-solar,HORNSBY,2077,,False,train,True
non-solar_6093,6093,non-solar,HORNSBY,2077,,False,train,True
non-solar_6094,6094,non-solar,HORNSBY,2077,,False,train,True
non-solar_6095,6095,non-solar,HORNSBY,2077,,False,train,True
non-solar_6096,6096,non-solar,HORNSBY,2077,,False,train,True
non-solar_6097,6097,non-solar,HORNSBY,2077,,False,train,True
non-solar_6098,6098,non-solar,HORNSBY,2077,,False,train,True
non-solar_6099,6099,non-solar,HORNSBY,2077,,False,train,True
non-solar_6100,6100,non-solar,HORNSBY,2077,,False,train,True
non-solar_6101,6101,non-solar,HORNSBY,2077,,False,train,True
non-solar_6102,6102,non-solar,HORNSBY,2077,,False,train,True
non-solar_6103,6103,non-solar,HORNSBY,2077,,False,train,True
non-solar_6104,6104,non-solar,HORNSBY,2077,,False,train,True
non-solar_6105,6105,non-solar,HORNSBY,2077,,False,train,True
non-solar_6106,6106,non-solar,HORNSBY,2077,,False,train,True
non-solar_6107,6107,non-solar,HORNSBY,2077,,False,train,True
non-solar_6108,6108,non-solar,HORNSBY,2077,,False,validation,True
non-solar_6109,6109,non-solar,HORNSBY,2077,,False,train,True
non-solar_6110,6110,non-solar,HORNSBY,2077,,False,validation,True
non-solar_6111,6111,non-solar,HORNSBY,2077,,False,validation,True
non-solar_6112,6112,non-solar,HORNSBY,2077,,False,validation,True
non-solar_6113,6113,non-solar,HORNSBY,2077,,False,test,True
non-solar_6114,6114,non-solar,HORNSBY,2077,,False,train,True
non-solar_6115,6115,non-solar,HORNSBY,2077,,False,validation,True
non-solar_6116,6116,non-solar,HORNSBY,2077,,False,train,True
non-solar_6117,6117,non-solar,HORNSBY,2077,,False,train,True
non-solar_6118,6118,non-solar,HORNSBY,2077,,False,train,True
non-solar_6119,6119,non-solar,HORNSBY,2077,,False,train,True
non-solar_6120,6120,non-solar,HORNSBY,2077,,False,train,True
non-solar_6121,6121,non-solar,HORNSBY,2077,,False,test,True
non-solar_6122,6122,non-solar,HORNSBY,2077,,False,train,True
non-solar_6123,6123,non-solar,HORNSBY,2077,,False,train,True
non-solar_6124,6124,non-solar,HORNSBY,2076,,False,validation,True
non-solar_6125,6125,non-solar,HORNSBY,2076,,False,test,True
non-solar_6126,6126,non-solar,HORNSBY,2076,,False,train,True
non-solar_6127,6127,non-solar,HORNSBY,2076,,False,train,True
non-solar_6128,6128,non-solar,HORNSBY,2076,,False,validation,True
non-solar_6129,6129,non-solar,HORNSBY,2076,,False,train,True
non-solar_6130,6130,non-solar,HORNSBY,2076,,False,train,True
non-solar_6131,6131,non-solar,HORNSBY,2076,,False,train,True
non-solar_6132,6132,non-solar,HORNSBY,2076,,False,test,True
non-solar_6133,6133,non-solar,HORNSBY,2076,,False,train,True
non-solar_6134,6134,non-solar,HORNSBY,2076,,False,train,True
non-solar_6135,6135,non-solar,HORNSBY,2076,,False,train,True
non-solar_6136,6136,non-solar,HORNSBY,2076,,False,test,True
non-solar_6137,6137,non-solar,HORNSBY,2076,,False,train,True
non-solar_6138,6138,non-solar,HORNSBY,2076,,False,train,True
non-solar_6139,6139,non-solar,HORNSBY,2076,,False,train,True
non-solar_6140,6140,non-solar,HORNSBY,2076,,False,train,True
non-solar_6141,6141,non-solar,HORNSBY,2076,,False,validation,True
non-solar_6142,6142,non-solar,HORNSBY,2076,,False,validation,True
non-solar_6143,6143,non-solar,HORNSBY,2076,,False,train,True
non-solar_6144,6144,non-solar,HORNSBY,2120,,False,train,True
non-solar_6145,6145,non-solar,HORNSBY,2120,,False,train,True
non-solar_6146,6146,non-solar,HORNSBY,2120,,False,train,True
non-solar_6147,6147,non-solar,HORNSBY,2120,,False,train,True
non-solar_6148,6148,non-solar,HORNSBY,2120,,False,train,True
non-solar_6149,6149,non-solar,HORNSBY,2120,,False,train,True
non-solar_6150,6150,non-solar,HORNSBY,2120,,False,train,True
non-solar_6151,6151,non-solar,HORNSBY,2120,,False,train,True
non-solar_6152,6152,non-solar,HORNSBY,2120,,False,train,True
non-solar_6153,6153,non-solar,HORNSBY,2120,,False,validation,True
non-solar_6154,6154,non-solar,HORNSBY,2120,,False,train,True
non-solar_6155,6155,non-solar,HORNSBY,2120,,False,train,True
non-solar_6156,6156,non-solar,HORNSBY,2120,,False,validation,True
non-solar_6157,6157,non-solar,HORNSBY,2120,,False,train,True
non-solar_6158,6158,non-solar,HORNSBY,2120,,False,validation,True
non-solar_6159,6159,non-solar,HORNSBY,2120,,False,train,True
non-solar_6160,6160,non-solar,HORNSBY,2120,,False,train,True
non-solar_6161,6161,non-solar,HORNSBY,2120,,False,validation,True
non-solar_6162,6162,non-solar,HORNSBY,2120,,False,train,True
non-solar_6163,6163,non-solar,HORNSBY,2120,,False,train,True
non-solar_6164,6164,non-solar,HORNSBY,2120,,False,train,True
non-solar_6165,6165,non-solar,HORNSBY,2120,,False,train,True
non-solar_6166,6166,non-solar,HORNSBY,2120,,False,validation,True
non-solar_6167,6167,non-solar,HORNSBY,2120,,False,train,True
non-solar_6168,6168,non-solar,HORNSBY,2120,,False,train,True
non-solar_6169,6169,non-solar,HORNSBY,2120,,False,train,True
non-solar_6170,6170,non-solar,HORNSBY,2120,,False,validation,True
non-solar_6171,6171,non-solar,HORNSBY,2120,,False,train,True
non-solar_6172,6172,non-solar,HORNSBY,2120,,False,train,True
non-solar_6173,6173,non-solar,HORNSBY,2120,,False,train,True
non-solar_6174,6174,non-solar,HORNSBY,2120,,False,train,True
non-solar_6175,6175,non-solar,HORNSBY,2120,,False,train,True
non-solar_6176,6176,non-solar,HORNSBY,2120,,False,train,True
non-solar_6177,6177,non-solar,HORNSBY,2120,,False,train,True
non-solar_6178,6178,non-solar,HORNSBY,2120,,False,train,True
non-solar_6179,6179,non-solar,HORNSBY,2120,,False,train,True
non-solar_6180,6180,non-solar,HORNSBY,2159,,False,train,True
non-solar_6181,6181,non-solar,HORNSBY,2159,,False,train,True
non-solar_6182,6182,non-solar,HORNSBY,2159,,False,train,True
non-solar_6183,6183,non-solar,HORNSBY,2159,,False,train,True
non-solar_6184,6184,non-solar,HORNSBY,2159,,False,test,True
non-solar_6185,6185,non-solar,HORNSBY,2159,,False,validation,True
non-solar_6186,6186,non-solar,HORNSBY,2159,,False,train,True
non-solar_6187,6187,non-solar,HORNSBY,2159,,False,train,True
non-solar_6188,6188,non-solar,HORNSBY,2159,,False,train,True
non-solar_6189,6189,non-solar,HORNSBY,2159,,False,test,True
non-solar_6190,6190,non-solar,HORNSBY,2159,,False,validation,True
non-solar_6191,6191,non-solar,HORNSBY,2159,,False,validation,True
non-solar_6192,6192,non-solar,HORNSBY,2159,,False,train,True
non-solar_6193,6193,non-solar,HORNSBY,2159,,False,test,True
non-solar_6194,6194,non-solar,HORNSBY,2126,,False,train,True
non-solar_6195,6195,non-solar,HORNSBY,2126,,False,validation,True
non-solar_6196,6196,non-solar,HORNSBY,2126,,False,train,True
non-solar_6197,6197,non-solar,HORNSBY,2126,,False,train,True
non-solar_6198,6198,non-solar,HORNSBY,2126,,False,train,True
non-solar_6199,6199,non-solar,HORNSBY,2126,,False,validation,True
non-solar_6200,6200,non-solar,HORNSBY,2126,,False,train,True
non-solar_6201,6201,non-solar,HORNSBY,2126,,False,test,True
non-solar_6202,6202,non-solar,HORNSBY,2126,,False,train,True
non-solar_6203,6203,non-solar,HORNSBY,2126,,False,validation,True
non-solar_6204,6204,non-solar,HORNSBY,2126,,False,train,True
non-solar_6205,6205,non-solar,HORNSBY,2126,,False,train,True
non-solar_6206,6206,non-solar,HORNSBY,2126,,False,test,True
non-solar_6207,6207,non-solar,HORNSBY,2126,,False,train,True
non-solar_6208,6208,non-solar,HORNSBY,2126,,False,test,True
non-solar_6209,6209,non-solar,HORNSBY,2158,,False,train,True
non-solar_6210,6210,non-solar,HORNSBY,2158,,False,train,True
non-solar_6211,6211,non-solar,HORNSBY,2126,,False,train,True
non-solar_6212,6212,non-solar,HORNSBY,2126,,False,validation,True
non-solar_6213,6213,non-solar,HORNSBY,2126,,False,train,True
non-solar_6214,6214,non-solar,HORNSBY,2126,,False,test,True
non-solar_6215,6215,non-solar,HORNSBY,2126,,False,test,True
non-solar_6216,6216,non-solar,HORNSBY,2126,,False,validation,True
non-solar_6217,6217,non-solar,HORNSBY,2126,,False,train,True
non-solar_6218,6218,non-solar,HORNSBY,2126,,False,train,True
non-solar_6219,6219,non-solar,HORNSBY,2126,,False,train,True
non-solar_6220,6220,non-solar,HORNSBY,2126,,False,train,True
non-solar_6221,6221,non-solar,HORNSBY,2126,,False,test,True
non-solar_6222,6222,non-solar,HORNSBY,2126,,False,train,True
non-solar_6223,6223,non-solar,HORNSBY,2126,,False,train,True
non-solar_6224,6224,non-solar,HORNSBY,2126,,False,validation,True
non-solar_6225,6225,non-solar,HORNSBY,2126,,False,train,True
non-solar_6226,6226,non-solar,HORNSBY,2126,,False,test,True
non-solar_6227,6227,non-solar,HORNSBY,2126,,False,test,True
non-solar_6228,6228,non-solar,HORNSBY,2126,,False,train,True
non-solar_6229,6229,non-solar,HORNSBY,2126,,False,test,True
non-solar_6230,6230,non-solar,HORNSBY,2126,,False,train,True
non-solar_6231,6231,non-solar,HORNSBY,2126,,False,train,True
non-solar_6232,6232,non-solar,HORNSBY,2126,,False,test,True
non-solar_6233,6233,non-solar,HORNSBY,2126,,False,train,True
non-solar_6234,6234,non-solar,HORNSBY,2126,,False,train,True
non-solar_6235,6235,non-solar,HORNSBY,2126,,False,validation,True
non-solar_6236,6236,non-solar,HORNSBY,2126,,False,train,True
non-solar_6237,6237,non-solar,HORNSBY,2126,,False,train,True
non-solar_6238,6238,non-solar,HORNSBY,2126,,False,test,True
non-solar_6239,6239,non-solar,HORNSBY,2126,,False,train,True
non-solar_6240,6240,non-solar,HORNSBY,2126,,False,validation,True
non-solar_6241,6241,non-solar,HORNSBY,2126,,False,train,True
non-solar_6242,6242,non-solar,HORNSBY,2126,,False,train,True
non-solar_6243,6243,non-solar,HORNSBY,2126,,False,train,True
non-solar_6244,6244,non-solar,HORNSBY,2126,,False,train,True
non-solar_6245,6245,non-solar,HORNSBY,2126,,False,train,True
non-solar_6246,6246,non-solar,HORNSBY,2126,,False,train,True
non-solar_6247,6247,non-solar,HORNSBY,2126,,False,train,True
non-solar_6248,6248,non-solar,HORNSBY,2126,,False,train,True
non-solar_6249,6249,non-solar,HORNSBY,2126,,False,train,True
non-solar_6250,6250,non-solar,HORNSBY,2126,,False,train,True
non-solar_6251,6251,non-solar,HORNSBY,2126,,False,validation,True
non-solar_6252,6252,non-solar,HORNSBY,2126,,False,train,True
non-solar_6253,6253,non-solar,HORNSBY,2126,,False,train,True
non-solar_6254,6254,non-solar,HORNSBY,2126,,False,validation,True
non-solar_6255,6255,non-solar,HORNSBY,2126,,False,train,True
non-solar_6256,6256,non-solar,HORNSBY,2126,,False,train,True
non-solar_6257,6257,non-solar,HORNSBY,2126,,False,train,True
non-solar_6258,6258,non-solar,HORNSBY,2126,,False,train,True
non-solar_6259,6259,non-solar,HORNSBY,2126,,False,train,True
non-solar_6260,6260,non-solar,HORNSBY,2126,,False,train,True
non-solar_6261,6261,non-solar,HORNSBY,2158,,False,validation,True
non-solar_6262,6262,non-solar,HORNSBY,2158,,False,train,True
non-solar_6263,6263,non-solar,HORNSBY,2158,,False,train,True
non-solar_6264,6264,non-solar,HORNSBY,2158,,False,validation,True
non-solar_6265,6265,non-solar,HORNSBY,2158,,False,train,True
non-solar_6266,6266,non-solar,HORNSBY,2154,,False,validation,True
non-solar_6267,6267,non-solar,HORNSBY,2154,,False,train,True
non-solar_6268,6268,non-solar,HORNSBY,2154,,False,test,True
non-solar_6269,6269,non-solar,HORNSBY,2154,,False,train,True
non-solar_6270,6270,non-solar,HORNSBY,2154,,False,train,True
non-solar_6271,6271,non-solar,HORNSBY,2154,,False,test,True
non-solar_6272,6272,non-solar,HORNSBY,2154,,False,test,True
non-solar_6273,6273,non-solar,HORNSBY,2154,,False,train,True
non-solar_6274,6274,non-solar,HORNSBY,2154,,False,train,True
non-solar_6275,6275,non-solar,HORNSBY,2154,,False,validation,True
non-solar_6276,6276,non-solar,HORNSBY,2154,,False,train,True
non-solar_6277,6277,non-solar,HORNSBY,2154,,False,validation,True
non-solar_6278,6278,non-solar,HORNSBY,2154,,False,train,True
non-solar_6279,6279,non-solar,HORNSBY,2125,,False,train,True
non-solar_6280,6280,non-solar,HORNSBY,2125,,False,train,True
non-solar_6281,6281,non-solar,HORNSBY,2125,,False,train,True
non-solar_6282,6282,non-solar,HORNSBY,2119,,False,train,True
non-solar_6283,6283,non-solar,HORNSBY,2119,,False,train,True
non-solar_6284,6284,non-solar,HORNSBY,2119,,False,train,True
non-solar_6285,6285,non-solar,HORNSBY,2119,,False,train,True
non-solar_6286,6286,non-solar,HORNSBY,2119,,False,train,True
non-solar_6287,6287,non-solar,HORNSBY,2119,,False,validation,True
non-solar_6288,6288,non-solar,HORNSBY,2119,,False,train,True
non-solar_6289,6289,non-solar,HORNSBY,2119,,False,train,True
non-solar_6290,6290,non-solar,HORNSBY,2119,,False,train,True
non-solar_6291,6291,non-solar,HORNSBY,2119,,False,train,True
non-solar_6292,6292,non-solar,HORNSBY,2119,,False,train,True
non-solar_6293,6293,non-solar,HORNSBY,2119,,False,test,True
non-solar_6294,6294,non-solar,HORNSBY,2119,,False,train,True
non-solar_6295,6295,non-solar,HORNSBY,2119,,False,train,True
non-solar_6296,6296,non-solar,HORNSBY,2119,,False,validation,True
non-solar_6297,6297,non-solar,HORNSBY,2119,,False,train,True
non-solar_6298,6298,non-solar,HORNSBY,2119,,False,train,True
non-solar_6299,6299,non-solar,HORNSBY,2119,,False,train,True
non-solar_6300,6300,non-solar,HORNSBY,2119,,False,validation,True
non-solar_6301,6301,non-solar,HORNSBY,2119,,False,train,True
non-solar_6302,6302,non-solar,HORNSBY,2119,,False,validation,True
non-solar_6303,6303,non-solar,HORNSBY,2119,,False,train,True
non-solar_6304,6304,non-solar,HORNSBY,2119,,False,test,True
non-solar_6305,6305,non-solar,HORNSBY,2118,,False,validation,True
non-solar_6306,6306,non-solar,HORNSBY,2118,,False,train,True
non-solar_6307,6307,non-solar,HORNSBY,2118,,False,test,True
non-solar_6308,6308,non-solar,HORNSBY,2118,,False,train,True
non-solar_6309,6309,non-solar,HORNSBY,2118,,False,train,True
non-solar_6310,6310,non-solar,HORNSBY,2118,,False,train,True
non-solar_6311,6311,non-solar,HORNSBY,2118,,False,train,True
non-solar_6312,6312,non-solar,HORNSBY,2118,,False,train,True
non-solar_6313,6313,non-solar,HORNSBY,2118,,False,test,True
non-solar_6314,6314,non-solar,HORNSBY,2121,,False,test,True
non-solar_6315,6315,non-solar,HORNSBY,2121,,False,train,True
non-solar_6316,6316,non-solar,HORNSBY,2121,,False,train,True
non-solar_6317,6317,non-solar,HORNSBY,2121,,False,train,True
non-solar_6318,6318,non-solar,HORNSBY,2121,,False,test,True
non-solar_6319,6319,non-solar,HORNSBY,2121,,False,test,True
non-solar_6320,6320,non-solar,HORNSBY,2121,,False,test,True
non-solar_6321,6321,non-solar,HORNSBY,2121,,False,train,True
non-solar_6322,6322,non-solar,HORNSBY,2121,,False,train,True
non-solar_6323,6323,non-solar,HORNSBY,2121,,False,train,True
non-solar_6324,6324,non-solar,HORNSBY,2121,,False,train,True
non-solar_6325,6325,non-solar,HORNSBY,2121,,False,train,True
non-solar_6326,6326,non-solar,HORNSBY,2121,,False,train,True
non-solar_6327,6327,non-solar,HORNSBY,2121,,False,train,True
non-solar_6328,6328,non-solar,HORNSBY,2121,,False,train,True
non-solar_6329,6329,non-solar,HORNSBY,2121,,False,train,True
non-solar_6330,6330,non-solar,HORNSBY,2121,,False,train,True
non-solar_6331,6331,non-solar,HORNSBY,2121,,False,train,True
non-solar_6332,6332,non-solar,HORNSBY,2121,,False,train,True
non-solar_6333,6333,non-solar,HORNSBY,2121,,False,train,True
non-solar_6334,6334,non-solar,HORNSBY,2121,,False,train,True
non-solar_6335,6335,non-solar,HORNSBY,2121,,False,train,True
non-solar_6336,6336,non-solar,HORNSBY,2121,,False,train,True
non-solar_6337,6337,non-solar,HORNSBY,2121,,False,train,True
non-solar_6338,6338,non-solar,HORNSBY,2121,,False,train,True
non-solar_6339,6339,non-solar,HORNSBY,2121,,False,train,True
non-solar_6340,6340,non-solar,HORNSBY,2121,,False,train,True
non-solar_6341,6341,non-solar,HORNSBY,2121,,False,train,True
non-solar_6342,6342,non-solar,HORNSBY,2121,,False,validation,True
non-solar_6343,6343,non-solar,HORNSBY,2121,,False,validation,True
non-solar_6344,6344,non-solar,HORNSBY,2121,,False,train,True
non-solar_6345,6345,non-solar,HORNSBY,2121,,False,train,True
non-solar_6346,6346,non-solar,HORNSBY,2121,,False,train,True
non-solar_6347,6347,non-solar,HORNSBY,2121,,False,train,True
non-solar_6348,6348,non-solar,HORNSBY,2121,,False,test,True
non-solar_6349,6349,non-solar,RYDE,2113,,False,train,True
non-solar_6350,6350,non-solar,RYDE,2122,,False,train,True
non-solar_6351,6351,non-solar,RYDE,2113,,False,train,True
non-solar_6352,6352,non-solar,RYDE,2113,,False,train,True
non-solar_6353,6353,non-solar,RYDE,2113,,False,train,True
non-solar_6354,6354,non-solar,RYDE,2113,,False,train,True
non-solar_6355,6355,non-solar,RYDE,2113,,False,test,True
non-solar_6356,6356,non-solar,RYDE,2113,,False,train,True
non-solar_6357,6357,non-solar,RYDE,2113,,False,train,True
non-solar_6358,6358,non-solar,RYDE,2113,,False,train,True
non-solar_6359,6359,non-solar,RYDE,2113,,False,test,True
non-solar_6360,6360,non-solar,RYDE,2113,,False,test,True
non-solar_6361,6361,non-solar,RYDE,2113,,False,train,True
non-solar_6362,6362,non-solar,RYDE,2113,,False,train,True
non-solar_6363,6363,non-solar,RYDE,2113,,False,train,True
non-solar_6364,6364,non-solar,RYDE,2113,,False,train,True
non-solar_6365,6365,non-solar,RYDE,2113,,False,train,True
non-solar_6366,6366,non-solar,RYDE,2113,,False,test,True
non-solar_6367,6367,non-solar,RYDE,2113,,False,train,True
non-solar_6368,6368,non-solar,RYDE,2113,,False,train,True
non-solar_6369,6369,non-solar,RYDE,2113,,False,test,True
non-solar_6370,6370,non-solar,RYDE,2113,,False,train,True
non-solar_6371,6371,non-solar,RYDE,2113,,False,train,True
non-solar_6372,6372,non-solar,RYDE,2113,,False,validation,True
non-solar_6373,6373,non-solar,RYDE,2122,,False,validation,True
non-solar_6374,6374,non-solar,RYDE,2122,,False,train,True
non-solar_6375,6375,non-solar,RYDE,2113,,False,test,True
non-solar_6376,6376,non-solar,RYDE,2113,,False,test,True
non-solar_6377,6377,non-solar,RYDE,2113,,False,train,True
non-solar_6378,6378,non-solar,RYDE,2113,,False,train,True
non-solar_6379,6379,non-solar,RYDE,2122,,False,train,True
non-solar_6380,6380,non-solar,RYDE,2122,,False,train,True
non-solar_6381,6381,non-solar,RYDE,2122,,False,train,True
non-solar_6382,6382,non-solar,RYDE,2122,,False,train,True
non-solar_6383,6383,non-solar,RYDE,2122,,False,train,True
non-solar_6384,6384,non-solar,RYDE,2122,,False,test,True
non-solar_6385,6385,non-solar,RYDE,2122,,False,train,True
non-solar_6386,6386,non-solar,RYDE,2112,,False,train,True
non-solar_6387,6387,non-solar,RYDE,2122,,False,train,True
non-solar_6388,6388,non-solar,RYDE,2122,,False,train,True
non-solar_6389,6389,non-solar,RYDE,2122,,False,test,True
non-solar_6390,6390,non-solar,RYDE,2122,,False,train,True
non-solar_6391,6391,non-solar,RYDE,2122,,False,train,True
non-solar_6392,6392,non-solar,RYDE,2112,,False,train,True
non-solar_6393,6393,non-solar,RYDE,2112,,False,validation,True
non-solar_6394,6394,non-solar,RYDE,2112,,False,train,True
non-solar_6395,6395,non-solar,RYDE,2112,,False,validation,True
non-solar_6396,6396,non-solar,RYDE,2112,,False,test,True
non-solar_6397,6397,non-solar,RYDE,2112,,False,train,True
non-solar_6398,6398,non-solar,RYDE,2112,,False,validation,True
non-solar_6399,6399,non-solar,RYDE,2112,,False,train,True
non-solar_6400,6400,non-solar,RYDE,2112,,False,train,True
non-solar_6401,6401,non-solar,RYDE,2112,,False,train,True
non-solar_6402,6402,non-solar,RYDE,2112,,False,train,True
non-solar_6403,6403,non-solar,RYDE,2112,,False,test,True
non-solar_6404,6404,non-solar,RYDE,2112,,False,train,True
non-solar_6405,6405,non-solar,RYDE,2112,,False,train,True
non-solar_6406,6406,non-solar,RYDE,2112,,False,validation,True
non-solar_6407,6407,non-solar,RYDE,2112,,False,train,True
non-solar_6408,6408,non-solar,RYDE,2112,,False,train,True
non-solar_6409,6409,non-solar,RYDE,2112,,False,train,True
non-solar_6410,6410,non-solar,RYDE,2112,,False,train,True
non-solar_6411,6411,non-solar,RYDE,2122,,False,train,True
non-solar_6412,6412,non-solar,RYDE,2122,,False,train,True
non-solar_6413,6413,non-solar,RYDE,2122,,False,train,True
non-solar_6414,6414,non-solar,RYDE,2122,,False,train,True
non-solar_6415,6415,non-solar,RYDE,2122,,False,train,True
non-solar_6416,6416,non-solar,RYDE,2112,,False,train,True
non-solar_6417,6417,non-solar,RYDE,2112,,False,train,True
non-solar_6418,6418,non-solar,RYDE,2112,,False,train,True
non-solar_6419,6419,non-solar,RYDE,2112,,False,train,True
non-solar_6420,6420,non-solar,RYDE,2112,,False,train,True
non-solar_6421,6421,non-solar,RYDE,2112,,False,train,True
non-solar_6422,6422,non-solar,RYDE,2112,,False,train,True
non-solar_6423,6423,non-solar,RYDE,2112,,False,validation,True
non-solar_6424,6424,non-solar,RYDE,2112,,False,test,True
non-solar_6425,6425,non-solar,RYDE,2122,,False,train,True
non-solar_6426,6426,non-solar,RYDE,2122,,False,train,True
non-solar_6427,6427,non-solar,RYDE,2122,,False,train,True
non-solar_6428,6428,non-solar,RYDE,2114,,False,test,True
non-solar_6429,6429,non-solar,RYDE,2114,,False,train,True
non-solar_6430,6430,non-solar,RYDE,2114,,False,train,True
non-solar_6431,6431,non-solar,RYDE,2114,,False,train,True
non-solar_6432,6432,non-solar,RYDE,2114,,False,validation,True
non-solar_6433,6433,non-solar,RYDE,2114,,False,train,True
non-solar_6434,6434,non-solar,RYDE,2114,,False,train,True
non-solar_6435,6435,non-solar,RYDE,2114,,False,train,True
non-solar_6436,6436,non-solar,RYDE,2114,,False,validation,True
non-solar_6437,6437,non-solar,RYDE,2114,,False,train,True
non-solar_6438,6438,non-solar,RYDE,2114,,False,validation,True
non-solar_6439,6439,non-solar,RYDE,2114,,False,test,True
non-solar_6440,6440,non-solar,RYDE,2114,,False,validation,True
non-solar_6441,6441,non-solar,RYDE,2114,,False,test,True
non-solar_6442,6442,non-solar,RYDE,2114,,False,train,True
non-solar_6443,6443,non-solar,RYDE,2114,,False,train,True
non-solar_6444,6444,non-solar,RYDE,2114,,False,validation,True
non-solar_6445,6445,non-solar,RYDE,2114,,False,train,True
non-solar_6446,6446,non-solar,RYDE,2114,,False,validation,True
non-solar_6447,6447,non-solar,RYDE,2114,,False,validation,True
non-solar_6448,6448,non-solar,RYDE,2114,,False,train,True
non-solar_6449,6449,non-solar,RYDE,2114,,False,train,True
non-solar_6450,6450,non-solar,RYDE,2114,,False,train,True
non-solar_6451,6451,non-solar,RYDE,2112,,False,train,True
non-solar_6452,6452,non-solar,RYDE,2112,,False,train,True
non-solar_6453,6453,non-solar,RYDE,2112,,False,validation,True
non-solar_6454,6454,non-solar,RYDE,2112,,False,train,True
non-solar_6455,6455,non-solar,RYDE,2112,,False,train,True
non-solar_6456,6456,non-solar,RYDE,2114,,False,train,True
non-solar_6457,6457,non-solar,RYDE,2114,,False,train,True
non-solar_6458,6458,non-solar,RYDE,2112,,False,train,True
non-solar_6459,6459,non-solar,RYDE,2112,,False,train,True
non-solar_6460,6460,non-solar,RYDE,2112,,False,train,True
non-solar_6461,6461,non-solar,RYDE,2112,,False,train,True
non-solar_6462,6462,non-solar,RYDE,2112,,False,train,True
non-solar_6463,6463,non-solar,RYDE,2112,,False,validation,True
non-solar_6464,6464,non-solar,RYDE,2112,,False,train,True
non-solar_6465,6465,non-solar,RYDE,2112,,False,train,True
non-solar_6466,6466,non-solar,RYDE,2112,,False,train,True
non-solar_6467,6467,non-solar,RYDE,2112,,False,validation,True
non-solar_6468,6468,non-solar,RYDE,2112,,False,train,True
non-solar_6469,6469,non-solar,RYDE,2067,,False,train,True
non-solar_6470,6470,non-solar,RYDE,2067,,False,train,True
non-solar_6471,6471,non-solar,RYDE,2067,,False,train,True
non-solar_6472,6472,non-solar,RYDE,2111,,False,train,True
non-solar_6473,6473,non-solar,RYDE,2111,,False,train,True
non-solar_6474,6474,non-solar,RYDE,2111,,False,validation,True
non-solar_6475,6475,non-solar,RYDE,2111,,False,validation,True
non-solar_6476,6476,non-solar,RYDE,2111,,False,train,True
non-solar_6477,6477,non-solar,RYDE,2111,,False,test,True
non-solar_6478,6478,non-solar,RYDE,2111,,False,train,True
non-solar_6479,6479,non-solar,RYDE,2111,,False,test,True
non-solar_6480,6480,non-solar,RYDE,2111,,False,train,True
non-solar_6481,6481,non-solar,RYDE,2111,,False,train,True
non-solar_6482,6482,non-solar,RYDE,2111,,False,test,True
non-solar_6483,6483,non-solar,RYDE,2111,,False,validation,True
non-solar_6484,6484,non-solar,HUNTERS HILL,2110,,False,test,True
non-solar_6485,6485,non-solar,HUNTERS HILL,2110,,False,train,True
non-solar_6486,6486,non-solar,HUNTERS HILL,2110,,False,validation,True
non-solar_6487,6487,non-solar,HUNTERS HILL,2110,,False,train,True
non-solar_6488,6488,non-solar,HUNTERS HILL,2110,,False,train,True
non-solar_6489,6489,non-solar,HUNTERS HILL,2110,,False,validation,True
non-solar_6490,6490,non-solar,LANE COVE,2065,,False,train,True
non-solar_6491,6491,non-solar,LANE COVE,2065,,False,train,True
non-solar_6492,6492,non-solar,LANE COVE,2065,,False,train,True
non-solar_6493,6493,non-solar,LANE COVE,2065,,False,train,True
non-solar_6494,6494,non-solar,LANE COVE,2065,,False,train,True
non-solar_6495,6495,non-solar,LANE COVE,2065,,False,train,True
non-solar_6496,6496,non-solar,LANE COVE,2065,,False,train,True
non-solar_6497,6497,non-solar,LANE COVE,2065,,False,train,True
non-solar_6498,6498,non-solar,LANE COVE,2065,,False,train,True
non-solar_6499,6499,non-solar,LANE COVE,2065,,False,train,True
non-solar_6500,6500,non-solar,LANE COVE,2065,,False,train,True
non-solar_6501,6501,non-solar,LANE COVE,2065,,False,train,True
non-solar_6502,6502,non-solar,LANE COVE,2065,,False,train,True
non-solar_6503,6503,non-solar,LANE COVE,2065,,False,train,True
non-solar_6504,6504,non-solar,LANE COVE,2065,,False,train,True
non-solar_6505,6505,non-solar,LANE COVE,2065,,False,train,True
non-solar_6506,6506,non-solar,LANE COVE,2066,,False,train,True
non-solar_6507,6507,non-solar,LANE COVE,2066,,False,train,True
non-solar_6508,6508,non-solar,LANE COVE,2066,,False,train,True
non-solar_6509,6509,non-solar,LANE COVE,2066,,False,train,True
non-solar_6510,6510,non-solar,LANE COVE,2066,,False,validation,True
non-solar_6511,6511,non-solar,LANE COVE,2066,,False,test,True
non-solar_6512,6512,non-solar,LANE COVE,2066,,False,train,True
non-solar_6513,6513,non-solar,LANE COVE,2066,,False,train,True
non-solar_6514,6514,non-solar,LANE COVE,2066,,False,test,True
non-solar_6515,6515,non-solar,LANE COVE,2066,,False,train,True
non-solar_6516,6516,non-solar,LANE COVE,2066,,False,train,True
non-solar_6517,6517,non-solar,LANE COVE,2066,,False,train,True
non-solar_6518,6518,non-solar,LANE COVE,2066,,False,validation,True
non-solar_6519,6519,non-solar,LANE COVE,2066,,False,train,True
non-solar_6520,6520,non-solar,LANE COVE,2066,,False,train,True
non-solar_6521,6521,non-solar,LANE COVE,2066,,False,train,True
non-solar_6522,6522,non-solar,LANE COVE,2066,,False,train,True
non-solar_6523,6523,non-solar,LANE COVE,2066,,False,train,True
non-solar_6524,6524,non-solar,LANE COVE,2066,,False,validation,True
non-solar_6525,6525,non-solar,LANE COVE,2066,,False,train,True
non-solar_6526,6526,non-solar,LANE COVE,2066,,False,train,True
non-solar_6527,6527,non-solar,LANE COVE,2066,,False,train,True
non-solar_6528,6528,non-solar,LANE COVE,2066,,False,train,True
non-solar_6529,6529,non-solar,LANE COVE,2066,,False,train,True
non-solar_6530,6530,non-solar,LANE COVE,2066,,False,test,True
non-solar_6531,6531,non-solar,LANE COVE,2066,,False,test,True
non-solar_6532,6532,non-solar,LANE COVE,2066,,False,train,True
non-solar_6533,6533,non-solar,NORTH SYDNEY,2090,,False,test,True
non-solar_6534,6534,non-solar,NORTH SYDNEY,2090,,False,train,True
non-solar_6535,6535,non-solar,NORTH SYDNEY,2090,,False,train,True
non-solar_6536,6536,non-solar,MOSMAN,2088,,False,train,True
non-solar_6537,6537,non-solar,MOSMAN,2088,,False,test,True
non-solar_6538,6538,non-solar,MOSMAN,2088,,False,train,True
non-solar_6539,6539,non-solar,MOSMAN,2088,,False,validation,True
non-solar_6540,6540,non-solar,MOSMAN,2088,,False,test,True
non-solar_6541,6541,non-solar,MOSMAN,2088,,False,train,True
non-solar_6542,6542,non-solar,MOSMAN,2088,,False,train,True
non-solar_6543,6543,non-solar,MOSMAN,2088,,False,test,True
non-solar_6544,6544,non-solar,MOSMAN,2088,,False,validation,True
non-solar_6545,6545,non-solar,MOSMAN,2088,,False,train,True
non-solar_6546,6546,non-solar,MOSMAN,2088,,False,train,True
non-solar_6547,6547,non-solar,MOSMAN,2088,,False,train,True
non-solar_6548,6548,non-solar,MOSMAN,2088,,False,train,True
non-solar_6549,6549,non-solar,MOSMAN,2088,,False,test,True
non-solar_6550,6550,non-solar,MOSMAN,2088,,False,train,True
non-solar_6551,6551,non-solar,MOSMAN,2088,,False,train,True
non-solar_6552,6552,non-solar,NORTH SYDNEY,2089,,False,train,True
non-solar_6553,6553,non-solar,NORTH SYDNEY,2060,,False,train,True
non-solar_6554,6554,non-solar,NORTH SYDNEY,2060,,False,train,True
non-solar_6555,6555,non-solar,NORTH SYDNEY,2062,,False,test,True
non-solar_6556,6556,non-solar,NORTH SYDNEY,2062,,False,validation,True
non-solar_6557,6557,non-solar,NORTH SYDNEY,2062,,False,train,True
non-solar_6558,6558,non-solar,NORTH SYDNEY,2062,,False,train,True
non-solar_6559,6559,non-solar,NORTH SYDNEY,2062,,False,train,True
non-solar_6560,6560,non-solar,KU-RING-GAI,2074,,False,train,True
non-solar_6561,6561,non-solar,KU-RING-GAI,2074,,False,train,True
non-solar_6562,6562,non-solar,KU-RING-GAI,2074,,False,train,True
non-solar_6563,6563,non-solar,KU-RING-GAI,2074,,False,train,True
non-solar_6564,6564,non-solar,KU-RING-GAI,2074,,False,train,True
non-solar_6565,6565,non-solar,KU-RING-GAI,2074,,False,train,True
non-solar_6566,6566,non-solar,KU-RING-GAI,2074,,False,validation,True
non-solar_6567,6567,non-solar,KU-RING-GAI,2074,,False,train,True
non-solar_6568,6568,non-solar,KU-RING-GAI,2074,,False,train,True
non-solar_6569,6569,non-solar,KU-RING-GAI,2074,,False,validation,True
non-solar_6570,6570,non-solar,KU-RING-GAI,2074,,False,train,True
non-solar_6571,6571,non-solar,KU-RING-GAI,2074,,False,train,True
non-solar_6572,6572,non-solar,KU-RING-GAI,2074,,False,train,True
non-solar_6573,6573,non-solar,KU-RING-GAI,2074,,False,train,True
non-solar_6574,6574,non-solar,KU-RING-GAI,2074,,False,train,True
non-solar_6575,6575,non-solar,KU-RING-GAI,2074,,False,train,True
non-solar_6576,6576,non-solar,KU-RING-GAI,2074,,False,validation,True
non-solar_6577,6577,non-solar,KU-RING-GAI,2074,,False,test,True
non-solar_6578,6578,non-solar,KU-RING-GAI,2074,,False,train,True
non-solar_6579,6579,non-solar,KU-RING-GAI,2074,,False,train,True
non-solar_6580,6580,non-solar,KU-RING-GAI,2076,,False,train,True
non-solar_6581,6581,non-solar,KU-RING-GAI,2074,,False,train,True
non-solar_6582,6582,non-solar,KU-RING-GAI,2074,,False,train,True
non-solar_6583,6583,non-solar,KU-RING-GAI,2074,,False,train,True
non-solar_6584,6584,non-solar,KU-RING-GAI,2074,,False,train,True
non-solar_6585,6585,non-solar,KU-RING-GAI,2074,,False,train,True
non-solar_6586,6586,non-solar,KU-RING-GAI,2074,,False,train,True
non-solar_6587,6587,non-solar,KU-RING-GAI,2074,,False,train,True
non-solar_6588,6588,non-solar,KU-RING-GAI,2074,,False,train,True
non-solar_6589,6589,non-solar,KU-RING-GAI,2074,,False,validation,True
non-solar_6590,6590,non-solar,KU-RING-GAI,2074,,False,validation,True
non-solar_6591,6591,non-solar,KU-RING-GAI,2074,,False,validation,True
non-solar_6592,6592,non-solar,KU-RING-GAI,2074,,False,train,True
non-solar_6593,6593,non-solar,KU-RING-GAI,2074,,False,train,True
non-solar_6594,6594,non-solar,KU-RING-GAI,2074,,False,test,True
non-solar_6595,6595,non-solar,KU-RING-GAI,2073,,False,validation,True
non-solar_6596,6596,non-solar,KU-RING-GAI,2073,,False,train,True
non-solar_6597,6597,non-solar,KU-RING-GAI,2073,,False,train,True
non-solar_6598,6598,non-solar,KU-RING-GAI,2073,,False,train,True
non-solar_6599,6599,non-solar,KU-RING-GAI,2073,,False,train,True
non-solar_6600,6600,non-solar,KU-RING-GAI,2073,,False,train,True
non-solar_6601,6601,non-solar,KU-RING-GAI,2073,,False,train,True
non-solar_6602,6602,non-solar,KU-RING-GAI,2073,,False,test,True
non-solar_6603,6603,non-solar,KU-RING-GAI,2073,,False,train,True
non-solar_6604,6604,non-solar,KU-RING-GAI,2075,,False,train,True
non-solar_6605,6605,non-solar,KU-RING-GAI,2075,,False,train,True
non-solar_6606,6606,non-solar,KU-RING-GAI,2075,,False,train,True
non-solar_6607,6607,non-solar,KU-RING-GAI,2075,,False,validation,True
non-solar_6608,6608,non-solar,KU-RING-GAI,2075,,False,train,True
non-solar_6609,6609,non-solar,KU-RING-GAI,2075,,False,train,True
non-solar_6610,6610,non-solar,KU-RING-GAI,2075,,False,train,True
non-solar_6611,6611,non-solar,KU-RING-GAI,2075,,False,train,True
non-solar_6612,6612,non-solar,KU-RING-GAI,2075,,False,train,True
non-solar_6613,6613,non-solar,KU-RING-GAI,2075,,False,validation,True
non-solar_6614,6614,non-solar,KU-RING-GAI,2075,,False,train,True
non-solar_6615,6615,non-solar,KU-RING-GAI,2075,,False,train,True
non-solar_6616,6616,non-solar,KU-RING-GAI,2075,,False,train,True
non-solar_6617,6617,non-solar,KU-RING-GAI,2075,,False,train,True
non-solar_6618,6618,non-solar,KU-RING-GAI,2075,,False,train,True
non-solar_6619,6619,non-solar,KU-RING-GAI,2075,,False,train,True
non-solar_6620,6620,non-solar,KU-RING-GAI,2075,,False,validation,True
non-solar_6621,6621,non-solar,KU-RING-GAI,2072,,False,train,True
non-solar_6622,6622,non-solar,KU-RING-GAI,2072,,False,train,True
non-solar_6623,6623,non-solar,KU-RING-GAI,2071,,False,train,True
non-solar_6624,6624,non-solar,KU-RING-GAI,2071,,False,train,True
non-solar_6625,6625,non-solar,KU-RING-GAI,2071,,False,train,True
non-solar_6626,6626,non-solar,KU-RING-GAI,2071,,False,validation,True
non-solar_6627,6627,non-solar,KU-RING-GAI,2071,,False,train,True
non-solar_6628,6628,non-solar,KU-RING-GAI,2071,,False,train,True
non-solar_6629,6629,non-solar,KU-RING-GAI,2071,,False,train,True
non-solar_6630,6630,non-solar,KU-RING-GAI,2071,,False,validation,True
non-solar_6631,6631,non-solar,KU-RING-GAI,2071,,False,train,True
non-solar_6632,6632,non-solar,KU-RING-GAI,2071,,False,train,True
non-solar_6633,6633,non-solar,KU-RING-GAI,2071,,False,test,True
non-solar_6634,6634,non-solar,KU-RING-GAI,2071,,False,train,True
non-solar_6635,6635,non-solar,KU-RING-GAI,2071,,False,train,True
non-solar_6636,6636,non-solar,KU-RING-GAI,2070,,False,train,True
non-solar_6637,6637,non-solar,KU-RING-GAI,2070,,False,train,True
non-solar_6638,6638,non-solar,KU-RING-GAI,2070,,False,test,True
non-solar_6639,6639,non-solar,KU-RING-GAI,2070,,False,train,True
non-solar_6640,6640,non-solar,KU-RING-GAI,2070,,False,validation,True
non-solar_6641,6641,non-solar,KU-RING-GAI,2070,,False,train,True
non-solar_6642,6642,non-solar,KU-RING-GAI,2070,,False,train,True
non-solar_6643,6643,non-solar,KU-RING-GAI,2070,,False,train,True
non-solar_6644,6644,non-solar,KU-RING-GAI,2070,,False,train,True
non-solar_6645,6645,non-solar,KU-RING-GAI,2071,,False,validation,True
non-solar_6646,6646,non-solar,KU-RING-GAI,2070,,False,train,True
non-solar_6647,6647,non-solar,KU-RING-GAI,2070,,False,train,True
non-solar_6648,6648,non-solar,KU-RING-GAI,2070,,False,train,True
non-solar_6649,6649,non-solar,KU-RING-GAI,2070,,False,train,True
non-solar_6650,6650,non-solar,KU-RING-GAI,2070,,False,test,True
non-solar_6651,6651,non-solar,KU-RING-GAI,2070,,False,train,True
non-solar_6652,6652,non-solar,KU-RING-GAI,2070,,False,train,True
non-solar_6653,6653,non-solar,KU-RING-GAI,2070,,False,train,True
non-solar_6654,6654,non-solar,KU-RING-GAI,2070,,False,train,True
non-solar_6655,6655,non-solar,KU-RING-GAI,2070,,False,train,True
non-solar_6656,6656,non-solar,KU-RING-GAI,2070,,False,train,True
non-solar_6657,6657,non-solar,KU-RING-GAI,2069,,False,validation,True
non-solar_6658,6658,non-solar,KU-RING-GAI,2069,,False,train,True
non-solar_6659,6659,non-solar,KU-RING-GAI,2069,,False,test,True
non-solar_6660,6660,non-solar,KU-RING-GAI,2069,,False,train,True
non-solar_6661,6661,non-solar,KU-RING-GAI,2069,,False,test,True
non-solar_6662,6662,non-solar,KU-RING-GAI,2069,,False,test,True
non-solar_6663,6663,non-solar,KU-RING-GAI,2069,,False,train,True
non-solar_6664,6664,non-solar,KU-RING-GAI,2069,,False,train,True
non-solar_6665,6665,non-solar,KU-RING-GAI,2069,,False,train,True
non-solar_6666,6666,non-solar,KU-RING-GAI,2069,,False,train,True
non-solar_6667,6667,non-solar,KU-RING-GAI,2069,,False,test,True
non-solar_6668,6668,non-solar,KU-RING-GAI,2069,,False,train,True
non-solar_6669,6669,non-solar,KU-RING-GAI,2069,,False,test,True
non-solar_6670,6670,non-solar,KU-RING-GAI,2069,,False,train,True
non-solar_6671,6671,non-solar,KU-RING-GAI,2069,,False,train,True
non-solar_6672,6672,non-solar,KU-RING-GAI,2069,,False,train,True
non-solar_6673,6673,non-solar,KU-RING-GAI,2069,,False,train,True
non-solar_6674,6674,non-solar,KU-RING-GAI,2069,,False,train,True
non-solar_6675,6675,non-solar,WILLOUGHBY,2069,,False,validation,True
non-solar_6676,6676,non-solar,WILLOUGHBY,2067,,False,train,True
non-solar_6677,6677,non-solar,WILLOUGHBY,2067,,False,test,True
non-solar_6678,6678,non-solar,WILLOUGHBY,2067,,False,validation,True
non-solar_6679,6679,non-solar,WILLOUGHBY,2067,,False,train,True
non-solar_6680,6680,non-solar,WILLOUGHBY,2067,,False,train,True
non-solar_6681,6681,non-solar,WILLOUGHBY,2067,,False,train,True
non-solar_6682,6682,non-solar,WILLOUGHBY,2067,,False,train,True
non-solar_6683,6683,non-solar,WILLOUGHBY,2067,,False,train,True
non-solar_6684,6684,non-solar,WILLOUGHBY,2067,,False,validation,True
non-solar_6685,6685,non-solar,WILLOUGHBY,2067,,False,train,True
non-solar_6686,6686,non-solar,WILLOUGHBY,2067,,False,train,True
non-solar_6687,6687,non-solar,WILLOUGHBY,2067,,False,train,True
non-solar_6688,6688,non-solar,WILLOUGHBY,2067,,False,train,True
non-solar_6689,6689,non-solar,WILLOUGHBY,2067,,False,train,True
non-solar_6690,6690,non-solar,WILLOUGHBY,2067,,False,train,True
non-solar_6691,6691,non-solar,WILLOUGHBY,2067,,False,train,True
non-solar_6692,6692,non-solar,WILLOUGHBY,2067,,False,test,True
non-solar_6693,6693,non-solar,WILLOUGHBY,2067,,False,train,True
non-solar_6694,6694,non-solar,WILLOUGHBY,2067,,False,train,True
non-solar_6695,6695,non-solar,WILLOUGHBY,2067,,False,train,True
non-solar_6696,6696,non-solar,WILLOUGHBY,2067,,False,train,True
non-solar_6697,6697,non-solar,WILLOUGHBY,2067,,False,train,True
non-solar_6698,6698,non-solar,WILLOUGHBY,2067,,False,train,True
non-solar_6699,6699,non-solar,WILLOUGHBY,2068,,False,train,True
non-solar_6700,6700,non-solar,WILLOUGHBY,2068,,False,validation,True
non-solar_6701,6701,non-solar,WILLOUGHBY,2068,,False,train,True
non-solar_6702,6702,non-solar,WILLOUGHBY,2068,,False,validation,True
non-solar_6703,6703,non-solar,WILLOUGHBY,2068,,False,train,True
non-solar_6704,6704,non-solar,WILLOUGHBY,2068,,False,train,True
non-solar_6705,6705,non-solar,WILLOUGHBY,2068,,False,train,True
non-solar_6706,6706,non-solar,WILLOUGHBY,2068,,False,test,True
non-solar_6707,6707,non-solar,WILLOUGHBY,2068,,False,train,True
non-solar_6708,6708,non-solar,WILLOUGHBY,2068,,False,test,True
non-solar_6709,6709,non-solar,WILLOUGHBY,2068,,False,train,True
non-solar_6710,6710,non-solar,WILLOUGHBY,2068,,False,train,True
non-solar_6711,6711,non-solar,WILLOUGHBY,2068,,False,train,True
non-solar_6712,6712,non-solar,WILLOUGHBY,2068,,False,validation,True
non-solar_6713,6713,non-solar,WILLOUGHBY,2064,,False,test,True
non-solar_6714,6714,non-solar,WILLOUGHBY,2064,,False,train,True
non-solar_6715,6715,non-solar,WILLOUGHBY,2064,,False,train,True
non-solar_6716,6716,non-solar,WILLOUGHBY,2068,,False,train,True
non-solar_6717,6717,non-solar,WILLOUGHBY,2063,,False,train,True
non-solar_6718,6718,non-solar,WILLOUGHBY,2063,,False,train,True
non-solar_6719,6719,non-solar,WILLOUGHBY,2063,,False,test,True
non-solar_6720,6720,non-solar,WILLOUGHBY,2063,,False,train,True
non-solar_6721,6721,non-solar,WILLOUGHBY,2063,,False,train,True
non-solar_6722,6722,non-solar,WILLOUGHBY,2063,,False,train,True
non-solar_6723,6723,non-solar,WILLOUGHBY,2063,,False,train,True
non-solar_6724,6724,non-solar,WILLOUGHBY,2064,,False,train,True
non-solar_6725,6725,non-solar,WILLOUGHBY,2064,,False,train,True
non-solar_6726,6726,non-solar,WILLOUGHBY,2064,,False,train,True
non-solar_6727,6727,non-solar,WILLOUGHBY,2064,,False,test,True
non-solar_6728,6728,non-solar,MANLY,2095,,False,train,True
non-solar_6729,6729,non-solar,MANLY,2095,,False,validation,True
non-solar_6730,6730,non-solar,MANLY,2095,,False,train,True
non-solar_6731,6731,non-solar,MANLY,2095,,False,train,True
non-solar_6732,6732,non-solar,MANLY,2095,,False,train,True
non-solar_6733,6733,non-solar,MANLY,2095,,False,train,True
non-solar_6734,6734,non-solar,MANLY,2095,,False,train,True
non-solar_6735,6735,non-solar,MANLY,2094,,False,train,True
non-solar_6736,6736,non-solar,MANLY,2094,,False,train,True
non-solar_6737,6737,non-solar,MANLY,2094,,False,validation,True
non-solar_6738,6738,non-solar,MANLY,2094,,False,train,True
non-solar_6739,6739,non-solar,MANLY,2094,,False,train,True
non-solar_6740,6740,non-solar,MANLY,2093,,False,train,True
non-solar_6741,6741,non-solar,MANLY,2093,,False,train,True
non-solar_6742,6742,non-solar,MANLY,2093,,False,train,True
non-solar_6743,6743,non-solar,MANLY,2093,,False,train,True
non-solar_6744,6744,non-solar,MANLY,2093,,False,train,True
non-solar_6745,6745,non-solar,MANLY,2093,,False,train,True
non-solar_6746,6746,non-solar,MANLY,2093,,False,validation,True
non-solar_6747,6747,non-solar,MANLY,2093,,False,train,True
non-solar_6748,6748,non-solar,MANLY,2093,,False,train,True
non-solar_6749,6749,non-solar,MANLY,2093,,False,validation,True
non-solar_6750,6750,non-solar,MANLY,2093,,False,test,True
non-solar_6751,6751,non-solar,MANLY,2093,,False,test,True
non-solar_6752,6752,non-solar,MANLY,2093,,False,train,True
non-solar_6753,6753,non-solar,MANLY,2093,,False,train,True
non-solar_6754,6754,non-solar,MANLY,2093,,False,test,True
non-solar_6755,6755,non-solar,MANLY,2093,,False,train,True
non-solar_6756,6756,non-solar,MANLY,2093,,False,train,True
non-solar_6757,6757,non-solar,MANLY,2093,,False,test,True
non-solar_6758,6758,non-solar,MANLY,2093,,False,test,True
non-solar_6759,6759,non-solar,MANLY,2093,,False,test,True
non-solar_6760,6760,non-solar,MANLY,2093,,False,validation,True
non-solar_6761,6761,non-solar,MANLY,2093,,False,train,True
non-solar_6762,6762,non-solar,MANLY,2093,,False,test,True
non-solar_6763,6763,non-solar,MANLY,2093,,False,train,True
non-solar_6764,6764,non-solar,MANLY,2093,,False,train,True
non-solar_6765,6765,non-solar,MANLY,2093,,False,train,True
non-solar_6766,6766,non-solar,MANLY,2093,,False,train,True
non-solar_6767,6767,non-solar,MANLY,2093,,False,train,True
non-solar_6768,6768,non-solar,MANLY,2093,,False,train,True
non-solar_6769,6769,non-solar,MANLY,2093,,False,train,True
non-solar_6770,6770,non-solar,MANLY,2093,,False,train,True
non-solar_6771,6771,non-solar,MANLY,2093,,False,train,True
non-solar_6772,6772,non-solar,MANLY,2093,,False,train,True
non-solar_6773,6773,non-solar,MANLY,2093,,False,train,True
non-solar_6774,6774,non-solar,MANLY,2093,,False,train,True
non-solar_6775,6775,non-solar,MANLY,2093,,False,train,True
non-solar_6776,6776,non-solar,MANLY,2093,,False,train,True
non-solar_6777,6777,non-solar,MANLY,2093,,False,validation,True
non-solar_6778,6778,non-solar,MANLY,2092,,False,train,True
non-solar_6779,6779,non-solar,MANLY,2092,,False,validation,True
non-solar_6780,6780,non-solar,MANLY,2092,,False,train,True
non-solar_6781,6781,non-solar,MANLY,2092,,False,train,True
non-solar_6782,6782,non-solar,MANLY,2092,,False,validation,True
non-solar_6783,6783,non-solar,MANLY,2092,,False,test,True
non-solar_6784,6784,non-solar,MANLY,2092,,False,train,True
non-solar_6785,6785,non-solar,MANLY,2092,,False,train,True
non-solar_6786,6786,non-solar,MANLY,2092,,False,validation,True
non-solar_6787,6787,non-solar,MANLY,2092,,False,train,True
non-solar_6788,6788,non-solar,MANLY,2092,,False,train,True
non-solar_6789,6789,non-solar,MANLY,2092,,False,train,True
non-solar_6790,6790,non-solar,MANLY,2092,,False,train,True
non-solar_6791,6791,non-solar,MANLY,2094,,False,train,True
non-solar_6792,6792,non-solar,WARRINGAH,2100,,False,validation,True
non-solar_6793,6793,non-solar,WARRINGAH,2100,,False,train,True
non-solar_6794,6794,non-solar,WARRINGAH,2100,,False,train,True
non-solar_6795,6795,non-solar,WARRINGAH,2100,,False,train,True
non-solar_6796,6796,non-solar,WARRINGAH,2096,,False,train,True
non-solar_6797,6797,non-solar,WARRINGAH,2096,,False,test,True
non-solar_6798,6798,non-solar,WARRINGAH,2096,,False,train,True
non-solar_6799,6799,non-solar,WARRINGAH,2096,,False,test,True
non-solar_6800,6800,non-solar,WARRINGAH,2096,,False,train,True
non-solar_6801,6801,non-solar,WARRINGAH,2096,,False,train,True
non-solar_6802,6802,non-solar,WARRINGAH,2096,,False,validation,True
non-solar_6803,6803,non-solar,WARRINGAH,2096,,False,train,True
non-solar_6804,6804,non-solar,WARRINGAH,2096,,False,train,True
non-solar_6805,6805,non-solar,WARRINGAH,2096,,False,validation,True
non-solar_6806,6806,non-solar,WARRINGAH,2096,,False,train,True
non-solar_6807,6807,non-solar,WARRINGAH,2096,,False,train,True
non-solar_6808,6808,non-solar,WARRINGAH,2096,,False,test,True
non-solar_6809,6809,non-solar,WARRINGAH,2096,,False,train,True
non-solar_6810,6810,non-solar,WARRINGAH,2096,,False,train,True
non-solar_6811,6811,non-solar,WARRINGAH,2096,,False,test,True
non-solar_6812,6812,non-solar,WARRINGAH,2096,,False,test,True
non-solar_6813,6813,non-solar,WARRINGAH,2096,,False,train,True
non-solar_6814,6814,non-solar,WARRINGAH,2096,,False,train,True
non-solar_6815,6815,non-solar,WARRINGAH,2096,,False,test,True
non-solar_6816,6816,non-solar,WARRINGAH,2096,,False,train,True
non-solar_6817,6817,non-solar,WARRINGAH,2096,,False,test,True
non-solar_6818,6818,non-solar,WARRINGAH,2100,,False,test,True
non-solar_6819,6819,non-solar,WARRINGAH,2100,,False,train,True
non-solar_6820,6820,non-solar,WARRINGAH,2100,,False,train,True
non-solar_6821,6821,non-solar,WARRINGAH,2100,,False,validation,True
non-solar_6822,6822,non-solar,WARRINGAH,2100,,False,validation,True
non-solar_6823,6823,non-solar,WARRINGAH,2100,,False,train,True
non-solar_6824,6824,non-solar,WARRINGAH,2100,,False,validation,True
non-solar_6825,6825,non-solar,WARRINGAH,2100,,False,test,True
non-solar_6826,6826,non-solar,WARRINGAH,2100,,False,train,True
non-solar_6827,6827,non-solar,WARRINGAH,2100,,False,validation,True
non-solar_6828,6828,non-solar,WARRINGAH,2100,,False,train,True
non-solar_6829,6829,non-solar,WARRINGAH,2100,,False,train,True
non-solar_6830,6830,non-solar,WARRINGAH,2100,,False,train,True
non-solar_6831,6831,non-solar,WARRINGAH,2100,,False,train,True
non-solar_6832,6832,non-solar,WARRINGAH,2100,,False,train,True
non-solar_6833,6833,non-solar,WARRINGAH,2100,,False,train,True
non-solar_6834,6834,non-solar,WARRINGAH,2100,,False,train,True
non-solar_6835,6835,non-solar,WARRINGAH,2100,,False,validation,True
non-solar_6836,6836,non-solar,WARRINGAH,2100,,False,validation,True
non-solar_6837,6837,non-solar,WARRINGAH,2100,,False,train,True
non-solar_6838,6838,non-solar,WARRINGAH,2100,,False,train,True
non-solar_6839,6839,non-solar,WARRINGAH,2100,,False,validation,True
non-solar_6840,6840,non-solar,WARRINGAH,2100,,False,train,True
non-solar_6841,6841,non-solar,WARRINGAH,2100,,False,train,True
non-solar_6842,6842,non-solar,WARRINGAH,2100,,False,test,True
non-solar_6843,6843,non-solar,WARRINGAH,2100,,False,test,True
non-solar_6844,6844,non-solar,WARRINGAH,2100,,False,test,True
non-solar_6845,6845,non-solar,WARRINGAH,2100,,False,validation,True
non-solar_6846,6846,non-solar,WARRINGAH,2100,,False,validation,True
non-solar_6847,6847,non-solar,WARRINGAH,2100,,False,train,True
non-solar_6848,6848,non-solar,WARRINGAH,2100,,False,validation,True
non-solar_6849,6849,non-solar,WARRINGAH,2099,,False,test,True
non-solar_6850,6850,non-solar,WARRINGAH,2099,,False,test,True
non-solar_6851,6851,non-solar,WARRINGAH,2099,,False,train,True
non-solar_6852,6852,non-solar,WARRINGAH,2099,,False,train,True
non-solar_6853,6853,non-solar,WARRINGAH,2099,,False,train,True
non-solar_6854,6854,non-solar,WARRINGAH,2099,,False,train,True
non-solar_6855,6855,non-solar,WARRINGAH,2099,,False,train,True
non-solar_6856,6856,non-solar,WARRINGAH,2099,,False,train,True
non-solar_6857,6857,non-solar,WARRINGAH,2086,,False,validation,True
non-solar_6858,6858,non-solar,WARRINGAH,2086,,False,train,True
non-solar_6859,6859,non-solar,WARRINGAH,2086,,False,test,True
non-solar_6860,6860,non-solar,WARRINGAH,2086,,False,train,True
non-solar_6861,6861,non-solar,WARRINGAH,2086,,False,train,True
non-solar_6862,6862,non-solar,WARRINGAH,2086,,False,train,True
non-solar_6863,6863,non-solar,WARRINGAH,2086,,False,train,True
non-solar_6864,6864,non-solar,WARRINGAH,2086,,False,train,True
non-solar_6865,6865,non-solar,WARRINGAH,2086,,False,train,True
non-solar_6866,6866,non-solar,WARRINGAH,2086,,False,train,True
non-solar_6867,6867,non-solar,WARRINGAH,2086,,False,test,True
non-solar_6868,6868,non-solar,WARRINGAH,2086,,False,validation,True
non-solar_6869,6869,non-solar,WARRINGAH,2086,,False,train,True
non-solar_6870,6870,non-solar,WARRINGAH,2086,,False,train,True
non-solar_6871,6871,non-solar,WARRINGAH,2086,,False,validation,True
non-solar_6872,6872,non-solar,WARRINGAH,2086,,False,train,True
non-solar_6873,6873,non-solar,WARRINGAH,2086,,False,validation,True
non-solar_6874,6874,non-solar,WARRINGAH,2086,,False,test,True
non-solar_6875,6875,non-solar,WARRINGAH,2086,,False,train,True
non-solar_6876,6876,non-solar,WARRINGAH,2086,,False,train,True
non-solar_6877,6877,non-solar,WARRINGAH,2087,,False,train,True
non-solar_6878,6878,non-solar,WARRINGAH,2087,,False,validation,True
non-solar_6879,6879,non-solar,WARRINGAH,2087,,False,test,True
non-solar_6880,6880,non-solar,WARRINGAH,2087,,False,train,True
non-solar_6881,6881,non-solar,WARRINGAH,2087,,False,test,True
non-solar_6882,6882,non-solar,WARRINGAH,2087,,False,test,True
non-solar_6883,6883,non-solar,WARRINGAH,2087,,False,train,True
non-solar_6884,6884,non-solar,WARRINGAH,2087,,False,train,True
non-solar_6885,6885,non-solar,WARRINGAH,2087,,False,train,True
non-solar_6886,6886,non-solar,WARRINGAH,2087,,False,train,True
non-solar_6887,6887,non-solar,WARRINGAH,2087,,False,train,True
non-solar_6888,6888,non-solar,WARRINGAH,2087,,False,train,True
non-solar_6889,6889,non-solar,WARRINGAH,2087,,False,train,True
non-solar_6890,6890,non-solar,WARRINGAH,2087,,False,train,True
non-solar_6891,6891,non-solar,WARRINGAH,2087,,False,test,True
non-solar_6892,6892,non-solar,WARRINGAH,2087,,False,train,True
non-solar_6893,6893,non-solar,WARRINGAH,2087,,False,validation,True
non-solar_6894,6894,non-solar,WARRINGAH,2087,,False,test,True
non-solar_6895,6895,non-solar,WARRINGAH,2087,,False,train,True
non-solar_6896,6896,non-solar,WARRINGAH,2087,,False,train,True
non-solar_6897,6897,non-solar,WARRINGAH,2087,,False,test,True
non-solar_6898,6898,non-solar,WARRINGAH,2087,,False,train,True
non-solar_6899,6899,non-solar,WARRINGAH,2087,,False,train,True
non-solar_6900,6900,non-solar,WARRINGAH,2087,,False,train,True
non-solar_6901,6901,non-solar,WARRINGAH,2087,,False,test,True
non-solar_6902,6902,non-solar,WARRINGAH,2087,,False,test,True
non-solar_6903,6903,non-solar,WARRINGAH,2087,,False,train,True
non-solar_6904,6904,non-solar,WARRINGAH,2085,,False,train,True
non-solar_6905,6905,non-solar,WARRINGAH,2085,,False,train,True
non-solar_6906,6906,non-solar,WARRINGAH,2085,,False,train,True
non-solar_6907,6907,non-solar,WARRINGAH,2085,,False,train,True
non-solar_6908,6908,non-solar,WARRINGAH,2085,,False,train,True
non-solar_6909,6909,non-solar,WARRINGAH,2085,,False,train,True
non-solar_6910,6910,non-solar,WARRINGAH,2085,,False,train,True
non-solar_6911,6911,non-solar,WARRINGAH,2085,,False,train,True
non-solar_6912,6912,non-solar,WARRINGAH,2085,,False,validation,True
non-solar_6913,6913,non-solar,WARRINGAH,2085,,False,train,True
non-solar_6914,6914,non-solar,WARRINGAH,2085,,False,train,True
non-solar_6915,6915,non-solar,WARRINGAH,2085,,False,train,True
non-solar_6916,6916,non-solar,WARRINGAH,2085,,False,train,True
non-solar_6917,6917,non-solar,WARRINGAH,2085,,False,train,True
non-solar_6918,6918,non-solar,WARRINGAH,2085,,False,train,True
non-solar_6919,6919,non-solar,WARRINGAH,2084,,False,validation,True
non-solar_6920,6920,non-solar,WARRINGAH,2084,,False,validation,True
non-solar_6921,6921,non-solar,WARRINGAH,2084,,False,test,True
non-solar_6922,6922,non-solar,WARRINGAH,2099,,False,train,True
non-solar_6923,6923,non-solar,WARRINGAH,2099,,False,test,True
non-solar_6924,6924,non-solar,WARRINGAH,2099,,False,validation,True
non-solar_6925,6925,non-solar,WARRINGAH,2099,,False,test,True
non-solar_6926,6926,non-solar,WARRINGAH,2099,,False,train,True
non-solar_6927,6927,non-solar,WARRINGAH,2099,,False,train,True
non-solar_6928,6928,non-solar,WARRINGAH,2099,,False,test,True
non-solar_6929,6929,non-solar,WARRINGAH,2099,,False,test,True
non-solar_6930,6930,non-solar,WARRINGAH,2099,,False,test,True
non-solar_6931,6931,non-solar,WARRINGAH,2099,,False,train,True
non-solar_6932,6932,non-solar,WARRINGAH,2099,,False,train,True
non-solar_6933,6933,non-solar,WARRINGAH,2099,,False,train,True
non-solar_6934,6934,non-solar,WARRINGAH,2099,,False,train,True
non-solar_6935,6935,non-solar,WARRINGAH,2099,,False,train,True
non-solar_6936,6936,non-solar,WARRINGAH,2099,,False,train,True
non-solar_6937,6937,non-solar,WARRINGAH,2099,,False,train,True
non-solar_6938,6938,non-solar,WARRINGAH,2099,,False,validation,True
non-solar_6939,6939,non-solar,WARRINGAH,2099,,False,train,True
non-solar_6940,6940,non-solar,WARRINGAH,2099,,False,validation,True
non-solar_6941,6941,non-solar,WARRINGAH,2099,,False,test,True
non-solar_6942,6942,non-solar,WARRINGAH,2099,,False,train,True
non-solar_6943,6943,non-solar,WARRINGAH,2099,,False,train,True
non-solar_6944,6944,non-solar,WARRINGAH,2099,,False,test,True
non-solar_6945,6945,non-solar,WARRINGAH,2099,,False,train,True
non-solar_6946,6946,non-solar,WARRINGAH,2099,,False,train,True
non-solar_6947,6947,non-solar,WARRINGAH,2099,,False,train,True
non-solar_6948,6948,non-solar,WARRINGAH,2099,,False,train,True
non-solar_6949,6949,non-solar,WARRINGAH,2099,,False,train,True
non-solar_6950,6950,non-solar,WARRINGAH,2099,,False,validation,True
non-solar_6951,6951,non-solar,WARRINGAH,2099,,False,train,True
non-solar_6952,6952,non-solar,WARRINGAH,2099,,False,train,True
non-solar_6953,6953,non-solar,WARRINGAH,2099,,False,test,True
non-solar_6954,6954,non-solar,WARRINGAH,2099,,False,train,True
non-solar_6955,6955,non-solar,WARRINGAH,2099,,False,train,True
non-solar_6956,6956,non-solar,WARRINGAH,2099,,False,test,True
non-solar_6957,6957,non-solar,WARRINGAH,2099,,False,train,True
non-solar_6958,6958,non-solar,WARRINGAH,2099,,False,train,True
non-solar_6959,6959,non-solar,WARRINGAH,2099,,False,test,True
non-solar_6960,6960,non-solar,WARRINGAH,2099,,False,test,True
non-solar_6961,6961,non-solar,WARRINGAH,2099,,False,train,True
non-solar_6962,6962,non-solar,WARRINGAH,2099,,False,train,True
non-solar_6963,6963,non-solar,WARRINGAH,2099,,False,test,True
non-solar_6964,6964,non-solar,WARRINGAH,2097,,False,train,True
non-solar_6965,6965,non-solar,WARRINGAH,2097,,False,train,True
non-solar_6966,6966,non-solar,WARRINGAH,2097,,False,train,True
non-solar_6967,6967,non-solar,WARRINGAH,2097,,False,test,True
non-solar_6968,6968,non-solar,WARRINGAH,2097,,False,test,True
non-solar_6969,6969,non-solar,WARRINGAH,2097,,False,train,True
non-solar_6970,6970,non-solar,WARRINGAH,2097,,False,test,True
non-solar_6971,6971,non-solar,WARRINGAH,2097,,False,test,True
non-solar_6972,6972,non-solar,WARRINGAH,2097,,False,train,True
non-solar_6973,6973,non-solar,WARRINGAH,2097,,False,train,True
non-solar_6974,6974,non-solar,WARRINGAH,2097,,False,train,True
non-solar_6975,6975,non-solar,WARRINGAH,2097,,False,train,True
non-solar_6976,6976,non-solar,WARRINGAH,2097,,False,train,True
non-solar_6977,6977,non-solar,WARRINGAH,2097,,False,train,True
non-solar_6978,6978,non-solar,WARRINGAH,2097,,False,test,True
non-solar_6979,6979,non-solar,WARRINGAH,2097,,False,train,True
non-solar_6980,6980,non-solar,WARRINGAH,2101,,False,train,True
non-solar_6981,6981,non-solar,WARRINGAH,2101,,False,test,True
non-solar_6982,6982,non-solar,WARRINGAH,2101,,False,train,True
non-solar_6983,6983,non-solar,WARRINGAH,2101,,False,train,True
non-solar_6984,6984,non-solar,WARRINGAH,2101,,False,train,True
non-solar_6985,6985,non-solar,WARRINGAH,2101,,False,test,True
non-solar_6986,6986,non-solar,WARRINGAH,2101,,False,validation,True
non-solar_6987,6987,non-solar,WARRINGAH,2101,,False,train,True
non-solar_6988,6988,non-solar,WARRINGAH,2101,,False,train,True
non-solar_6989,6989,non-solar,WARRINGAH,2101,,False,validation,True
non-solar_6990,6990,non-solar,WARRINGAH,2101,,False,train,True
non-solar_6991,6991,non-solar,WARRINGAH,2101,,False,train,True
non-solar_6992,6992,non-solar,WARRINGAH,2101,,False,test,True
non-solar_6993,6993,non-solar,WARRINGAH,2101,,False,train,True
non-solar_6994,6994,non-solar,WARRINGAH,2101,,False,train,True
non-solar_6995,6995,non-solar,WARRINGAH,2101,,False,train,True
non-solar_6996,6996,non-solar,WARRINGAH,2101,,False,train,True
non-solar_6997,6997,non-solar,PITTWATER,2101,,False,train,True
non-solar_6998,6998,non-solar,PITTWATER,2101,,False,test,True
non-solar_6999,6999,non-solar,PITTWATER,2101,,False,validation,True
non-solar_7000,7000,non-solar,PITTWATER,2101,,False,train,True
non-solar_7001,7001,non-solar,PITTWATER,2101,,False,validation,True
non-solar_7002,7002,non-solar,PITTWATER,2101,,False,train,True
non-solar_7003,7003,non-solar,PITTWATER,2101,,False,train,True
non-solar_7004,7004,non-solar,PITTWATER,2101,,False,train,True
non-solar_7005,7005,non-solar,PITTWATER,2102,,False,train,True
non-solar_7006,7006,non-solar,PITTWATER,2102,,False,test,True
non-solar_7007,7007,non-solar,PITTWATER,2102,,False,train,True
non-solar_7008,7008,non-solar,PITTWATER,2102,,False,train,True
non-solar_7009,7009,non-solar,PITTWATER,2102,,False,train,True
non-solar_7010,7010,non-solar,PITTWATER,2102,,False,train,True
non-solar_7011,7011,non-solar,PITTWATER,2103,,False,test,True
non-solar_7012,7012,non-solar,PITTWATER,2103,,False,test,True
non-solar_7013,7013,non-solar,PITTWATER,2103,,False,train,True
non-solar_7014,7014,non-solar,PITTWATER,2102,,False,train,True
non-solar_7015,7015,non-solar,PITTWATER,2102,,False,test,True
non-solar_7016,7016,non-solar,PITTWATER,2102,,False,train,True
non-solar_7017,7017,non-solar,PITTWATER,2102,,False,train,True
non-solar_7018,7018,non-solar,PITTWATER,2102,,False,test,True
non-solar_7019,7019,non-solar,PITTWATER,2102,,False,train,True
non-solar_7020,7020,non-solar,PITTWATER,2102,,False,train,True
non-solar_7021,7021,non-solar,PITTWATER,2103,,False,test,True
non-solar_7022,7022,non-solar,PITTWATER,2103,,False,train,True
non-solar_7023,7023,non-solar,PITTWATER,2103,,False,train,True
non-solar_7024,7024,non-solar,PITTWATER,2103,,False,test,True
non-solar_7025,7025,non-solar,PITTWATER,2103,,False,train,True
non-solar_7026,7026,non-solar,PITTWATER,2103,,False,validation,True
non-solar_7027,7027,non-solar,PITTWATER,2103,,False,train,True
non-solar_7028,7028,non-solar,PITTWATER,2103,,False,train,True
non-solar_7029,7029,non-solar,PITTWATER,2103,,False,test,True
non-solar_7030,7030,non-solar,PITTWATER,2103,,False,train,True
non-solar_7031,7031,non-solar,PITTWATER,2103,,False,train,True
non-solar_7032,7032,non-solar,PITTWATER,2103,,False,train,True
non-solar_7033,7033,non-solar,PITTWATER,2103,,False,train,True
non-solar_7034,7034,non-solar,PITTWATER,2104,,False,train,True
non-solar_7035,7035,non-solar,PITTWATER,2104,,False,train,True
non-solar_7036,7036,non-solar,PITTWATER,2104,,False,train,True
non-solar_7037,7037,non-solar,PITTWATER,2104,,False,train,True
non-solar_7038,7038,non-solar,PITTWATER,2105,,False,validation,True
non-solar_7039,7039,non-solar,PITTWATER,2105,,False,train,True
non-solar_7040,7040,non-solar,PITTWATER,2105,,False,test,True
non-solar_7041,7041,non-solar,PITTWATER,2105,,False,train,True
non-solar_7042,7042,non-solar,PITTWATER,2105,,False,train,True
non-solar_7043,7043,non-solar,PITTWATER,2105,,False,train,True
non-solar_7044,7044,non-solar,PITTWATER,2105,,False,validation,True
non-solar_7045,7045,non-solar,PITTWATER,2106,,False,validation,True
non-solar_7046,7046,non-solar,PITTWATER,2106,,False,validation,True
non-solar_7047,7047,non-solar,PITTWATER,2106,,False,validation,True
non-solar_7048,7048,non-solar,PITTWATER,2106,,False,train,True
non-solar_7049,7049,non-solar,PITTWATER,2107,,False,train,True
non-solar_7050,7050,non-solar,PITTWATER,2107,,False,train,True
non-solar_7051,7051,non-solar,PITTWATER,2107,,False,test,True
non-solar_7052,7052,non-solar,PITTWATER,2107,,False,train,True
non-solar_7053,7053,non-solar,PITTWATER,2107,,False,test,True
non-solar_7054,7054,non-solar,PITTWATER,2107,,False,validation,True
non-solar_7055,7055,non-solar,PITTWATER,2107,,False,train,True
non-solar_7056,7056,non-solar,PITTWATER,2107,,False,validation,True
non-solar_7057,7057,non-solar,PITTWATER,2107,,False,train,True
non-solar_7058,7058,non-solar,PITTWATER,2107,,False,train,True
non-solar_7059,7059,non-solar,PITTWATER,2107,,False,test,True
non-solar_7060,7060,non-solar,PITTWATER,2107,,False,train,True
non-solar_7061,7061,non-solar,PITTWATER,2107,,False,train,True
non-solar_7062,7062,non-solar,PITTWATER,2108,,False,validation,True
non-solar_7063,7063,non-solar,PITTWATER,2108,,False,test,True
non-solar_7064,7064,non-solar,PITTWATER,2108,,False,train,True
solar_1,1,solar,HORNSBY,2076,3.78,True,train,False
solar_2,2,solar,WYONG,2259,1.62,True,train,False
solar_3,3,solar,WYONG,2263,1.0,True,train,False
solar_4,4,solar,HURSTVILLE,2220,1.0,True,train,False
solar_6,6,solar,SUTHERLAND,2230,2.0,True,train,False
solar_7,7,solar,WYONG,2259,2.16,True,test,False
solar_8,8,solar,HORNSBY,2126,1.02,True,train,False
solar_10,10,solar,WYONG,2262,1.05,True,validation,False
solar_11,11,solar,WAVERLEY,2026,2.04,True,train,False
solar_12,12,solar,ROCKDALE,2218,1.04,True,train,False
solar_13,13,solar,WYONG,2261,2.22,True,train,False
solar_14,14,solar,WYONG,2262,1.48,True,test,False
solar_16,16,solar,HURSTVILLE,2208,3.33,True,train,False
solar_17,17,solar,SUTHERLAND,2229,1.85,True,train,False
solar_18,18,solar,WARRINGAH,2085,1.57,True,validation,False
solar_20,20,solar,WYONG,2259,1.57,True,train,False
solar_21,21,solar,GOSFORD,2250,1.5,True,train,False
solar_23,23,solar,WYONG,2263,1.5,True,test,False
solar_24,24,solar,NEWCASTLE,2305,5.9,True,train,False
solar_26,26,solar,NEWCASTLE,2300,1.02,True,train,False
solar_29,29,solar,WYONG,2259,1.7,True,train,False
solar_30,30,solar,WYONG,2259,1.05,True,train,False
solar_32,32,solar,LEICHHARDT,2041,1.08,True,train,False
solar_33,33,solar,NEWCASTLE,2303,2.1,True,train,False
solar_35,35,solar,LAKE MACQUARIE,2284,2.1,True,train,False
solar_36,36,solar,CANADA BAY,2137,1.0,True,train,False
solar_37,37,solar,WYONG,2263,1.5,True,train,False
solar_38,38,solar,WYONG,2259,1.05,True,test,False
solar_39,39,solar,WYONG,2259,1.05,True,train,False
solar_42,42,solar,LAKE MACQUARIE,2265,3.6,True,test,False
solar_43,43,solar,ROCKDALE,2205,1.44,True,train,False
solar_44,44,solar,SUTHERLAND,2224,1.02,True,test,False
solar_46,46,solar,HORNSBY,2126,1.36,True,test,False
solar_48,48,solar,SYDNEY,2010,2.96,True,train,False
solar_50,50,solar,WYONG,2261,1.02,True,test,False
solar_51,51,solar,LAKE MACQUARIE,2283,1.53,True,train,False
solar_52,52,solar,LAKE MACQUARIE,2284,1.05,True,train,False
solar_53,53,solar,STRATHFIELD,2135,1.48,True,train,False
solar_55,55,solar,BANKSTOWN,2162,2.0,True,test,False
solar_56,56,solar,SUTHERLAND,2227,2.1,True,train,False
solar_58,58,solar,WYONG,2261,1.0,True,train,False
solar_59,59,solar,LAKE MACQUARIE,2290,2.8,True,train,False
solar_60,60,solar,BANKSTOWN,2190,1.4,True,train,False
solar_61,61,solar,WYONG,2261,2.0,True,validation,False
solar_62,62,solar,WAVERLEY,2029,1.5,True,validation,False
solar_64,64,solar,WYONG,2259,1.5,True,validation,False
solar_65,65,solar,WARRINGAH,2093,1.5,True,train,False
solar_66,66,solar,SUTHERLAND,2230,1.6,True,train,False
solar_67,67,solar,WYONG,2259,2.96,True,validation,False
solar_68,68,solar,LAKE MACQUARIE,2282,1.48,True,train,False
solar_69,69,solar,WYONG,2261,2.04,True,test,False
solar_70,70,solar,WYONG,2261,1.0,True,train,False
solar_71,71,solar,MARRICKVILLE,2204,1.5,True,train,False
solar_72,72,solar,WYONG,2261,1.02,True,validation,False
solar_73,73,solar,NEWCASTLE,2305,2.0,True,train,False
solar_75,75,solar,GOSFORD,2251,8.0,True,train,False
solar_76,76,solar,WARRINGAH,2093,1.5,True,train,False
solar_77,77,solar,LAKE MACQUARIE,2284,1.02,True,train,False
solar_78,78,solar,RANDWICK,2031,2.16,True,train,False
solar_79,79,solar,LEICHHARDT,2039,1.44,True,train,False
solar_81,81,solar,WARRINGAH,2087,1.92,True,train,False
solar_82,82,solar,KU-RING-GAI,2074,3.78,True,train,False
solar_83,83,solar,WARRINGAH,2087,3.06,True,train,False
solar_87,87,solar,LAKE MACQUARIE,2290,2.0,True,train,False
solar_91,91,solar,HORNSBY,2126,1.5,True,train,False
solar_92,92,solar,BANKSTOWN,2190,1.1,True,test,False
solar_94,94,solar,HORNSBY,2119,1.02,True,train,False
solar_95,95,solar,WARRINGAH,2099,2.8,True,train,False
solar_97,97,solar,WARRINGAH,2093,2.4,True,test,False
solar_100,100,solar,WARRINGAH,2100,1.5,True,train,False
solar_103,103,solar,NEWCASTLE,2305,3.0,True,train,False
solar_104,104,solar,MAITLAND,2320,1.48,True,test,False
solar_105,105,solar,BURWOOD,2134,1.07,True,test,False
solar_106,106,solar,WYONG,2259,1.5,True,train,False
solar_110,110,solar,LAKE MACQUARIE,2290,2.8,True,validation,False
solar_113,113,solar,LEICHHARDT,2041,1.5,True,train,False
solar_114,114,solar,HORNSBY,2159,1.57,True,train,False
solar_118,118,solar,HURSTVILLE,2209,1.5,True,train,False
solar_119,119,solar,LAKE MACQUARIE,2280,2.1,True,test,False
solar_120,120,solar,MARRICKVILLE,2203,2.04,True,train,False
solar_121,121,solar,LAKE MACQUARIE,2280,1.02,True,train,False
solar_123,123,solar,HORNSBY,2079,1.53,True,train,False
solar_124,124,solar,NEWCASTLE,2289,1.2,True,validation,False
solar_125,125,solar,LAKE MACQUARIE,2280,2.0,True,train,False
solar_126,126,solar,SUTHERLAND,2228,1.1,True,train,False
solar_128,128,solar,MARRICKVILLE,2044,1.5,True,train,False
solar_129,129,solar,CANADA BAY,2046,1.1,True,test,False
solar_130,130,solar,WYONG,2262,1.5,True,train,False
solar_131,131,solar,RYDE,2111,1.5,True,test,False
solar_132,132,solar,WARRINGAH,2100,1.02,True,train,False
solar_133,133,solar,LAKE MACQUARIE,2280,1.48,True,train,False
solar_134,134,solar,HORNSBY,2126,1.48,True,train,False
solar_135,135,solar,CANADA BAY,2137,1.52,True,train,False
solar_137,137,solar,WYONG,2263,1.9,True,validation,False
solar_138,138,solar,NEWCASTLE,2291,4.0,True,train,False
solar_139,139,solar,BOTANY BAY,2018,1.5,True,train,False
solar_141,141,solar,HORNSBY,2126,3.0,True,test,False
solar_142,142,solar,MARRICKVILLE,2204,2.04,True,train,False
solar_143,143,solar,CESSNOCK,2325,2.1,True,validation,False
solar_144,144,solar,NEWCASTLE,2300,1.5,True,train,False
solar_145,145,solar,WYONG,2263,1.5,True,train,False
solar_147,147,solar,KU-RING-GAI,2076,1.05,True,train,False
solar_148,148,solar,LAKE MACQUARIE,2282,1.5,True,train,False
solar_149,149,solar,WARRINGAH,2100,1.02,True,train,False
solar_150,150,solar,CANTERBURY,2196,2.04,True,train,False
solar_152,152,solar,CESSNOCK,2325,4.2,True,train,False
solar_153,153,solar,NEWCASTLE,2303,2.1,True,train,False
solar_155,155,solar,WYONG,2259,1.5,True,test,False
solar_157,157,solar,NEWCASTLE,2291,9.99,True,validation,False
solar_158,158,solar,WYONG,2261,3.0,True,train,False
solar_159,159,solar,LANE COVE,2066,2.2,True,train,False
solar_161,161,solar,HORNSBY,2120,3.2,True,train,False
solar_163,163,solar,LAKE MACQUARIE,2290,1.08,True,train,False
solar_164,164,solar,MARRICKVILLE,2044,1.5,True,train,False
solar_165,165,solar,WYONG,2261,1.02,True,test,False
solar_166,166,solar,KU-RING-GAI,2074,1.5,True,train,False
solar_167,167,solar,GOSFORD,2260,2.72,True,train,False
solar_168,168,solar,WYONG,2262,1.1,True,train,False
solar_169,169,solar,WYONG,2259,2.04,True,validation,False
solar_170,170,solar,NEWCASTLE,2292,1.53,True,train,False
solar_171,171,solar,WYONG,2259,1.05,True,train,False
solar_173,173,solar,MARRICKVILLE,2203,2.59,True,train,False
solar_175,175,solar,LAKE MACQUARIE,2290,1.5,True,train,False
solar_176,176,solar,NEWCASTLE,2293,1.75,True,test,False
solar_180,180,solar,WARRINGAH,2086,1.6,True,test,False
solar_182,182,solar,MARRICKVILLE,2204,1.53,True,train,False
solar_183,183,solar,MANLY,2093,1.5,True,train,False
solar_184,184,solar,WYONG,2259,1.05,True,validation,False
solar_186,186,solar,WYONG,2259,1.02,True,validation,False
solar_188,188,solar,LAKE MACQUARIE,2289,1.48,True,validation,False
solar_189,189,solar,WYONG,2263,2.04,True,train,False
solar_192,192,solar,BOTANY BAY,2018,1.02,True,train,False
solar_193,193,solar,ROCKDALE,2205,4.0,True,validation,False
solar_194,194,solar,SUTHERLAND,2233,1.5,True,test,False
solar_195,195,solar,HORNSBY,2079,1.1,True,validation,False
solar_196,196,solar,WYONG,2262,1.0,True,train,False
solar_199,199,solar,BANKSTOWN,2190,1.02,True,train,False
solar_201,201,solar,NEWCASTLE,2291,1.75,True,train,False
solar_202,202,solar,WYONG,2259,1.05,True,train,False
solar_203,203,solar,LAKE MACQUARIE,2290,1.5,True,train,False
solar_204,204,solar,HORNSBY,2077,1.58,True,train,False
solar_205,205,solar,RANDWICK,2034,2.04,True,train,False
solar_206,206,solar,WYONG,2259,1.9,True,validation,False
solar_207,207,solar,LAKE MACQUARIE,2290,2.7,True,train,False
solar_208,208,solar,WARRINGAH,2086,1.44,True,train,False
solar_210,210,solar,HORNSBY,2079,1.94,True,train,False
solar_211,211,solar,LAKE MACQUARIE,2285,1.5,True,validation,False
solar_212,212,solar,CESSNOCK,2325,2.1,True,train,False
solar_214,214,solar,LAKE MACQUARIE,2285,1.53,True,train,False
solar_217,217,solar,MARRICKVILLE,2204,1.1,True,train,False
solar_218,218,solar,LAKE MACQUARIE,2264,1.53,True,validation,False
solar_219,219,solar,SUTHERLAND,2230,1.02,True,train,False
solar_220,220,solar,SYDNEY,2037,2.1,True,train,False
solar_221,221,solar,HORNSBY,2120,1.02,True,train,False
solar_222,222,solar,NEWCASTLE,2296,1.05,True,train,False
solar_223,223,solar,WYONG,2259,1.02,True,validation,False
solar_224,224,solar,WYONG,2261,1.02,True,validation,False
solar_226,226,solar,BANKSTOWN,2190,1.53,True,train,False
solar_229,229,solar,ROCKDALE,2205,1.02,True,train,False
solar_231,231,solar,LAKE MACQUARIE,2286,2.1,True,train,False
solar_232,232,solar,WYONG,2259,1.1,True,train,False
solar_235,235,solar,HORNSBY,2077,1.0,True,validation,False
solar_236,236,solar,WARRINGAH,2096,1.02,True,test,False
solar_239,239,solar,PORT STEPHENS,2315,2.0,True,train,False
solar_241,241,solar,HORNSBY,2077,1.5,True,validation,False
solar_242,242,solar,BANKSTOWN,2211,1.08,True,train,False
solar_243,243,solar,HORNSBY,2159,1.55,True,train,False
solar_244,244,solar,MARRICKVILLE,2204,2.0,True,train,False
solar_245,245,solar,GOSFORD,2260,2.06,True,train,False
solar_246,246,solar,WYONG,2261,1.53,True,train,False
solar_247,247,solar,HORNSBY,2077,1.02,True,train,False
solar_248,248,solar,GOSFORD,2250,5.61,True,train,False
solar_249,249,solar,MAITLAND,2320,1.5,True,test,False
solar_250,250,solar,HORNSBY,2154,1.36,True,train,False
solar_252,252,solar,NEWCASTLE,2289,1.0,True,train,False
solar_253,253,solar,LAKE MACQUARIE,2285,2.8,True,train,False
solar_254,254,solar,KU-RING-GAI,2074,1.5,True,test,False
solar_255,255,solar,HORNSBY,2076,2.16,True,train,False
solar_258,258,solar,MANLY,2092,1.5,True,train,False
solar_261,261,solar,LAKE MACQUARIE,2284,1.02,True,train,False
solar_263,263,solar,LAKE MACQUARIE,2290,2.1,True,test,False
solar_264,264,solar,BANKSTOWN,2198,1.02,True,train,False
solar_265,265,solar,CESSNOCK,2326,1.48,True,train,False
solar_266,266,solar,WYONG,2261,1.02,True,train,False
solar_270,270,solar,WYONG,2262,1.5,True,train,False
solar_273,273,solar,MAITLAND,2320,3.6,True,train,False
solar_275,275,solar,WAVERLEY,2026,2.04,True,train,False
solar_276,276,solar,WYONG,2261,2.0,True,train,False
solar_278,278,solar,CANADA BAY,2137,2.0,True,test,False
solar_280,280,solar,WARRINGAH,2087,1.5,True,validation,False
solar_281,281,solar,LAKE MACQUARIE,2290,1.5,True,validation,False
solar_282,282,solar,BURWOOD,2134,3.0,True,validation,False
solar_283,283,solar,LAKE MACQUARIE,2265,1.02,True,train,False
solar_284,284,solar,MAITLAND,2321,1.5,True,train,False
solar_285,285,solar,NEWCASTLE,2305,1.57,True,test,False
solar_286,286,solar,WYONG,2261,1.0,True,test,False
solar_287,287,solar,ROCKDALE,2218,1.02,True,train,False
solar_288,288,solar,MARRICKVILLE,2044,1.5,True,train,False
solar_289,289,solar,LAKE MACQUARIE,2281,6.0,True,validation,False
solar_292,292,solar,WYONG,2261,1.02,True,train,False
solar_294,294,solar,SUTHERLAND,2229,1.1,True,train,False
solar_297,297,solar,WYONG,2261,1.5,True,train,False
solar_298,298,solar,ROCKDALE,2216,1.02,True,validation,False
solar_300,300,solar,WARRINGAH,2086,3.36,True,validation,False
solar_301,301,solar,RANDWICK,2031,9.8,False,train,True
solar_302,302,solar,BURWOOD,2134,1.02,False,train,True
solar_303,303,solar,LAKE MACQUARIE,2280,9.99,False,test,True
solar_304,304,solar,NEWCASTLE,2300,1.67,False,train,True
solar_305,305,solar,NEWCASTLE,2300,1.57,False,train,True
solar_306,306,solar,NEWCASTLE,2300,2.1,False,test,True
solar_307,307,solar,NEWCASTLE,2300,2.52,False,train,True
solar_308,308,solar,NEWCASTLE,2300,2.22,False,train,True
solar_309,309,solar,NEWCASTLE,2300,1.85,False,train,True
solar_310,310,solar,NEWCASTLE,2300,1.6,False,train,True
solar_311,311,solar,NEWCASTLE,2291,1.58,False,train,True
solar_312,312,solar,NEWCASTLE,2291,1.5,False,train,True
solar_313,313,solar,NEWCASTLE,2291,3.0,False,validation,True
solar_314,314,solar,NEWCASTLE,2291,3.0,False,train,True
solar_315,315,solar,NEWCASTLE,2291,1.85,False,train,True
solar_316,316,solar,NEWCASTLE,2291,1.5,False,train,True
solar_317,317,solar,NEWCASTLE,2291,2.3,False,train,True
solar_318,318,solar,NEWCASTLE,2289,1.48,False,train,True
solar_319,319,solar,NEWCASTLE,2289,1.5,False,train,True
solar_320,320,solar,NEWCASTLE,2289,1.75,False,test,False
solar_321,321,solar,NEWCASTLE,2291,1.5,False,test,True
solar_322,322,solar,NEWCASTLE,2289,1.85,False,train,True
solar_323,323,solar,NEWCASTLE,2289,1.5,False,validation,True
solar_324,324,solar,NEWCASTLE,2289,1.75,False,train,True
solar_325,325,solar,NEWCASTLE,2289,1.05,False,train,True
solar_326,326,solar,NEWCASTLE,2289,1.5,False,train,True
solar_327,327,solar,NEWCASTLE,2289,1.52,False,train,True
solar_328,328,solar,LAKE MACQUARIE,2289,1.02,False,train,True
solar_329,329,solar,NEWCASTLE,2289,1.5,False,train,True
solar_330,330,solar,NEWCASTLE,2289,2.1,False,test,True
solar_331,331,solar,LAKE MACQUARIE,2289,1.7,False,validation,True
solar_332,332,solar,NEWCASTLE,2291,2.16,False,train,True
solar_333,333,solar,NEWCASTLE,2291,6.0,False,train,True
solar_334,334,solar,NEWCASTLE,2297,1.48,False,train,True
solar_335,335,solar,NEWCASTLE,2303,2.22,False,train,True
solar_336,336,solar,NEWCASTLE,2303,2.16,False,train,True
solar_337,337,solar,NEWCASTLE,2303,1.75,False,train,True
solar_338,338,solar,NEWCASTLE,2303,2.04,False,train,True
solar_339,339,solar,NEWCASTLE,2303,2.1,False,test,True
solar_340,340,solar,NEWCASTLE,2303,3.33,False,train,True
solar_341,341,solar,NEWCASTLE,2303,3.5,False,train,True
solar_342,342,solar,NEWCASTLE,2303,1.48,False,train,True
solar_343,343,solar,NEWCASTLE,2303,2.0,False,validation,False
solar_344,344,solar,NEWCASTLE,2303,1.02,False,train,True
solar_345,345,solar,NEWCASTLE,2303,1.48,False,train,True
solar_346,346,solar,NEWCASTLE,2303,3.06,False,train,True
solar_347,347,solar,NEWCASTLE,2303,1.02,False,test,True
solar_348,348,solar,NEWCASTLE,2303,1.5,False,train,True
solar_349,349,solar,NEWCASTLE,2292,1.87,False,train,True
solar_350,350,solar,NEWCASTLE,2292,1.5,False,test,True
solar_351,351,solar,NEWCASTLE,2292,3.24,False,test,True
solar_352,352,solar,NEWCASTLE,2305,2.0,False,train,True
solar_353,353,solar,NEWCASTLE,2305,1.5,False,train,True
solar_354,354,solar,NEWCASTLE,2305,1.48,False,train,True
solar_355,355,solar,NEWCASTLE,2305,1.5,False,test,True
solar_356,356,solar,NEWCASTLE,2305,5.92,False,train,True
solar_357,357,solar,NEWCASTLE,2305,2.15,False,train,True
solar_358,358,solar,NEWCASTLE,2305,2.4,False,test,True
solar_359,359,solar,NEWCASTLE,2305,1.48,False,validation,True
solar_360,360,solar,NEWCASTLE,2305,1.48,False,train,True
solar_361,361,solar,NEWCASTLE,2305,2.22,False,train,True
solar_362,362,solar,NEWCASTLE,2305,1.85,False,train,True
solar_363,363,solar,NEWCASTLE,2305,1.45,False,train,True
solar_364,364,solar,NEWCASTLE,2305,2.0,False,train,True
solar_365,365,solar,NEWCASTLE,2289,1.58,False,test,True
solar_366,366,solar,NEWCASTLE,2289,2.22,False,train,True
solar_367,367,solar,LAKE MACQUARIE,2289,1.48,False,test,True
solar_368,368,solar,NEWCASTLE,2289,1.44,False,train,True
solar_369,369,solar,LAKE MACQUARIE,2289,2.4,False,train,True
solar_370,370,solar,LAKE MACQUARIE,2289,2.22,False,train,True
solar_371,371,solar,NEWCASTLE,2289,2.96,False,train,True
solar_372,372,solar,NEWCASTLE,2289,1.9,False,train,True
solar_373,373,solar,NEWCASTLE,2299,6.66,False,test,True
solar_374,374,solar,NEWCASTLE,2299,2.0,False,test,True
solar_375,375,solar,NEWCASTLE,2299,1.5,False,test,True
solar_376,376,solar,NEWCASTLE,2299,1.52,False,validation,True
solar_377,377,solar,NEWCASTLE,2287,1.52,False,train,True
solar_378,378,solar,NEWCASTLE,2287,1.33,False,train,True
solar_379,379,solar,NEWCASTLE,2287,2.22,False,train,True
solar_380,380,solar,NEWCASTLE,2287,1.48,False,train,True
solar_381,381,solar,NEWCASTLE,2287,1.48,False,validation,True
solar_382,382,solar,NEWCASTLE,2287,2.03,False,train,True
solar_383,383,solar,NEWCASTLE,2287,1.5,False,train,True
solar_384,384,solar,NEWCASTLE,2287,2.0,False,train,True
solar_385,385,solar,NEWCASTLE,2287,2.22,False,train,True
solar_386,386,solar,NEWCASTLE,2287,1.52,False,test,True
solar_387,387,solar,NEWCASTLE,2287,3.15,False,validation,True
solar_388,388,solar,NEWCASTLE,2287,1.52,False,validation,True
solar_389,389,solar,NEWCASTLE,2287,2.0,False,validation,True
solar_390,390,solar,NEWCASTLE,2287,1.5,False,train,True
solar_391,391,solar,NEWCASTLE,2287,1.52,False,train,True
solar_392,392,solar,NEWCASTLE,2287,2.96,False,train,True
solar_393,393,solar,NEWCASTLE,2287,1.52,False,train,True
solar_394,394,solar,NEWCASTLE,2287,2.1,False,train,True
solar_395,395,solar,NEWCASTLE,2287,1.52,False,train,True
solar_396,396,solar,NEWCASTLE,2287,2.28,False,train,True
solar_397,397,solar,NEWCASTLE,2287,1.5,False,train,True
solar_398,398,solar,NEWCASTLE,2287,1.5,False,train,True
solar_399,399,solar,NEWCASTLE,2287,1.75,False,train,True
solar_400,400,solar,NEWCASTLE,2287,2.16,False,train,True
solar_401,401,solar,NEWCASTLE,2287,2.1,False,train,True
solar_402,402,solar,NEWCASTLE,2287,1.52,False,train,True
solar_403,403,solar,NEWCASTLE,2287,1.5,False,test,True
solar_404,404,solar,NEWCASTLE,2287,1.48,False,train,True
solar_405,405,solar,NEWCASTLE,2287,1.85,False,train,True
solar_406,406,solar,NEWCASTLE,2287,2.96,False,train,True
solar_407,407,solar,NEWCASTLE,2287,1.5,False,test,True
solar_408,408,solar,NEWCASTLE,2287,2.45,False,train,True
solar_409,409,solar,NEWCASTLE,2287,2.0,False,train,True
solar_410,410,solar,LAKE MACQUARIE,2287,2.0,False,train,True
solar_411,411,solar,LAKE MACQUARIE,2285,1.57,False,test,True
solar_412,412,solar,LAKE MACQUARIE,2285,4.44,False,train,True
solar_413,413,solar,LAKE MACQUARIE,2285,5.04,False,train,True
solar_414,414,solar,LAKE MACQUARIE,2285,3.33,False,train,True
solar_415,415,solar,LAKE MACQUARIE,2285,2.96,False,train,True
solar_416,416,solar,LAKE MACQUARIE,2285,1.48,False,train,True
solar_417,417,solar,LAKE MACQUARIE,2285,2.96,False,train,True
solar_418,418,solar,LAKE MACQUARIE,2285,1.5,False,train,True
solar_419,419,solar,LAKE MACQUARIE,2285,3.2,False,train,True
solar_420,420,solar,LAKE MACQUARIE,2285,2.16,False,train,True
solar_421,421,solar,LAKE MACQUARIE,2285,1.48,False,validation,True
solar_422,422,solar,LAKE MACQUARIE,2285,1.5,False,validation,True
solar_423,423,solar,LAKE MACQUARIE,2285,1.5,False,train,True
solar_424,424,solar,LAKE MACQUARIE,2285,2.22,False,test,True
solar_425,425,solar,LAKE MACQUARIE,2285,1.52,False,train,True
solar_426,426,solar,LAKE MACQUARIE,2285,1.04,False,test,True
solar_427,427,solar,LAKE MACQUARIE,2285,1.48,False,validation,True
solar_428,428,solar,LAKE MACQUARIE,2285,2.0,False,train,True
solar_429,429,solar,LAKE MACQUARIE,2285,2.0,False,train,True
solar_430,430,solar,LAKE MACQUARIE,2285,2.63,False,train,True
solar_431,431,solar,LAKE MACQUARIE,2285,1.48,False,test,True
solar_432,432,solar,LAKE MACQUARIE,2285,1.5,False,train,True
solar_433,433,solar,LAKE MACQUARIE,2285,1.5,False,train,True
solar_434,434,solar,LAKE MACQUARIE,2285,1.4,False,train,True
solar_435,435,solar,LAKE MACQUARIE,2286,2.88,False,train,False
solar_436,436,solar,LAKE MACQUARIE,2286,1.48,False,train,True
solar_437,437,solar,LAKE MACQUARIE,2278,1.85,False,train,True
solar_438,438,solar,LAKE MACQUARIE,2278,1.5,False,test,True
solar_439,439,solar,LAKE MACQUARIE,2285,1.5,False,validation,True
solar_440,440,solar,LAKE MACQUARIE,2285,1.5,False,train,True
solar_441,441,solar,LAKE MACQUARIE,2285,1.5,False,train,True
solar_442,442,solar,LAKE MACQUARIE,2285,1.48,False,train,True
solar_443,443,solar,LAKE MACQUARIE,2285,2.22,False,train,True
solar_444,444,solar,LAKE MACQUARIE,2285,1.52,False,train,True
solar_445,445,solar,LAKE MACQUARIE,2285,1.5,False,test,True
solar_446,446,solar,LAKE MACQUARIE,2285,1.71,False,train,True
solar_447,447,solar,LAKE MACQUARIE,2285,1.52,False,train,True
solar_448,448,solar,LAKE MACQUARIE,2285,1.67,False,train,True
solar_449,449,solar,LAKE MACQUARIE,2285,1.05,False,train,True
solar_450,450,solar,LAKE MACQUARIE,2285,1.85,False,train,True
solar_451,451,solar,LAKE MACQUARIE,2284,1.02,False,test,True
solar_452,452,solar,LAKE MACQUARIE,2282,2.59,False,validation,True
solar_453,453,solar,LAKE MACQUARIE,2282,1.6,False,train,True
solar_454,454,solar,LAKE MACQUARIE,2282,2.22,False,train,True
solar_455,455,solar,LAKE MACQUARIE,2282,2.22,False,test,True
solar_456,456,solar,LAKE MACQUARIE,2282,2.45,False,test,True
solar_457,457,solar,LAKE MACQUARIE,2282,2.96,False,test,True
solar_458,458,solar,LAKE MACQUARIE,2282,2.28,False,train,True
solar_459,459,solar,LAKE MACQUARIE,2282,2.1,False,test,True
solar_460,460,solar,LAKE MACQUARIE,2282,5.16,False,validation,True
solar_461,461,solar,LAKE MACQUARIE,2282,2.0,False,validation,True
solar_462,462,solar,LAKE MACQUARIE,2282,1.5,False,train,True
solar_463,463,solar,LAKE MACQUARIE,2282,1.5,False,train,True
solar_464,464,solar,LAKE MACQUARIE,2282,3.0,False,train,True
solar_465,465,solar,LAKE MACQUARIE,2282,1.4,False,train,True
solar_466,466,solar,LAKE MACQUARIE,2282,3.04,False,train,True
solar_467,467,solar,LAKE MACQUARIE,2282,2.96,False,validation,True
solar_468,468,solar,LAKE MACQUARIE,2282,1.85,False,train,True
solar_469,469,solar,LAKE MACQUARIE,2282,2.16,False,train,True
solar_470,470,solar,LAKE MACQUARIE,2282,2.2,False,train,True
solar_471,471,solar,LAKE MACQUARIE,2282,1.48,False,train,True
solar_472,472,solar,LAKE MACQUARIE,2282,1.53,False,train,True
solar_473,473,solar,LAKE MACQUARIE,2282,1.75,False,train,True
solar_474,474,solar,LAKE MACQUARIE,2282,1.6,False,train,True
solar_475,475,solar,LAKE MACQUARIE,2290,3.18,False,test,False
solar_476,476,solar,LAKE MACQUARIE,2290,2.28,False,train,True
solar_477,477,solar,LAKE MACQUARIE,2290,1.33,False,validation,True
solar_478,478,solar,LAKE MACQUARIE,2290,2.0,False,train,True
solar_479,479,solar,LAKE MACQUARIE,2282,1.58,False,train,True
solar_480,480,solar,LAKE MACQUARIE,2282,2.28,False,test,True
solar_481,481,solar,LAKE MACQUARIE,2282,1.02,False,train,True
solar_482,482,solar,LAKE MACQUARIE,2282,1.8,False,train,True
solar_483,483,solar,LAKE MACQUARIE,2282,1.9,False,test,True
solar_484,484,solar,LAKE MACQUARIE,2282,1.75,False,train,True
solar_485,485,solar,LAKE MACQUARIE,2282,1.5,False,train,True
solar_486,486,solar,LAKE MACQUARIE,2282,3.15,False,train,True
solar_487,487,solar,LAKE MACQUARIE,2280,2.96,False,train,True
solar_488,488,solar,LAKE MACQUARIE,2290,2.8,False,train,True
solar_489,489,solar,LAKE MACQUARIE,2280,1.48,False,train,False
solar_490,490,solar,LAKE MACQUARIE,2280,1.5,False,train,True
solar_491,491,solar,LAKE MACQUARIE,2280,1.52,False,train,True
solar_492,492,solar,LAKE MACQUARIE,2280,1.48,False,train,True
solar_493,493,solar,LAKE MACQUARIE,2280,2.1,False,test,True
solar_494,494,solar,LAKE MACQUARIE,2280,1.5,False,train,True
solar_495,495,solar,LAKE MACQUARIE,2283,1.5,False,train,True
solar_496,496,solar,LAKE MACQUARIE,2283,3.7,False,test,True
solar_497,497,solar,LAKE MACQUARIE,2283,1.85,False,train,True
solar_498,498,solar,LAKE MACQUARIE,2283,2.4,False,train,True
solar_499,499,solar,LAKE MACQUARIE,2283,1.9,False,train,True
solar_500,500,solar,LAKE MACQUARIE,2283,1.5,False,train,True
solar_501,501,solar,LAKE MACQUARIE,2283,1.5,False,validation,True
solar_502,502,solar,LAKE MACQUARIE,2283,1.5,False,train,True
solar_503,503,solar,LAKE MACQUARIE,2283,2.04,False,train,True
solar_504,504,solar,LAKE MACQUARIE,2283,1.05,False,train,True
solar_505,505,solar,LAKE MACQUARIE,2283,8.7,False,train,True
solar_506,506,solar,LAKE MACQUARIE,2283,1.48,False,train,True
solar_507,507,solar,LAKE MACQUARIE,2283,1.5,False,train,False
solar_508,508,solar,LAKE MACQUARIE,2283,1.8,False,validation,True
solar_509,509,solar,LAKE MACQUARIE,2283,2.96,False,validation,True
solar_510,510,solar,LAKE MACQUARIE,2283,1.5,False,train,True
solar_511,511,solar,LAKE MACQUARIE,2283,1.62,False,test,True
solar_512,512,solar,LAKE MACQUARIE,2283,1.9,False,train,True
solar_513,513,solar,LAKE MACQUARIE,2283,1.5,False,train,True
solar_514,514,solar,LAKE MACQUARIE,2283,2.22,False,test,True
solar_515,515,solar,LAKE MACQUARIE,2284,1.5,False,train,True
solar_516,516,solar,LAKE MACQUARIE,2284,4.2,False,test,True
solar_517,517,solar,LAKE MACQUARIE,2284,1.48,False,train,True
solar_518,518,solar,LAKE MACQUARIE,2284,1.9,False,train,True
solar_519,519,solar,LAKE MACQUARIE,2284,1.05,False,train,True
solar_520,520,solar,LAKE MACQUARIE,2284,1.8,False,validation,True
solar_521,521,solar,LAKE MACQUARIE,2284,2.05,False,test,True
solar_522,522,solar,LAKE MACQUARIE,2284,1.48,False,train,True
solar_523,523,solar,LAKE MACQUARIE,2290,1.5,False,train,True
solar_524,524,solar,LAKE MACQUARIE,2290,2.1,False,test,True
solar_525,525,solar,LAKE MACQUARIE,2290,1.85,False,train,True
solar_526,526,solar,LAKE MACQUARIE,2290,2.59,False,validation,True
solar_527,527,solar,LAKE MACQUARIE,2290,3.42,False,train,True
solar_528,528,solar,LAKE MACQUARIE,2290,1.57,False,train,True
solar_529,529,solar,LAKE MACQUARIE,2290,2.1,False,test,True
solar_530,530,solar,LAKE MACQUARIE,2290,1.5,False,train,True
solar_531,531,solar,LAKE MACQUARIE,2290,3.33,False,train,True
solar_532,532,solar,LAKE MACQUARIE,2290,2.22,False,validation,True
solar_533,533,solar,LAKE MACQUARIE,2290,2.8,False,train,True
solar_534,534,solar,LAKE MACQUARIE,2290,1.52,False,test,True
solar_535,535,solar,LAKE MACQUARIE,2290,1.33,False,train,True
solar_536,536,solar,LAKE MACQUARIE,2290,1.57,False,train,True
solar_537,537,solar,LAKE MACQUARIE,2290,2.28,False,train,True
solar_538,538,solar,LAKE MACQUARIE,2306,1.48,False,validation,True
solar_539,539,solar,LAKE MACQUARIE,2306,1.47,False,validation,True
solar_540,540,solar,LAKE MACQUARIE,2306,1.44,False,train,True
solar_541,541,solar,LAKE MACQUARIE,2290,1.5,False,train,True
solar_542,542,solar,LAKE MACQUARIE,2290,1.5,False,validation,True
solar_543,543,solar,LAKE MACQUARIE,2290,4.32,False,train,True
solar_544,544,solar,LAKE MACQUARIE,2290,1.5,False,train,True
solar_545,545,solar,LAKE MACQUARIE,2290,1.02,False,train,True
solar_546,546,solar,LAKE MACQUARIE,2290,1.02,False,train,True
solar_547,547,solar,LAKE MACQUARIE,2290,1.52,False,test,True
solar_548,548,solar,LAKE MACQUARIE,2290,1.57,False,train,True
solar_549,549,solar,LAKE MACQUARIE,2290,2.22,False,test,True
solar_550,550,solar,LAKE MACQUARIE,2290,2.0,False,train,True
solar_551,551,solar,LAKE MACQUARIE,2290,5.04,False,test,True
solar_552,552,solar,LAKE MACQUARIE,2290,1.32,False,train,True
solar_553,553,solar,LAKE MACQUARIE,2280,4.56,False,train,True
solar_554,554,solar,LAKE MACQUARIE,2280,2.82,False,train,True
solar_555,555,solar,LAKE MACQUARIE,2280,3.33,False,validation,True
solar_556,556,solar,LAKE MACQUARIE,2280,1.5,False,train,True
solar_557,557,solar,LAKE MACQUARIE,2280,1.53,False,test,True
solar_558,558,solar,LAKE MACQUARIE,2280,1.52,False,train,True
solar_559,559,solar,LAKE MACQUARIE,2280,1.5,False,train,True
solar_560,560,solar,LAKE MACQUARIE,2280,2.2,False,test,True
solar_561,561,solar,LAKE MACQUARIE,2280,2.22,False,train,True
solar_562,562,solar,LAKE MACQUARIE,2280,1.5,False,train,True
solar_563,563,solar,LAKE MACQUARIE,2280,1.52,False,validation,True
solar_564,564,solar,LAKE MACQUARIE,2280,1.5,False,test,False
solar_565,565,solar,LAKE MACQUARIE,2280,1.71,False,train,True
solar_566,566,solar,LAKE MACQUARIE,2280,2.8,False,validation,True
solar_567,567,solar,LAKE MACQUARIE,2280,3.0,False,train,True
solar_568,568,solar,LAKE MACQUARIE,2280,1.5,False,train,True
solar_569,569,solar,LAKE MACQUARIE,2280,5.1,False,train,True
solar_570,570,solar,LAKE MACQUARIE,2280,2.45,False,validation,True
solar_571,571,solar,LAKE MACQUARIE,2280,3.02,False,validation,True
solar_572,572,solar,LAKE MACQUARIE,2280,4.6,False,test,True
solar_573,573,solar,LAKE MACQUARIE,2280,1.5,False,test,True
solar_574,574,solar,LAKE MACQUARIE,2280,1.52,False,test,True
solar_575,575,solar,LAKE MACQUARIE,2281,1.58,False,test,True
solar_576,576,solar,LAKE MACQUARIE,2281,1.7,False,train,True
solar_577,577,solar,LAKE MACQUARIE,2281,1.66,False,validation,True
solar_578,578,solar,LAKE MACQUARIE,2281,1.02,False,test,True
solar_579,579,solar,LAKE MACQUARIE,2281,3.12,False,test,True
solar_580,580,solar,LAKE MACQUARIE,2281,1.5,False,validation,True
solar_581,581,solar,LAKE MACQUARIE,2281,1.52,False,train,True
solar_582,582,solar,LAKE MACQUARIE,2281,1.52,False,test,True
solar_583,583,solar,LAKE MACQUARIE,2281,2.25,False,train,True
solar_584,584,solar,LAKE MACQUARIE,2281,1.52,False,train,True
solar_585,585,solar,LAKE MACQUARIE,2259,1.48,False,train,True
solar_586,586,solar,LAKE MACQUARIE,2259,4.08,False,validation,True
solar_587,587,solar,LAKE MACQUARIE,2259,2.0,False,train,True
solar_588,588,solar,LAKE MACQUARIE,2259,1.44,False,train,True
solar_589,589,solar,LAKE MACQUARIE,2264,2.22,False,train,True
solar_590,590,solar,LAKE MACQUARIE,2264,1.52,False,train,True
solar_591,591,solar,LAKE MACQUARIE,2264,1.5,False,train,True
solar_592,592,solar,LAKE MACQUARIE,2265,1.5,False,validation,True
solar_593,593,solar,LAKE MACQUARIE,2265,1.53,False,train,True
solar_594,594,solar,LAKE MACQUARIE,2265,1.53,False,train,True
solar_595,595,solar,LAKE MACQUARIE,2265,1.53,False,train,True
solar_596,596,solar,LAKE MACQUARIE,2265,1.53,False,train,True
solar_597,597,solar,LAKE MACQUARIE,2265,1.53,False,train,True
solar_598,598,solar,LAKE MACQUARIE,2265,1.5,False,train,True
solar_599,599,solar,LAKE MACQUARIE,2265,1.5,False,train,True
solar_600,600,solar,LAKE MACQUARIE,2265,1.53,False,train,True
solar_601,601,solar,LAKE MACQUARIE,2265,2.28,False,train,True
solar_602,602,solar,LAKE MACQUARIE,2265,2.0,False,validation,True
solar_603,603,solar,LAKE MACQUARIE,2265,3.6,False,train,True
solar_604,604,solar,LAKE MACQUARIE,2265,1.48,False,train,True
solar_605,605,solar,LAKE MACQUARIE,2323,3.04,False,test,True
solar_606,606,solar,LAKE MACQUARIE,2265,2.0,False,validation,True
solar_607,607,solar,LAKE MACQUARIE,2264,1.48,False,test,True
solar_608,608,solar,LAKE MACQUARIE,2264,1.48,False,train,True
solar_609,609,solar,LAKE MACQUARIE,2264,1.48,False,test,True
solar_610,610,solar,LAKE MACQUARIE,2264,1.9,False,train,True
solar_611,611,solar,LAKE MACQUARIE,2264,1.52,False,train,True
solar_612,612,solar,LAKE MACQUARIE,2264,1.52,False,train,True
solar_613,613,solar,LAKE MACQUARIE,2264,1.02,False,train,True
solar_614,614,solar,LAKE MACQUARIE,2264,1.5,False,train,True
solar_615,615,solar,LAKE MACQUARIE,2264,1.5,False,train,True
solar_616,616,solar,LAKE MACQUARIE,2264,1.1,False,train,True
solar_617,617,solar,LAKE MACQUARIE,2264,1.52,False,train,True
solar_618,618,solar,LAKE MACQUARIE,2264,1.48,False,train,True
solar_619,619,solar,LAKE MACQUARIE,2267,1.6,False,train,True
solar_620,620,solar,LAKE MACQUARIE,2267,2.1,False,train,True
solar_621,621,solar,LAKE MACQUARIE,2283,1.5,False,train,True
solar_622,622,solar,LAKE MACQUARIE,2283,1.5,False,train,True
solar_623,623,solar,LAKE MACQUARIE,2283,1.48,False,train,True
solar_624,624,solar,LAKE MACQUARIE,2283,1.85,False,train,True
solar_625,625,solar,LAKE MACQUARIE,2283,1.48,False,validation,True
solar_626,626,solar,PORT STEPHENS,2324,2.66,False,train,True
solar_627,627,solar,PORT STEPHENS,2324,1.48,False,validation,True
solar_628,628,solar,PORT STEPHENS,2324,1.62,False,train,True
solar_629,629,solar,NEWCASTLE,2296,3.0,False,train,True
solar_630,630,solar,NEWCASTLE,2296,1.5,False,train,True
solar_631,631,solar,NEWCASTLE,2293,1.5,False,validation,True
solar_632,632,solar,NEWCASTLE,2296,1.48,False,train,True
solar_633,633,solar,NEWCASTLE,2294,1.68,False,train,True
solar_634,634,solar,NEWCASTLE,2299,3.09,False,validation,True
solar_635,635,solar,NEWCASTLE,2307,1.8,False,train,True
solar_636,636,solar,NEWCASTLE,2307,1.48,False,train,True
solar_637,637,solar,NEWCASTLE,2307,2.1,False,train,True
solar_638,638,solar,NEWCASTLE,2307,1.48,False,train,True
solar_639,639,solar,NEWCASTLE,2307,1.53,False,train,True
solar_640,640,solar,NEWCASTLE,2295,1.48,False,validation,True
solar_641,641,solar,NEWCASTLE,2295,2.82,False,test,True
solar_642,642,solar,NEWCASTLE,2295,4.2,False,train,True
solar_643,643,solar,NEWCASTLE,2295,2.0,False,train,True
solar_644,644,solar,NEWCASTLE,2295,1.52,False,train,True
solar_645,645,solar,NEWCASTLE,2295,1.08,False,train,True
solar_646,646,solar,NEWCASTLE,2295,1.5,False,train,True
solar_647,647,solar,NEWCASTLE,2295,1.48,False,train,True
solar_648,648,solar,NEWCASTLE,2295,3.1,False,train,True
solar_649,649,solar,NEWCASTLE,2304,1.5,False,train,True
solar_650,650,solar,NEWCASTLE,2304,1.5,False,train,True
solar_651,651,solar,NEWCASTLE,2304,2.04,False,test,True
solar_652,652,solar,NEWCASTLE,2304,1.57,False,test,True
solar_653,653,solar,NEWCASTLE,2304,1.5,False,train,False
solar_655,655,solar,NEWCASTLE,2304,1.0,False,validation,True
solar_656,656,solar,NEWCASTLE,2304,1.5,False,validation,True
solar_657,657,solar,NEWCASTLE,2304,1.9,False,train,True
solar_658,658,solar,NEWCASTLE,2304,1.5,False,train,True
solar_659,659,solar,NEWCASTLE,2304,1.5,False,train,True
solar_660,660,solar,NEWCASTLE,2304,2.1,False,train,True
solar_661,661,solar,NEWCASTLE,2304,1.59,False,train,True
solar_662,662,solar,NEWCASTLE,2304,1.9,False,train,True
solar_663,663,solar,NEWCASTLE,2298,1.52,False,test,True
solar_664,664,solar,NEWCASTLE,2298,1.8,False,train,True
solar_665,665,solar,NEWCASTLE,2298,2.28,False,train,True
solar_666,666,solar,NEWCASTLE,2298,1.48,False,test,True
solar_667,667,solar,NEWCASTLE,2298,1.48,False,train,True
solar_668,668,solar,NEWCASTLE,2304,1.48,False,train,True
solar_669,669,solar,NEWCASTLE,2304,1.47,False,train,True
solar_670,670,solar,NEWCASTLE,2304,1.48,False,train,False
solar_671,671,solar,NEWCASTLE,2304,2.04,False,train,True
solar_672,672,solar,NEWCASTLE,2287,3.24,False,validation,True
solar_673,673,solar,MAITLAND,2322,1.8,False,validation,True
solar_674,674,solar,MAITLAND,2322,1.48,False,test,True
solar_675,675,solar,MAITLAND,2322,2.0,False,train,True
solar_676,676,solar,MAITLAND,2322,1.5,False,train,True
solar_677,677,solar,MAITLAND,2322,3.0,False,train,True
solar_678,678,solar,MAITLAND,2322,5.0,False,train,True
solar_679,679,solar,NEWCASTLE,2322,9.99,False,validation,True
solar_680,680,solar,NEWCASTLE,2322,10.0,False,validation,True
solar_681,681,solar,MAITLAND,2322,1.02,False,train,True
solar_682,682,solar,MAITLAND,2324,3.15,False,train,True
solar_683,683,solar,MAITLAND,2321,1.5,False,train,True
solar_684,684,solar,NEWCASTLE,2322,1.02,False,train,True
solar_685,685,solar,NEWCASTLE,2322,1.0,False,train,True
solar_686,686,solar,NEWCASTLE,2322,2.16,False,train,True
solar_687,687,solar,NEWCASTLE,2322,1.48,False,train,True
solar_688,688,solar,MAITLAND,2320,1.52,False,train,True
solar_689,689,solar,MAITLAND,2320,1.44,False,train,True
solar_690,690,solar,MAITLAND,2320,1.4,False,test,True
solar_691,691,solar,MAITLAND,2320,2.52,False,validation,True
solar_692,692,solar,MAITLAND,2320,1.5,False,train,True
solar_693,693,solar,CESSNOCK,2321,1.5,False,test,True
solar_694,694,solar,MAITLAND,2321,1.5,False,train,True
solar_695,695,solar,MAITLAND,2320,2.1,False,train,True
solar_696,696,solar,MAITLAND,2320,2.0,False,train,True
solar_697,697,solar,MAITLAND,2320,1.52,False,train,True
solar_698,698,solar,MAITLAND,2320,1.48,False,train,True
solar_699,699,solar,MAITLAND,2320,1.05,False,train,True
solar_700,700,solar,MAITLAND,2320,5.0,False,train,True
solar_701,701,solar,MAITLAND,2320,1.48,False,test,True
solar_702,702,solar,MAITLAND,2321,1.5,False,validation,True
solar_703,703,solar,MAITLAND,2323,2.0,False,validation,True
solar_704,704,solar,MAITLAND,2323,1.53,False,validation,True
solar_705,705,solar,MAITLAND,2323,1.5,False,test,True
solar_706,706,solar,MAITLAND,2323,1.52,False,train,True
solar_707,707,solar,MAITLAND,2323,4.2,False,train,True
solar_708,708,solar,MAITLAND,2323,1.5,False,train,True
solar_709,709,solar,MAITLAND,2323,2.0,False,train,True
solar_710,710,solar,MAITLAND,2323,1.5,False,train,True
solar_711,711,solar,MAITLAND,2323,2.16,False,validation,True
solar_712,712,solar,MAITLAND,2323,2.22,False,train,True
solar_713,713,solar,MAITLAND,2323,1.5,False,train,True
solar_714,714,solar,MAITLAND,2323,1.53,False,train,True
solar_715,715,solar,MAITLAND,2323,2.96,False,train,True
solar_716,716,solar,MAITLAND,2323,1.53,False,validation,True
solar_717,717,solar,MAITLAND,2323,1.53,False,train,True
solar_718,718,solar,MAITLAND,2323,1.53,False,train,True
solar_719,719,solar,MAITLAND,2323,1.52,False,test,True
solar_720,720,solar,MAITLAND,2323,1.48,False,train,True
solar_721,721,solar,MAITLAND,2323,1.5,False,train,True
solar_722,722,solar,MAITLAND,2323,3.3,False,test,True
solar_723,723,solar,CESSNOCK,2327,2.22,False,train,True
solar_724,724,solar,CESSNOCK,2327,1.48,False,train,True
solar_725,725,solar,CESSNOCK,2327,2.1,False,train,True
solar_726,726,solar,CESSNOCK,2327,1.48,False,train,True
solar_727,727,solar,CESSNOCK,2327,2.09,False,test,True
solar_728,728,solar,CESSNOCK,2327,1.48,False,train,True
solar_729,729,solar,CESSNOCK,2327,1.48,False,train,True
solar_730,730,solar,CESSNOCK,2327,1.48,False,train,True
solar_731,731,solar,CESSNOCK,2321,2.3,False,train,True
solar_732,732,solar,MAITLAND,2321,1.48,False,train,True
solar_733,733,solar,MAITLAND,2321,2.8,False,train,False
solar_734,734,solar,CESSNOCK,2334,1.48,False,validation,True
solar_735,735,solar,CESSNOCK,2334,2.16,False,train,True
solar_736,736,solar,CESSNOCK,2334,1.52,False,validation,True
solar_737,737,solar,CESSNOCK,2335,4.92,False,train,True
solar_738,738,solar,CESSNOCK,2326,1.48,False,train,True
solar_739,739,solar,CESSNOCK,2326,1.5,False,train,True
solar_740,740,solar,CESSNOCK,2326,3.0,False,train,True
solar_741,741,solar,CESSNOCK,2326,1.48,False,test,True
solar_742,742,solar,CESSNOCK,2325,1.57,False,validation,True
solar_743,743,solar,CESSNOCK,2325,3.6,False,validation,True
solar_744,744,solar,CESSNOCK,2325,1.48,False,test,True
solar_745,745,solar,CESSNOCK,2325,1.57,False,test,True
solar_746,746,solar,CESSNOCK,2325,1.48,False,train,False
solar_747,747,solar,CESSNOCK,2325,2.16,False,validation,True
solar_748,748,solar,CESSNOCK,2325,1.48,False,validation,True
solar_749,749,solar,CESSNOCK,2325,1.75,False,train,True
solar_750,750,solar,CESSNOCK,2325,2.1,False,train,True
solar_751,751,solar,CESSNOCK,2325,5.7,False,validation,True
solar_752,752,solar,CESSNOCK,2325,3.23,False,train,True
solar_753,753,solar,CESSNOCK,2325,1.48,False,train,True
solar_754,754,solar,CESSNOCK,2325,3.04,False,train,True
solar_755,755,solar,CESSNOCK,2325,1.62,False,test,True
solar_756,756,solar,CESSNOCK,2323,3.0,False,train,True
solar_757,757,solar,CESSNOCK,2323,1.85,False,train,True
solar_758,758,solar,CESSNOCK,2323,2.22,False,train,True
solar_759,759,solar,CESSNOCK,2323,2.88,False,train,True
solar_760,760,solar,CESSNOCK,2326,2.59,False,train,True
solar_761,761,solar,CESSNOCK,2326,1.5,False,train,True
solar_762,762,solar,SINGLETON,2330,1.62,False,test,True
solar_763,763,solar,SINGLETON,2335,1.02,False,train,False
solar_764,764,solar,SINGLETON,2330,5.55,False,test,True
solar_765,765,solar,SINGLETON,2330,1.5,False,train,True
solar_766,766,solar,SINGLETON,2330,2.0,False,train,False
solar_767,767,solar,SINGLETON,2330,1.5,False,train,True
solar_768,768,solar,SINGLETON,2330,2.97,False,train,True
solar_769,769,solar,SINGLETON,2330,2.96,False,train,True
solar_770,770,solar,SINGLETON,2330,1.44,False,train,True
solar_771,771,solar,SINGLETON,2330,1.53,False,train,True
solar_772,772,solar,SINGLETON,2330,2.04,False,train,True
solar_773,773,solar,SINGLETON,2330,1.43,False,train,False
solar_774,774,solar,SINGLETON,2330,1.6,False,test,True
solar_775,775,solar,SINGLETON,2330,1.48,False,train,True
solar_776,776,solar,PORT STEPHENS,2324,1.5,False,train,True
solar_777,777,solar,PORT STEPHENS,2324,1.1,False,train,True
solar_778,778,solar,PORT STEPHENS,2324,1.56,False,train,True
solar_779,779,solar,PORT STEPHENS,2324,1.5,False,validation,True
solar_780,780,solar,PORT STEPHENS,2324,2.1,False,validation,True
solar_781,781,solar,PORT STEPHENS,2324,2.59,False,train,True
solar_782,782,solar,PORT STEPHENS,2324,3.0,False,train,True
solar_783,783,solar,PORT STEPHENS,2324,1.33,False,train,True
solar_784,784,solar,PORT STEPHENS,2324,1.48,False,test,True
solar_785,785,solar,PORT STEPHENS,2324,2.04,False,train,True
solar_786,786,solar,PORT STEPHENS,2324,2.22,False,train,True
solar_787,787,solar,PORT STEPHENS,2324,1.9,False,train,True
solar_788,788,solar,PORT STEPHENS,2324,3.0,False,train,True
solar_789,789,solar,PORT STEPHENS,2324,2.1,False,train,True
solar_790,790,solar,PORT STEPHENS,2324,5.5,False,validation,False
solar_791,791,solar,PORT STEPHENS,2324,10.0,False,train,True
solar_792,792,solar,PORT STEPHENS,2321,1.05,False,train,True
solar_793,793,solar,PORT STEPHENS,2321,3.7,False,train,True
solar_794,794,solar,PORT STEPHENS,2318,2.16,False,validation,True
solar_795,795,solar,PORT STEPHENS,2318,3.04,False,train,True
solar_796,796,solar,PORT STEPHENS,2318,3.3,False,test,True
solar_797,797,solar,PORT STEPHENS,2318,3.3,False,validation,True
solar_798,798,solar,PORT STEPHENS,2318,6.29,False,train,True
solar_799,799,solar,PORT STEPHENS,2318,1.62,False,train,True
solar_800,800,solar,PORT STEPHENS,2318,1.48,False,train,True
solar_801,801,solar,PORT STEPHENS,2316,1.5,False,train,True
solar_802,802,solar,PORT STEPHENS,2316,1.56,False,train,True
solar_803,803,solar,PORT STEPHENS,2316,1.52,False,train,True
solar_804,804,solar,PORT STEPHENS,2316,2.26,False,train,True
solar_805,805,solar,PORT STEPHENS,2316,1.6,False,train,True
solar_806,806,solar,PORT STEPHENS,2317,1.85,False,test,True
solar_807,807,solar,PORT STEPHENS,2315,1.5,False,validation,True
solar_808,808,solar,PORT STEPHENS,2315,1.5,False,train,False
solar_809,809,solar,PORT STEPHENS,2317,1.52,False,train,True
solar_810,810,solar,PORT STEPHENS,2317,1.52,False,train,True
solar_811,811,solar,PORT STEPHENS,2317,1.5,False,train,True
solar_812,812,solar,PORT STEPHENS,2319,1.85,False,train,True
solar_813,813,solar,PORT STEPHENS,2319,4.2,False,test,True
solar_814,814,solar,PORT STEPHENS,2319,2.22,False,train,True
solar_815,815,solar,PORT STEPHENS,2319,2.66,False,train,True
solar_816,816,solar,PORT STEPHENS,2319,1.0,False,test,True
solar_817,817,solar,PORT STEPHENS,2319,1.48,False,train,True
solar_818,818,solar,PORT STEPHENS,2319,1.85,False,test,True
solar_819,819,solar,PORT STEPHENS,2319,1.6,False,test,True
solar_820,820,solar,PORT STEPHENS,2319,1.48,False,train,True
solar_821,821,solar,PORT STEPHENS,2319,1.5,False,train,True
solar_822,822,solar,PORT STEPHENS,2319,1.48,False,train,True
solar_823,823,solar,PORT STEPHENS,2319,1.48,False,train,True
solar_824,824,solar,PORT STEPHENS,2315,1.5,False,train,True
solar_825,825,solar,PORT STEPHENS,2315,1.53,False,train,True
solar_826,826,solar,PORT STEPHENS,2315,1.53,False,test,True
solar_827,827,solar,PORT STEPHENS,2315,1.53,False,train,True
solar_828,828,solar,PORT STEPHENS,2315,1.5,False,train,True
solar_829,829,solar,PORT STEPHENS,2315,1.5,False,train,True
solar_830,830,solar,PORT STEPHENS,2315,1.53,False,train,True
solar_831,831,solar,PORT STEPHENS,2315,1.5,False,train,True
solar_832,832,solar,PORT STEPHENS,2315,1.53,False,validation,True
solar_833,833,solar,PORT STEPHENS,2315,1.2,False,train,True
solar_834,834,solar,PORT STEPHENS,2315,1.52,False,train,True
solar_835,835,solar,PORT STEPHENS,2315,1.5,False,train,True
solar_836,836,solar,PORT STEPHENS,2315,1.5,False,train,True
solar_837,837,solar,PORT STEPHENS,2315,1.5,False,train,True
solar_838,838,solar,PORT STEPHENS,2315,3.0,False,train,True
solar_839,839,solar,PORT STEPHENS,2315,1.66,False,train,False
solar_840,840,solar,PORT STEPHENS,2315,2.96,False,train,True
solar_841,841,solar,PORT STEPHENS,2317,2.96,False,train,True
solar_842,842,solar,UPPER HUNTER,2336,8.0,False,validation,True
solar_843,843,solar,UPPER HUNTER,2337,9.72,False,train,True
solar_844,844,solar,MUSWELLBROOK,2333,2.59,False,validation,True
solar_845,845,solar,MUSWELLBROOK,2333,1.58,False,train,True
solar_846,846,solar,MUSWELLBROOK,2333,1.0,False,validation,True
solar_847,847,solar,MUSWELLBROOK,2333,1.0,False,train,True
solar_848,848,solar,MUSWELLBROOK,2333,1.1,False,test,True
solar_849,849,solar,MUSWELLBROOK,2333,1.4,False,train,True
solar_850,850,solar,UPPER HUNTER,2336,2.16,False,train,True
solar_851,851,solar,UPPER HUNTER,2337,2.4,False,train,True
solar_852,852,solar,UPPER HUNTER,2337,4.99,False,train,True
solar_853,853,solar,UPPER HUNTER,2337,1.11,False,train,True
solar_854,854,solar,UPPER HUNTER,2337,3.06,False,train,True
solar_855,855,solar,UPPER HUNTER,2337,3.33,False,test,True
solar_856,856,solar,MUSWELLBROOK,2328,2.22,False,train,True
solar_857,857,solar,MAITLAND,2320,1.48,False,test,True
solar_858,858,solar,UPPER HUNTER,2329,2.8,False,train,True
solar_859,859,solar,CESSNOCK,2335,1.5,False,train,True
solar_860,860,solar,CESSNOCK,2325,4.99,False,test,True
solar_861,861,solar,CESSNOCK,2320,3.6,False,validation,True
solar_862,862,solar,SINGLETON,2330,1.52,False,train,True
solar_863,863,solar,PORT STEPHENS,2315,1.57,False,train,True
solar_864,864,solar,GOSFORD,2250,1.5,False,test,True
solar_865,865,solar,GOSFORD,2250,2.1,False,train,True
solar_866,866,solar,GOSFORD,2250,1.52,False,train,False
solar_867,867,solar,GOSFORD,2250,1.51,False,train,True
solar_868,868,solar,GOSFORD,2250,2.22,False,train,True
solar_869,869,solar,GOSFORD,2250,5.32,False,train,True
solar_870,870,solar,GOSFORD,2250,1.5,False,train,True
solar_871,871,solar,GOSFORD,2250,1.5,False,test,True
solar_872,872,solar,GOSFORD,2250,3.0,False,validation,True
solar_873,873,solar,GOSFORD,2250,2.76,False,validation,True
solar_874,874,solar,GOSFORD,2250,1.94,False,test,True
solar_875,875,solar,GOSFORD,2256,1.02,False,test,False
solar_876,876,solar,GOSFORD,2256,1.53,False,validation,True
solar_877,877,solar,GOSFORD,2256,2.0,False,train,True
solar_878,878,solar,GOSFORD,2256,1.52,False,train,True
solar_879,879,solar,GOSFORD,2257,1.6,False,train,True
solar_880,880,solar,GOSFORD,2257,3.33,False,train,True
solar_881,881,solar,GOSFORD,2257,1.0,False,train,True
solar_882,882,solar,GOSFORD,2257,1.65,False,train,True
solar_883,883,solar,GOSFORD,2257,1.5,False,train,True
solar_884,884,solar,GOSFORD,2257,1.5,False,validation,True
solar_885,885,solar,GOSFORD,2257,1.5,False,train,True
solar_886,886,solar,GOSFORD,2256,2.28,False,train,True
solar_887,887,solar,GOSFORD,2257,2.2,False,validation,True
solar_888,888,solar,GOSFORD,2257,1.67,False,train,True
solar_889,889,solar,GOSFORD,2257,2.2,False,validation,True
solar_890,890,solar,GOSFORD,2257,3.33,False,train,True
solar_891,891,solar,GOSFORD,2257,3.33,False,train,True
solar_892,892,solar,GOSFORD,2257,1.5,False,validation,True
solar_893,893,solar,GOSFORD,2257,2.0,False,train,True
solar_894,894,solar,GOSFORD,2257,1.7,False,test,True
solar_895,895,solar,GOSFORD,2257,1.52,False,test,True
solar_896,896,solar,GOSFORD,2257,1.1,False,validation,True
solar_897,897,solar,GOSFORD,2257,3.15,False,train,True
solar_898,898,solar,GOSFORD,2257,1.5,False,train,True
solar_899,899,solar,GOSFORD,2257,3.96,False,train,True
solar_900,900,solar,GOSFORD,2257,1.48,False,train,True
solar_901,901,solar,GOSFORD,2257,1.5,False,train,True
solar_902,902,solar,GOSFORD,2257,3.01,False,train,True
solar_903,903,solar,GOSFORD,2250,2.2,False,validation,True
solar_904,904,solar,GOSFORD,2250,1.26,False,train,True
solar_905,905,solar,GOSFORD,2250,1.48,False,test,True
solar_906,906,solar,GOSFORD,2250,5.18,False,train,True
solar_907,907,solar,GOSFORD,2250,1.9,False,train,True
solar_908,908,solar,GOSFORD,2250,2.22,False,test,True
solar_909,909,solar,GOSFORD,2250,2.1,False,train,True
solar_910,910,solar,GOSFORD,2250,1.02,False,train,True
solar_911,911,solar,GOSFORD,2250,1.02,False,train,True
solar_913,913,solar,GOSFORD,2250,1.02,False,train,True
solar_914,914,solar,GOSFORD,2250,1.02,False,test,True
solar_915,915,solar,GOSFORD,2250,1.02,False,train,True
solar_916,916,solar,GOSFORD,2250,1.02,False,test,True
solar_917,917,solar,GOSFORD,2250,1.02,False,train,True
solar_918,918,solar,GOSFORD,2250,1.02,False,test,True
solar_919,919,solar,GOSFORD,2250,1.02,False,train,True
solar_920,920,solar,GOSFORD,2250,2.22,False,train,True
solar_921,921,solar,GOSFORD,2250,1.75,False,train,True
solar_922,922,solar,GOSFORD,2250,1.94,False,train,True
solar_923,923,solar,GOSFORD,2250,1.8,False,train,True
solar_924,924,solar,GOSFORD,2250,1.5,False,validation,True
solar_925,925,solar,GOSFORD,2250,1.61,False,train,True
solar_926,926,solar,GOSFORD,2250,1.48,False,train,True
solar_927,927,solar,GOSFORD,2250,1.96,False,test,True
solar_928,928,solar,GOSFORD,2250,1.5,False,test,True
solar_929,929,solar,GOSFORD,2250,1.61,False,train,True
solar_930,930,solar,GOSFORD,2250,1.48,False,train,True
solar_931,931,solar,GOSFORD,2250,3.22,False,train,True
solar_932,932,solar,GOSFORD,2250,2.6,False,train,True
solar_933,933,solar,GOSFORD,2250,1.5,False,train,True
solar_934,934,solar,GOSFORD,2250,1.5,False,train,True
solar_935,935,solar,GOSFORD,2250,1.67,False,train,True
solar_936,936,solar,GOSFORD,2250,3.4,False,train,True
solar_937,937,solar,GOSFORD,2250,3.78,False,train,True
solar_938,938,solar,GOSFORD,2250,3.04,False,test,True
solar_939,939,solar,GOSFORD,2250,2.09,False,train,True
solar_940,940,solar,GOSFORD,2250,1.65,False,train,True
solar_941,941,solar,GOSFORD,2250,2.28,False,train,True
solar_942,942,solar,GOSFORD,2250,1.5,False,train,True
solar_943,943,solar,GOSFORD,2250,2.1,False,train,True
solar_944,944,solar,GOSFORD,2250,1.5,False,train,True
solar_945,945,solar,GOSFORD,2250,1.5,False,train,True
solar_946,946,solar,GOSFORD,2250,1.48,False,validation,True
solar_947,947,solar,GOSFORD,2250,2.1,False,train,True
solar_948,948,solar,GOSFORD,2250,1.0,False,test,True
solar_949,949,solar,GOSFORD,2250,1.05,False,validation,True
solar_950,950,solar,GOSFORD,2250,1.05,False,validation,True
solar_951,951,solar,GOSFORD,2250,1.05,False,train,True
solar_952,952,solar,GOSFORD,2250,1.05,False,train,True
solar_953,953,solar,GOSFORD,2250,1.05,False,train,True
solar_954,954,solar,GOSFORD,2250,1.05,False,validation,True
solar_955,955,solar,GOSFORD,2250,1.05,False,train,True
solar_956,956,solar,GOSFORD,2250,1.05,False,train,True
solar_957,957,solar,GOSFORD,2250,1.05,False,train,False
solar_958,958,solar,GOSFORD,2250,1.05,False,train,True
solar_959,959,solar,GOSFORD,2260,1.48,False,train,True
solar_960,960,solar,GOSFORD,2260,1.48,False,test,True
solar_961,961,solar,GOSFORD,2260,1.48,False,train,False
solar_962,962,solar,GOSFORD,2260,1.5,False,train,True
solar_963,963,solar,GOSFORD,2260,2.0,False,train,True
solar_964,964,solar,GOSFORD,2260,2.28,False,train,True
solar_965,965,solar,GOSFORD,2260,2.0,False,train,True
solar_966,966,solar,GOSFORD,2260,3.0,False,train,True
solar_967,967,solar,GOSFORD,2260,2.0,False,train,True
solar_968,968,solar,GOSFORD,2260,3.06,False,validation,True
solar_969,969,solar,GOSFORD,2260,2.66,False,train,True
solar_970,970,solar,GOSFORD,2260,2.4,False,train,True
solar_971,971,solar,GOSFORD,2260,2.7,False,train,True
solar_972,972,solar,GOSFORD,2260,1.52,False,train,True
solar_973,973,solar,GOSFORD,2250,3.33,False,train,True
solar_974,974,solar,GOSFORD,2260,1.52,False,validation,True
solar_975,975,solar,GOSFORD,2260,1.48,False,test,True
solar_976,976,solar,GOSFORD,2260,2.04,False,train,True
solar_977,977,solar,GOSFORD,2260,1.62,False,train,True
solar_978,978,solar,GOSFORD,2260,2.09,False,train,True
solar_979,979,solar,GOSFORD,2260,2.22,False,train,True
solar_980,980,solar,GOSFORD,2260,1.48,False,train,True
solar_981,981,solar,GOSFORD,2260,2.8,False,train,True
solar_982,982,solar,GOSFORD,2260,1.5,False,validation,True
solar_983,983,solar,GOSFORD,2260,1.02,False,train,True
solar_984,984,solar,GOSFORD,2260,3.0,False,test,True
solar_985,985,solar,GOSFORD,2251,2.12,False,train,True
solar_986,986,solar,GOSFORD,2251,1.5,False,validation,True
solar_987,987,solar,GOSFORD,2251,2.04,False,train,True
solar_988,988,solar,GOSFORD,2251,1.56,False,test,True
solar_989,989,solar,GOSFORD,2251,1.5,False,train,True
solar_990,990,solar,GOSFORD,2251,1.9,False,train,True
solar_991,991,solar,GOSFORD,2251,1.48,False,validation,True
solar_992,992,solar,GOSFORD,2257,1.8,False,train,True
solar_993,993,solar,GOSFORD,2257,5.2,False,validation,True
solar_994,994,solar,GOSFORD,2257,2.96,False,train,True
solar_995,995,solar,GOSFORD,2257,1.48,False,test,True
solar_996,996,solar,GOSFORD,2257,1.53,False,train,True
solar_997,997,solar,GOSFORD,2257,2.45,False,train,True
solar_998,998,solar,GOSFORD,2257,2.05,False,train,True
solar_999,999,solar,GOSFORD,2251,1.4,False,train,True
solar_1000,1000,solar,GOSFORD,2251,1.48,False,train,True
solar_1001,1001,solar,GOSFORD,2251,1.48,False,train,True
solar_1002,1002,solar,GOSFORD,2251,1.5,False,train,True
solar_1003,1003,solar,GOSFORD,2251,1.52,False,train,True
solar_1004,1004,solar,GOSFORD,2251,1.5,False,train,True
solar_1005,1005,solar,GOSFORD,2251,1.48,False,test,True
solar_1006,1006,solar,GOSFORD,2251,1.48,False,train,True
solar_1007,1007,solar,GOSFORD,2251,1.54,False,train,True
solar_1008,1008,solar,GOSFORD,2251,1.54,False,train,True
solar_1009,1009,solar,GOSFORD,2251,1.5,False,train,True
solar_1010,1010,solar,GOSFORD,2251,1.5,False,train,True
solar_1011,1011,solar,GOSFORD,2251,1.02,False,train,True
solar_1012,1012,solar,GOSFORD,2251,2.28,False,train,True
solar_1013,1013,solar,GOSFORD,2251,2.23,False,train,True
solar_1014,1014,solar,GOSFORD,2251,1.5,False,test,True
solar_1015,1015,solar,GOSFORD,2251,1.52,False,train,True
solar_1016,1016,solar,GOSFORD,2251,1.5,False,validation,True
solar_1017,1017,solar,GOSFORD,2251,1.9,False,train,True
solar_1018,1018,solar,GOSFORD,2251,1.5,False,validation,True
solar_1019,1019,solar,GOSFORD,2251,1.48,False,train,True
solar_1020,1020,solar,GOSFORD,2251,3.0,False,train,True
solar_1021,1021,solar,GOSFORD,2251,1.48,False,train,True
solar_1022,1022,solar,GOSFORD,2251,2.58,False,train,True
solar_1023,1023,solar,GOSFORD,2251,4.86,False,train,True
solar_1024,1024,solar,GOSFORD,2251,2.08,False,validation,True
solar_1025,1025,solar,GOSFORD,2251,6.3,False,train,True
solar_1026,1026,solar,GOSFORD,2250,4.32,False,train,True
solar_1027,1027,solar,GOSFORD,2250,1.0,False,test,True
solar_1028,1028,solar,GOSFORD,2250,3.04,False,validation,True
solar_1029,1029,solar,GOSFORD,2250,1.5,False,test,True
solar_1030,1030,solar,GOSFORD,2250,1.53,False,train,True
solar_1031,1031,solar,GOSFORD,2250,1.5,False,train,True
solar_1032,1032,solar,GOSFORD,2250,1.0,False,train,True
solar_1033,1033,solar,GOSFORD,2250,2.15,False,train,True
solar_1034,1034,solar,GOSFORD,2250,6.66,False,train,True
solar_1035,1035,solar,GOSFORD,2250,4.44,False,train,True
solar_1036,1036,solar,GOSFORD,2083,3.33,False,train,True
solar_1037,1037,solar,WYONG,2258,1.5,False,train,False
solar_1038,1038,solar,WYONG,2261,2.1,False,train,True
solar_1039,1039,solar,WYONG,2261,1.9,False,train,True
solar_1040,1040,solar,WYONG,2261,2.2,False,train,True
solar_1041,1041,solar,WYONG,2258,1.02,False,validation,True
solar_1042,1042,solar,WYONG,2261,2.96,False,test,True
solar_1043,1043,solar,WYONG,2261,1.1,False,train,True
solar_1044,1044,solar,WYONG,2261,4.46,False,validation,True
solar_1045,1045,solar,WYONG,2261,3.01,False,test,True
solar_1046,1046,solar,WYONG,2259,2.09,False,train,True
solar_1047,1047,solar,WYONG,2259,2.0,False,train,True
solar_1048,1048,solar,WYONG,2259,2.04,False,validation,True
solar_1049,1049,solar,WYONG,2259,3.6,False,test,True
solar_1050,1050,solar,WYONG,2259,3.18,False,train,True
solar_1052,1052,solar,WYONG,2259,1.1,False,validation,True
solar_1053,1053,solar,WYONG,2259,5.32,False,train,True
solar_1054,1054,solar,WYONG,2259,1.5,False,train,True
solar_1055,1055,solar,WYONG,2259,1.9,False,validation,True
solar_1056,1056,solar,WYONG,2259,4.1,False,train,True
solar_1057,1057,solar,WYONG,2259,2.03,False,train,True
solar_1058,1058,solar,WYONG,2259,2.22,False,train,True
solar_1059,1059,solar,WYONG,2259,2.96,False,train,True
solar_1060,1060,solar,WYONG,2262,1.48,False,train,True
solar_1061,1061,solar,WYONG,2262,1.48,False,validation,True
solar_1062,1062,solar,WYONG,2262,2.28,False,train,True
solar_1063,1063,solar,WYONG,2262,2.2,False,train,True
solar_1064,1064,solar,WYONG,2262,1.5,False,train,True
solar_1065,1065,solar,WYONG,2262,2.22,False,train,True
solar_1066,1066,solar,WYONG,2263,1.5,False,train,True
solar_1067,1067,solar,WYONG,2262,1.5,False,train,True
solar_1068,1068,solar,WYONG,2262,1.5,False,train,True
solar_1069,1069,solar,WYONG,2262,2.27,False,train,True
solar_1070,1070,solar,WYONG,2262,4.44,False,test,True
solar_1071,1071,solar,WYONG,2262,1.7,False,test,True
solar_1072,1072,solar,WYONG,2262,1.5,False,train,True
solar_1073,1073,solar,WYONG,2262,1.48,False,test,True
solar_1074,1074,solar,WYONG,2262,1.5,False,train,True
solar_1075,1075,solar,WYONG,2262,2.0,False,validation,True
solar_1076,1076,solar,WYONG,2263,1.48,False,validation,True
solar_1077,1077,solar,WYONG,2259,1.1,False,train,True
solar_1078,1078,solar,WYONG,2262,1.48,False,train,True
solar_1079,1079,solar,WYONG,2262,2.0,False,train,True
solar_1080,1080,solar,WYONG,2262,2.22,False,train,True
solar_1081,1081,solar,WYONG,2263,2.0,False,test,True
solar_1082,1082,solar,WYONG,2259,1.45,False,validation,True
solar_1083,1083,solar,WYONG,2259,1.02,False,test,True
solar_1084,1084,solar,WYONG,2259,1.02,False,train,True
solar_1085,1085,solar,WYONG,2259,1.02,False,test,True
solar_1086,1086,solar,WYONG,2259,1.02,False,train,True
solar_1087,1087,solar,WYONG,2263,1.5,False,train,True
solar_1088,1088,solar,WYONG,2259,1.5,False,train,True
solar_1089,1089,solar,WYONG,2259,3.0,False,train,False
solar_1090,1090,solar,WYONG,2259,1.48,False,train,False
solar_1091,1091,solar,WYONG,2263,2.22,False,train,True
solar_1092,1092,solar,WYONG,2263,1.53,False,train,True
solar_1093,1093,solar,WYONG,2263,1.5,False,train,True
solar_1094,1094,solar,WYONG,2263,1.5,False,train,True
solar_1095,1095,solar,WYONG,2259,2.16,False,train,True
solar_1096,1096,solar,WYONG,2263,1.52,False,train,True
solar_1097,1097,solar,WYONG,2263,2.1,False,train,True
solar_1098,1098,solar,WYONG,2263,2.1,False,validation,True
solar_1099,1099,solar,WYONG,2263,1.4,False,validation,True
solar_1100,1100,solar,WYONG,2263,1.5,False,train,True
solar_1101,1101,solar,WYONG,2263,1.54,False,train,True
solar_1102,1102,solar,WYONG,2263,1.53,False,train,True
solar_1103,1103,solar,WYONG,2259,1.44,False,train,True
solar_1104,1104,solar,WYONG,2263,1.5,False,train,True
solar_1105,1105,solar,WYONG,2263,1.85,False,train,True
solar_1106,1106,solar,WYONG,2263,3.01,False,train,True
solar_1107,1107,solar,WYONG,2259,1.48,False,train,True
solar_1108,1108,solar,WYONG,2259,1.44,False,train,True
solar_1109,1109,solar,WYONG,2259,1.5,False,train,True
solar_1110,1110,solar,WYONG,2259,1.1,False,train,True
solar_1111,1111,solar,WYONG,2259,2.09,False,validation,True
solar_1112,1112,solar,WYONG,2259,1.52,False,validation,True
solar_1113,1113,solar,WYONG,2259,2.22,False,test,True
solar_1114,1114,solar,WYONG,2259,1.0,False,train,True
solar_1115,1115,solar,WYONG,2259,2.04,False,train,True
solar_1116,1116,solar,WYONG,2259,1.52,False,train,True
solar_1117,1117,solar,WYONG,2261,1.52,False,train,True
solar_1118,1118,solar,WYONG,2261,2.22,False,train,True
solar_1119,1119,solar,WYONG,2261,1.65,False,train,True
solar_1120,1120,solar,WYONG,2261,1.5,False,train,True
solar_1121,1121,solar,WYONG,2261,2.0,False,train,True
solar_1122,1122,solar,WYONG,2261,1.1,False,train,True
solar_1123,1123,solar,WYONG,2261,1.48,False,train,True
solar_1124,1124,solar,WYONG,2261,1.5,False,train,True
solar_1125,1125,solar,WYONG,2261,1.52,False,validation,True
solar_1126,1126,solar,WYONG,2261,3.0,False,train,True
solar_1127,1127,solar,WYONG,2261,1.48,False,train,True
solar_1128,1128,solar,WYONG,2261,1.0,False,train,True
solar_1129,1129,solar,WYONG,2261,1.61,False,train,True
solar_1130,1130,solar,WYONG,2261,1.9,False,train,False
solar_1131,1131,solar,WYONG,2261,1.5,False,train,True
solar_1132,1132,solar,WYONG,2261,1.52,False,train,True
solar_1133,1133,solar,WYONG,2261,1.5,False,train,True
solar_1134,1134,solar,WYONG,2261,1.6,False,test,True
solar_1135,1135,solar,WYONG,2261,2.04,False,test,True
solar_1136,1136,solar,WYONG,2261,1.5,False,train,True
solar_1137,1137,solar,WYONG,2261,1.66,False,train,True
solar_1138,1138,solar,WYONG,2261,1.52,False,validation,True
solar_1139,1139,solar,WYONG,2261,1.5,False,train,True
solar_1140,1140,solar,WYONG,2261,2.04,False,train,True
solar_1141,1141,solar,WYONG,2261,1.02,False,train,True
solar_1142,1142,solar,WYONG,2261,1.02,False,train,True
solar_1143,1143,solar,WYONG,2261,1.02,False,test,True
solar_1144,1144,solar,WYONG,2261,1.02,False,train,True
solar_1145,1145,solar,WYONG,2261,1.02,False,train,True
solar_1146,1146,solar,WYONG,2261,1.02,False,train,True
solar_1147,1147,solar,WYONG,2261,1.02,False,train,True
solar_1148,1148,solar,WYONG,2261,5.32,False,validation,True
solar_1149,1149,solar,WYONG,2261,2.0,False,train,True
solar_1150,1150,solar,WYONG,2261,1.5,False,train,True
solar_1151,1151,solar,WYONG,2261,1.75,False,train,False
solar_1152,1152,solar,WYONG,2261,2.22,False,test,True
solar_1153,1153,solar,WYONG,2261,1.52,False,validation,True
solar_1154,1154,solar,WYONG,2261,1.1,False,train,True
solar_1155,1155,solar,WYONG,2261,1.5,False,train,True
solar_1156,1156,solar,WYONG,2261,1.4,False,validation,True
solar_1157,1157,solar,PORT STEPHENS,2316,1.5,False,train,False
solar_1158,1158,solar,PORT STEPHENS,2315,1.5,False,train,True
solar_1159,1159,solar,LAKE MACQUARIE,2282,2.5,False,train,True
solar_1160,1160,solar,SUTHERLAND,2230,1.52,False,train,True
solar_1161,1161,solar,SUTHERLAND,2231,1.98,False,train,True
solar_1162,1162,solar,SUTHERLAND,2231,1.7,False,train,True
solar_1163,1163,solar,SUTHERLAND,2230,3.01,False,train,True
solar_1164,1164,solar,SUTHERLAND,2230,1.2,False,train,True
solar_1165,1165,solar,SUTHERLAND,2230,1.96,False,train,True
solar_1166,1166,solar,SUTHERLAND,2229,2.0,False,train,True
solar_1167,1167,solar,SUTHERLAND,2229,1.5,False,test,True
solar_1168,1168,solar,SUTHERLAND,2229,1.5,False,train,True
solar_1169,1169,solar,SUTHERLAND,2229,1.53,False,train,True
solar_1170,1170,solar,SUTHERLAND,2229,1.48,False,validation,True
solar_1171,1171,solar,SUTHERLAND,2229,2.0,False,train,True
solar_1172,1172,solar,SUTHERLAND,2229,4.07,False,train,True
solar_1173,1173,solar,SUTHERLAND,2229,2.96,False,train,True
solar_1174,1174,solar,SUTHERLAND,2229,1.85,False,train,True
solar_1175,1175,solar,SUTHERLAND,2229,2.88,False,train,True
solar_1176,1176,solar,SUTHERLAND,2229,3.0,False,train,True
solar_1177,1177,solar,SUTHERLAND,2228,1.48,False,train,True
solar_1178,1178,solar,SUTHERLAND,2228,1.5,False,train,True
solar_1179,1179,solar,SUTHERLAND,2228,1.96,False,train,True
solar_1180,1180,solar,SUTHERLAND,2228,1.5,False,train,True
solar_1181,1181,solar,SUTHERLAND,2228,2.04,False,train,True
solar_1182,1182,solar,SUTHERLAND,2228,3.42,False,train,True
solar_1183,1183,solar,SUTHERLAND,2228,1.5,False,train,True
solar_1184,1184,solar,SUTHERLAND,2224,3.33,False,train,True
solar_1185,1185,solar,SUTHERLAND,2224,4.2,False,train,True
solar_1186,1186,solar,SUTHERLAND,2224,1.5,False,train,True
solar_1187,1187,solar,SUTHERLAND,2224,3.5,False,train,True
solar_1188,1188,solar,SUTHERLAND,2224,2.28,False,train,True
solar_1189,1189,solar,SUTHERLAND,2224,2.0,False,test,True
solar_1190,1190,solar,SUTHERLAND,2224,1.5,False,train,True
solar_1191,1191,solar,SUTHERLAND,2224,1.8,False,train,True
solar_1192,1192,solar,SUTHERLAND,2224,1.5,False,train,True
solar_1193,1193,solar,SUTHERLAND,2227,1.92,False,validation,True
solar_1194,1194,solar,SUTHERLAND,2227,3.6,False,train,True
solar_1195,1195,solar,SUTHERLAND,2232,4.32,False,train,True
solar_1196,1196,solar,SUTHERLAND,2232,1.52,False,train,True
solar_1197,1197,solar,SUTHERLAND,2232,1.5,False,train,True
solar_1198,1198,solar,SUTHERLAND,2232,1.5,False,train,True
solar_1199,1199,solar,SUTHERLAND,2232,2.4,False,train,True
solar_1200,1200,solar,SUTHERLAND,2227,1.44,False,train,True
solar_1201,1201,solar,SUTHERLAND,2227,1.96,False,train,True
solar_1202,1202,solar,SUTHERLAND,2227,1.5,False,train,True
solar_1203,1203,solar,SUTHERLAND,2227,1.53,False,test,True
solar_1204,1204,solar,SUTHERLAND,2227,2.5,False,train,True
solar_1205,1205,solar,SUTHERLAND,2227,1.5,False,train,True
solar_1206,1206,solar,SUTHERLAND,2227,1.5,False,validation,True
solar_1207,1207,solar,SUTHERLAND,2232,1.92,False,validation,True
solar_1208,1208,solar,SUTHERLAND,2226,2.0,False,train,True
solar_1209,1209,solar,SUTHERLAND,2226,3.6,False,train,True
solar_1210,1210,solar,SUTHERLAND,2226,2.04,False,train,True
solar_1211,1211,solar,SUTHERLAND,2225,1.52,False,validation,True
solar_1212,1212,solar,SUTHERLAND,2225,1.5,False,train,True
solar_1213,1213,solar,SUTHERLAND,2225,3.0,False,train,True
solar_1214,1214,solar,SUTHERLAND,2225,1.5,False,train,True
solar_1215,1215,solar,SUTHERLAND,2225,6.12,False,test,True
solar_1216,1216,solar,SUTHERLAND,2226,1.52,False,train,True
solar_1217,1217,solar,SUTHERLAND,2226,1.5,False,train,True
solar_1218,1218,solar,SUTHERLAND,2226,2.2,False,train,True
solar_1219,1219,solar,SUTHERLAND,2226,1.48,False,train,True
solar_1220,1220,solar,SUTHERLAND,2226,3.06,False,train,True
solar_1221,1221,solar,SUTHERLAND,2226,1.5,False,train,True
solar_1222,1222,solar,SUTHERLAND,2226,1.8,False,train,True
solar_1223,1223,solar,SUTHERLAND,2226,2.1,False,train,True
solar_1224,1224,solar,SUTHERLAND,2226,1.54,False,train,True
solar_1225,1225,solar,SUTHERLAND,2232,1.48,False,train,True
solar_1226,1226,solar,SUTHERLAND,2232,1.16,False,train,True
solar_1227,1227,solar,SUTHERLAND,2226,1.44,False,train,True
solar_1228,1228,solar,SUTHERLAND,2226,1.7,False,test,True
solar_1229,1229,solar,SUTHERLAND,2232,1.5,False,train,True
solar_1230,1230,solar,SUTHERLAND,2232,1.5,False,test,True
solar_1231,1231,solar,SUTHERLAND,2232,1.5,False,train,True
solar_1232,1232,solar,SUTHERLAND,2232,2.0,False,train,True
solar_1233,1233,solar,SUTHERLAND,2232,1.5,False,validation,True
solar_1234,1234,solar,SUTHERLAND,2232,1.5,False,train,True
solar_1235,1235,solar,SUTHERLAND,2232,1.5,False,train,True
solar_1236,1236,solar,SUTHERLAND,2234,4.2,False,validation,True
solar_1237,1237,solar,SUTHERLAND,2234,1.5,False,train,False
solar_1238,1238,solar,SUTHERLAND,2234,1.5,False,train,True
solar_1239,1239,solar,SUTHERLAND,2234,2.94,False,train,True
solar_1240,1240,solar,SUTHERLAND,2234,1.5,False,train,True
solar_1241,1241,solar,SUTHERLAND,2234,1.8,False,train,True
solar_1242,1242,solar,SUTHERLAND,2234,1.53,False,train,True
solar_1243,1243,solar,SUTHERLAND,2234,2.2,False,train,True
solar_1244,1244,solar,SUTHERLAND,2234,2.24,False,train,True
solar_1245,1245,solar,SUTHERLAND,2234,1.5,False,train,True
solar_1246,1246,solar,SUTHERLAND,2234,1.5,False,test,True
solar_1247,1247,solar,SUTHERLAND,2234,3.0,False,train,True
solar_1248,1248,solar,SUTHERLAND,2234,1.92,False,train,True
solar_1249,1249,solar,SUTHERLAND,2234,1.5,False,train,True
solar_1250,1250,solar,SUTHERLAND,2234,2.96,False,test,True
solar_1251,1251,solar,SUTHERLAND,2234,2.0,False,train,True
solar_1252,1252,solar,SUTHERLAND,2234,1.52,False,train,True
solar_1253,1253,solar,SUTHERLAND,2234,3.6,False,train,True
solar_1254,1254,solar,SUTHERLAND,2234,3.2,False,train,True
solar_1255,1255,solar,SUTHERLAND,2234,1.5,False,train,True
solar_1256,1256,solar,SUTHERLAND,2234,1.24,False,validation,True
solar_1257,1257,solar,SUTHERLAND,2234,1.65,False,train,True
solar_1258,1258,solar,SUTHERLAND,2234,1.5,False,train,True
solar_1259,1259,solar,SUTHERLAND,2234,1.5,False,train,True
solar_1260,1260,solar,SUTHERLAND,2234,1.5,False,train,True
solar_1261,1261,solar,SUTHERLAND,2234,2.8,False,validation,True
solar_1262,1262,solar,SUTHERLAND,2234,1.52,False,train,True
solar_1263,1263,solar,SUTHERLAND,2234,1.5,False,train,True
solar_1264,1264,solar,SUTHERLAND,2234,1.5,False,train,True
solar_1265,1265,solar,SUTHERLAND,2230,1.5,False,validation,True
solar_1266,1266,solar,SUTHERLAND,2230,2.16,False,train,True
solar_1267,1267,solar,SUTHERLAND,2230,1.68,False,train,True
solar_1268,1268,solar,SUTHERLAND,2230,1.48,False,test,True
solar_1269,1269,solar,SUTHERLAND,2230,2.7,False,train,True
solar_1270,1270,solar,SUTHERLAND,2233,3.42,False,train,True
solar_1271,1271,solar,SUTHERLAND,2233,2.7,False,train,True
solar_1272,1272,solar,SUTHERLAND,2233,1.5,False,validation,True
solar_1273,1273,solar,SUTHERLAND,2233,1.48,False,train,True
solar_1274,1274,solar,SUTHERLAND,2233,1.52,False,train,True
solar_1275,1275,solar,SUTHERLAND,2233,1.5,False,train,True
solar_1276,1276,solar,SUTHERLAND,2233,1.9,False,train,True
solar_1277,1277,solar,SUTHERLAND,2233,1.9,False,validation,True
solar_1278,1278,solar,SUTHERLAND,2233,2.1,False,validation,True
solar_1279,1279,solar,SUTHERLAND,2233,2.1,False,train,True
solar_1280,1280,solar,SUTHERLAND,2233,1.67,False,test,True
solar_1281,1281,solar,SUTHERLAND,2233,1.5,False,train,True
solar_1282,1282,solar,SUTHERLAND,2233,1.0,False,train,True
solar_1283,1283,solar,SUTHERLAND,2233,2.15,False,train,True
solar_1284,1284,solar,SUTHERLAND,2233,2.0,False,validation,True
solar_1285,1285,solar,SUTHERLAND,2233,1.85,False,test,True
solar_1286,1286,solar,SUTHERLAND,2233,3.49,False,test,True
solar_1287,1287,solar,SUTHERLAND,2233,1.52,False,train,True
solar_1288,1288,solar,SUTHERLAND,2233,1.52,False,train,True
solar_1289,1289,solar,SUTHERLAND,2233,1.02,False,train,True
solar_1290,1290,solar,SUTHERLAND,2233,3.24,False,validation,True
solar_1291,1291,solar,SUTHERLAND,2233,1.0,False,train,True
solar_1292,1292,solar,SUTHERLAND,2233,1.0,False,train,True
solar_1293,1293,solar,SUTHERLAND,2233,2.0,False,train,True
solar_1294,1294,solar,SUTHERLAND,2233,5.13,False,test,True
solar_1295,1295,solar,SUTHERLAND,2233,2.88,False,train,True
solar_1296,1296,solar,SUTHERLAND,2233,1.9,False,train,True
solar_1297,1297,solar,SUTHERLAND,2233,1.52,False,test,True
solar_1298,1298,solar,SUTHERLAND,2233,5.0,False,test,True
solar_1299,1299,solar,SUTHERLAND,2233,1.5,False,train,True
solar_1300,1300,solar,SUTHERLAND,2233,2.0,False,train,True
solar_1301,1301,solar,SUTHERLAND,2233,1.5,False,validation,True
solar_1302,1302,solar,SUTHERLAND,2233,2.1,False,train,True
solar_1303,1303,solar,SUTHERLAND,2233,1.65,False,train,True
solar_1304,1304,solar,PORT STEPHENS,2315,1.5,False,train,True
solar_1305,1305,solar,ROCKDALE,2219,2.22,False,validation,True
solar_1306,1306,solar,ROCKDALE,2217,1.5,False,train,True
solar_1307,1307,solar,ROCKDALE,2216,1.5,False,train,True
solar_1308,1308,solar,ROCKDALE,2216,1.47,False,train,True
solar_1309,1309,solar,ROCKDALE,2217,1.52,False,train,True
solar_1310,1310,solar,ROCKDALE,2205,1.48,False,train,True
solar_1311,1311,solar,ROCKDALE,2205,2.28,False,validation,True
solar_1312,1312,solar,ROCKDALE,2216,3.0,False,train,True
solar_1313,1313,solar,ROCKDALE,2216,1.44,False,train,True
solar_1314,1314,solar,ROCKDALE,2205,1.48,False,test,False
solar_1315,1315,solar,ROCKDALE,2205,1.5,False,train,True
solar_1316,1316,solar,ROCKDALE,2205,1.5,False,validation,True
solar_1317,1317,solar,ROCKDALE,2205,1.0,False,validation,True
solar_1318,1318,solar,ROCKDALE,2216,5.0,False,test,True
solar_1319,1319,solar,ROCKDALE,2205,2.1,False,test,True
solar_1320,1320,solar,ROCKDALE,2207,1.5,False,train,True
solar_1321,1321,solar,ROCKDALE,2207,2.28,False,train,True
solar_1322,1322,solar,ROCKDALE,2207,2.24,False,test,True
solar_1323,1323,solar,ROCKDALE,2207,1.44,False,train,True
solar_1324,1324,solar,ROCKDALE,2207,1.48,False,train,True
solar_1325,1325,solar,ROCKDALE,2208,1.52,False,train,True
solar_1326,1326,solar,ROCKDALE,2208,1.5,False,train,False
solar_1327,1327,solar,ROCKDALE,2207,1.9,False,test,True
solar_1328,1328,solar,ROCKDALE,2208,3.0,False,train,True
solar_1329,1329,solar,ROCKDALE,2207,1.5,False,validation,True
solar_1330,1330,solar,ROCKDALE,2207,1.52,False,train,True
solar_1331,1331,solar,ROCKDALE,2207,1.0,False,train,True
solar_1332,1332,solar,ROCKDALE,2207,1.5,False,train,True
solar_1333,1333,solar,ROCKDALE,2207,1.92,False,train,True
solar_1334,1334,solar,ROCKDALE,2207,1.6,False,train,True
solar_1335,1335,solar,ROCKDALE,2207,1.5,False,test,True
solar_1336,1336,solar,ROCKDALE,2207,1.1,False,train,True
solar_1337,1337,solar,ROCKDALE,2207,1.5,False,train,True
solar_1338,1338,solar,ROCKDALE,2216,1.44,False,train,True
solar_1339,1339,solar,ROCKDALE,2207,1.5,False,train,True
solar_1340,1340,solar,ROCKDALE,2207,1.5,False,test,True
solar_1341,1341,solar,ROCKDALE,2207,1.5,False,train,True
solar_1342,1342,solar,ROCKDALE,2218,1.5,False,train,True
solar_1343,1343,solar,ROCKDALE,2218,1.52,False,train,True
solar_1344,1344,solar,ROCKDALE,2218,1.48,False,validation,True
solar_1345,1345,solar,HURSTVILLE,2218,1.92,False,train,True
solar_1346,1346,solar,HURSTVILLE,2220,1.52,False,test,True
solar_1347,1347,solar,HURSTVILLE,2220,2.8,False,train,True
solar_1349,1349,solar,HURSTVILLE,2209,2.4,False,train,True
solar_1350,1350,solar,HURSTVILLE,2220,1.52,False,validation,True
solar_1351,1351,solar,HURSTVILLE,2220,1.0,False,train,True
solar_1352,1352,solar,HURSTVILLE,2220,2.88,False,train,True
solar_1353,1353,solar,HURSTVILLE,2208,1.9,False,train,True
solar_1354,1354,solar,HURSTVILLE,2208,1.72,False,train,True
solar_1355,1355,solar,HURSTVILLE,2208,1.5,False,train,True
solar_1356,1356,solar,HURSTVILLE,2209,1.52,False,train,True
solar_1357,1357,solar,HURSTVILLE,2209,1.52,False,train,True
solar_1358,1358,solar,HURSTVILLE,2210,2.04,False,train,True
solar_1359,1359,solar,HURSTVILLE,2210,1.52,False,train,True
solar_1360,1360,solar,HURSTVILLE,2210,3.7,False,train,True
solar_1361,1361,solar,HURSTVILLE,2210,1.5,False,train,True
solar_1362,1362,solar,HURSTVILLE,2222,1.54,False,validation,True
solar_1363,1363,solar,HURSTVILLE,2222,1.44,False,train,True
solar_1364,1364,solar,HURSTVILLE,2222,1.52,False,train,True
solar_1365,1365,solar,HURSTVILLE,2223,1.52,False,validation,True
solar_1366,1366,solar,HURSTVILLE,2223,1.65,False,train,True
solar_1367,1367,solar,HURSTVILLE,2223,2.8,False,train,True
solar_1368,1368,solar,HURSTVILLE,2223,2.16,False,train,True
solar_1369,1369,solar,HURSTVILLE,2223,1.1,False,train,True
solar_1370,1370,solar,HURSTVILLE,2223,1.5,False,test,True
solar_1371,1371,solar,HURSTVILLE,2223,2.1,False,train,True
solar_1372,1372,solar,HURSTVILLE,2210,2.04,False,train,True
solar_1373,1373,solar,HURSTVILLE,2210,1.5,False,test,True
solar_1374,1374,solar,HURSTVILLE,2210,1.4,False,train,True
solar_1375,1375,solar,HURSTVILLE,2210,2.04,False,train,False
solar_1376,1376,solar,HURSTVILLE,2210,1.28,False,train,True
solar_1377,1377,solar,HURSTVILLE,2210,1.52,False,validation,True
solar_1378,1378,solar,HURSTVILLE,2210,2.2,False,train,True
solar_1379,1379,solar,HURSTVILLE,2210,1.5,False,validation,True
solar_1380,1380,solar,HURSTVILLE,2210,1.5,False,train,True
solar_1381,1381,solar,HURSTVILLE,2210,2.88,False,validation,True
solar_1382,1382,solar,HURSTVILLE,2210,1.5,False,validation,True
solar_1383,1383,solar,HURSTVILLE,2210,4.3,False,train,True
solar_1384,1384,solar,HURSTVILLE,2210,1.5,False,test,True
solar_1385,1385,solar,HURSTVILLE,2210,1.5,False,train,True
solar_1386,1386,solar,HURSTVILLE,2210,2.28,False,train,True
solar_1387,1387,solar,HURSTVILLE,2210,3.06,False,train,True
solar_1388,1388,solar,HURSTVILLE,2210,2.88,False,train,True
solar_1389,1389,solar,HURSTVILLE,2210,2.0,False,validation,True
solar_1390,1390,solar,HURSTVILLE,2210,1.53,False,train,True
solar_1391,1391,solar,HURSTVILLE,2210,1.5,False,train,True
solar_1392,1392,solar,HURSTVILLE,2223,1.52,False,validation,True
solar_1393,1393,solar,HURSTVILLE,2223,3.0,False,test,True
solar_1394,1394,solar,KOGARAH,2223,3.06,False,train,True
solar_1395,1395,solar,KOGARAH,2223,2.3,False,train,True
solar_1396,1396,solar,KOGARAH,2223,1.5,False,validation,True
solar_1397,1397,solar,KOGARAH,2223,5.0,False,validation,True
solar_1398,1398,solar,KOGARAH,2223,2.73,False,train,True
solar_1399,1399,solar,KOGARAH,2220,1.5,False,train,True
solar_1400,1400,solar,KOGARAH,2220,2.09,False,train,True
solar_1401,1401,solar,KOGARAH,2220,1.5,False,test,True
solar_1402,1402,solar,KOGARAH,2220,3.0,False,test,True
solar_1403,1403,solar,KOGARAH,2223,1.44,False,train,True
solar_1404,1404,solar,KOGARAH,2223,1.5,False,train,True
solar_1405,1405,solar,KOGARAH,2223,1.48,False,train,True
solar_1406,1406,solar,KOGARAH,2220,1.5,False,validation,True
solar_1407,1407,solar,KOGARAH,2220,1.5,False,test,True
solar_1408,1408,solar,KOGARAH,2220,1.5,False,train,True
solar_1409,1409,solar,KOGARAH,2221,1.5,False,train,True
solar_1410,1410,solar,KOGARAH,2220,1.5,False,train,True
solar_1411,1411,solar,KOGARAH,2220,3.06,False,train,True
solar_1412,1412,solar,KOGARAH,2221,2.05,False,train,True
solar_1413,1413,solar,KOGARAH,2221,1.53,False,train,True
solar_1414,1414,solar,KOGARAH,2221,1.5,False,train,True
solar_1415,1415,solar,KOGARAH,2221,1.72,False,train,True
solar_1416,1416,solar,KOGARAH,2221,2.66,False,train,True
solar_1417,1417,solar,KOGARAH,2217,1.92,False,train,True
solar_1418,1418,solar,KOGARAH,2220,1.52,False,test,True
solar_1419,1419,solar,KOGARAH,2218,1.62,False,validation,True
solar_1420,1420,solar,KOGARAH,2218,2.4,False,test,True
solar_1421,1421,solar,KOGARAH,2218,1.52,False,train,True
solar_1422,1422,solar,KOGARAH,2221,1.5,False,validation,True
solar_1423,1423,solar,KOGARAH,2218,1.47,False,train,True
solar_1424,1424,solar,KOGARAH,2218,2.04,False,validation,True
solar_1425,1425,solar,KOGARAH,2217,1.52,False,train,True
solar_1426,1426,solar,KOGARAH,2217,1.96,False,train,True
solar_1427,1427,solar,KOGARAH,2219,5.17,False,train,True
solar_1428,1428,solar,KOGARAH,2219,1.44,False,train,True
solar_1429,1429,solar,BANKSTOWN,2200,1.5,False,validation,True
solar_1430,1430,solar,BANKSTOWN,2196,2.04,False,train,True
solar_1431,1431,solar,BANKSTOWN,2200,1.9,False,train,True
solar_1432,1432,solar,BANKSTOWN,2196,1.5,False,validation,True
solar_1434,1434,solar,BANKSTOWN,2190,1.6,False,validation,True
solar_1435,1435,solar,BANKSTOWN,2190,1.48,False,validation,True
solar_1436,1436,solar,BANKSTOWN,2190,2.88,False,train,True
solar_1437,1437,solar,BANKSTOWN,2190,1.9,False,train,True
solar_1438,1438,solar,BANKSTOWN,2190,1.52,False,train,True
solar_1439,1439,solar,BANKSTOWN,2190,1.52,False,test,True
solar_1440,1440,solar,BANKSTOWN,2190,1.44,False,train,True
solar_1441,1441,solar,BANKSTOWN,2190,1.52,False,train,True
solar_1442,1442,solar,BANKSTOWN,2190,2.99,False,train,True
solar_1443,1443,solar,BANKSTOWN,2200,1.8,False,train,True
solar_1444,1444,solar,BANKSTOWN,2200,1.5,False,train,True
solar_1445,1445,solar,BANKSTOWN,2199,2.09,False,train,True
solar_1446,1446,solar,BANKSTOWN,2200,1.8,False,train,True
solar_1447,1447,solar,BANKSTOWN,2199,1.48,False,validation,True
solar_1448,1448,solar,BANKSTOWN,2198,2.23,False,train,True
solar_1449,1449,solar,BANKSTOWN,2198,1.52,False,validation,True
solar_1450,1450,solar,BANKSTOWN,2198,1.61,False,train,True
solar_1451,1451,solar,BANKSTOWN,2198,3.04,False,train,True
solar_1452,1452,solar,BANKSTOWN,2198,1.98,False,train,True
solar_1453,1453,solar,BANKSTOWN,2198,1.5,False,test,True
solar_1454,1454,solar,BANKSTOWN,2197,1.5,False,validation,True
solar_1455,1455,solar,BANKSTOWN,2162,1.7,False,train,True
solar_1456,1456,solar,BANKSTOWN,2162,3.0,False,test,True
solar_1457,1457,solar,BANKSTOWN,2162,1.9,False,train,True
solar_1458,1458,solar,BANKSTOWN,2162,1.53,False,train,True
solar_1459,1459,solar,BANKSTOWN,2162,1.72,False,train,True
solar_1460,1460,solar,BANKSTOWN,2162,2.0,False,train,True
solar_1461,1461,solar,BANKSTOWN,2162,1.02,False,test,True
solar_1462,1462,solar,BANKSTOWN,2162,1.8,False,train,True
solar_1463,1463,solar,BANKSTOWN,2162,1.71,False,train,True
solar_1464,1464,solar,BANKSTOWN,2162,1.48,False,train,True
solar_1465,1465,solar,BANKSTOWN,2162,2.88,False,test,True
solar_1466,1466,solar,BANKSTOWN,2162,1.5,False,train,True
solar_1467,1467,solar,BANKSTOWN,2143,1.44,False,train,True
solar_1468,1468,solar,BANKSTOWN,2162,1.72,False,test,True
solar_1469,1469,solar,BANKSTOWN,2162,1.6,False,train,True
solar_1470,1470,solar,BANKSTOWN,2197,1.5,False,train,True
solar_1471,1471,solar,BANKSTOWN,2197,1.5,False,train,True
solar_1472,1472,solar,BANKSTOWN,2162,1.52,False,validation,True
solar_1473,1473,solar,BANKSTOWN,2162,1.8,False,validation,True
solar_1474,1474,solar,BANKSTOWN,2199,2.5,False,validation,True
solar_1475,1475,solar,BANKSTOWN,2199,1.44,False,train,True
solar_1476,1476,solar,BANKSTOWN,2143,1.5,False,train,True
solar_1477,1477,solar,BANKSTOWN,2199,1.5,False,train,True
solar_1478,1478,solar,BANKSTOWN,2199,2.5,False,test,True
solar_1479,1479,solar,BANKSTOWN,2199,1.52,False,train,True
solar_1480,1480,solar,BANKSTOWN,2143,2.15,False,train,True
solar_1481,1481,solar,BANKSTOWN,2212,1.5,False,train,True
solar_1482,1482,solar,BANKSTOWN,2211,1.8,False,train,True
solar_1483,1483,solar,BANKSTOWN,2212,1.53,False,train,True
solar_1484,1484,solar,BANKSTOWN,2211,1.94,False,train,True
solar_1485,1485,solar,BANKSTOWN,2211,2.0,False,test,True
solar_1486,1486,solar,BANKSTOWN,2211,2.04,False,test,True
solar_1487,1487,solar,BANKSTOWN,2211,2.28,False,train,True
solar_1488,1488,solar,BANKSTOWN,2211,1.68,False,train,True
solar_1489,1489,solar,BANKSTOWN,2212,1.85,False,test,True
solar_1490,1490,solar,CANTERBURY,2196,3.99,False,train,True
solar_1491,1491,solar,CANTERBURY,2209,1.5,False,validation,True
solar_1492,1492,solar,CANTERBURY,2196,2.8,False,train,True
solar_1493,1493,solar,CANTERBURY,2196,1.02,False,train,True
solar_1494,1494,solar,CANTERBURY,2209,1.48,False,validation,True
solar_1495,1495,solar,CANTERBURY,2209,1.52,False,train,True
solar_1496,1496,solar,CANTERBURY,2209,1.52,False,train,True
solar_1497,1497,solar,CANTERBURY,2210,1.5,False,test,True
solar_1498,1498,solar,CANTERBURY,2196,1.5,False,train,True
solar_1499,1499,solar,CANTERBURY,2196,2.22,False,train,True
solar_1500,1500,solar,CANTERBURY,2196,2.52,False,train,True
solar_1501,1501,solar,CANTERBURY,2210,1.52,False,test,True
solar_1502,1502,solar,CANTERBURY,2210,1.5,False,train,True
solar_1503,1503,solar,CANTERBURY,2210,1.65,False,validation,True
solar_1504,1504,solar,CANTERBURY,2195,1.44,False,train,False
solar_1505,1505,solar,CANTERBURY,2195,2.0,False,train,True
solar_1506,1506,solar,CANTERBURY,2195,3.4,False,test,True
solar_1507,1507,solar,CANTERBURY,2196,1.52,False,train,True
solar_1508,1508,solar,STRATHFIELD,2140,2.3,False,train,True
solar_1509,1509,solar,STRATHFIELD,2140,1.52,False,validation,True
solar_1510,1510,solar,STRATHFIELD,2140,2.8,False,test,False
solar_1511,1511,solar,STRATHFIELD,2140,4.07,False,train,True
solar_1512,1512,solar,STRATHFIELD,2140,1.5,False,train,True
solar_1513,1513,solar,AUBURN,2141,1.47,False,train,True
solar_1514,1514,solar,AUBURN,2141,1.52,False,test,True
solar_1515,1515,solar,AUBURN,2141,1.72,False,train,True
solar_1516,1516,solar,AUBURN,2141,1.9,False,validation,True
solar_1517,1517,solar,AUBURN,2141,1.5,False,train,True
solar_1518,1518,solar,AUBURN,2141,2.16,False,train,True
solar_1519,1519,solar,AUBURN,2141,1.52,False,train,True
solar_1520,1520,solar,AUBURN,2141,1.5,False,train,True
solar_1521,1521,solar,AUBURN,2141,1.44,False,train,True
solar_1522,1522,solar,AUBURN,2141,1.5,False,train,True
solar_1523,1523,solar,AUBURN,2141,1.52,False,train,True
solar_1524,1524,solar,AUBURN,2141,2.0,False,validation,True
solar_1525,1525,solar,AUBURN,2141,1.48,False,validation,True
solar_1526,1526,solar,AUBURN,2141,1.72,False,train,True
solar_1527,1527,solar,AUBURN,2141,1.52,False,train,True
solar_1528,1528,solar,AUBURN,2143,1.5,False,validation,True
solar_1529,1529,solar,AUBURN,2143,2.96,False,train,True
solar_1530,1530,solar,AUBURN,2141,1.53,False,test,True
solar_1531,1531,solar,AUBURN,2141,1.53,False,train,True
solar_1532,1532,solar,AUBURN,2141,2.0,False,validation,True
solar_1533,1533,solar,AUBURN,2141,1.02,False,validation,True
solar_1534,1534,solar,AUBURN,2128,1.49,False,train,True
solar_1536,1536,solar,AUBURN,2144,1.49,False,train,True
solar_1537,1537,solar,AUBURN,2144,1.5,False,train,True
solar_1538,1538,solar,AUBURN,2144,2.28,False,train,True
solar_1539,1539,solar,AUBURN,2144,1.5,False,train,True
solar_1540,1540,solar,AUBURN,2144,2.64,False,train,True
solar_1541,1541,solar,AUBURN,2144,2.0,False,test,True
solar_1542,1542,solar,AUBURN,2144,1.52,False,train,True
solar_1543,1543,solar,AUBURN,2144,1.8,False,validation,True
solar_1544,1544,solar,AUBURN,2144,1.02,False,train,True
solar_1545,1545,solar,AUBURN,2144,2.2,False,train,True
solar_1546,1546,solar,AUBURN,2144,1.5,False,test,True
solar_1547,1547,solar,AUBURN,2144,1.0,False,train,True
solar_1548,1548,solar,BANKSTOWN,2211,1.5,False,train,True
solar_1549,1549,solar,BANKSTOWN,2212,2.0,False,train,True
solar_1550,1550,solar,BANKSTOWN,2211,1.5,False,train,True
solar_1551,1551,solar,BANKSTOWN,2212,2.96,False,train,True
solar_1552,1552,solar,BANKSTOWN,2212,1.5,False,train,True
solar_1553,1553,solar,BANKSTOWN,2212,1.5,False,train,False
solar_1554,1554,solar,BANKSTOWN,2212,1.5,False,test,True
solar_1555,1555,solar,BANKSTOWN,2212,2.96,False,train,True
solar_1556,1556,solar,BANKSTOWN,2213,1.5,False,train,True
solar_1557,1557,solar,BANKSTOWN,2213,1.48,False,test,True
solar_1558,1558,solar,BANKSTOWN,2213,1.53,False,train,True
solar_1559,1559,solar,BANKSTOWN,2213,1.5,False,validation,True
solar_1560,1560,solar,BANKSTOWN,2213,2.04,False,train,True
solar_1561,1561,solar,BANKSTOWN,2214,1.5,False,train,True
solar_1562,1562,solar,BANKSTOWN,2214,1.52,False,train,True
solar_1563,1563,solar,BANKSTOWN,2214,2.22,False,train,True
solar_1564,1564,solar,BANKSTOWN,2214,1.4,False,train,True
solar_1565,1565,solar,BANKSTOWN,2214,2.06,False,test,True
solar_1566,1566,solar,BANKSTOWN,2214,3.24,False,train,True
solar_1567,1567,solar,BANKSTOWN,2213,1.5,False,train,True
solar_1568,1568,solar,BANKSTOWN,2213,1.44,False,test,True
solar_1569,1569,solar,BANKSTOWN,2213,4.2,False,train,True
solar_1570,1570,solar,BANKSTOWN,2213,1.52,False,train,True
solar_1571,1571,solar,BANKSTOWN,2213,1.5,False,train,True
solar_1572,1572,solar,BANKSTOWN,2200,3.0,False,train,True
solar_1573,1573,solar,BANKSTOWN,2200,1.52,False,test,True
solar_1574,1574,solar,BANKSTOWN,2200,1.52,False,train,True
solar_1575,1575,solar,BANKSTOWN,2200,1.0,False,train,True
solar_1576,1576,solar,BANKSTOWN,2200,3.33,False,train,True
solar_1577,1577,solar,BANKSTOWN,2200,1.14,False,train,True
solar_1578,1578,solar,BANKSTOWN,2200,1.44,False,train,True
solar_1579,1579,solar,BANKSTOWN,2200,1.52,False,train,True
solar_1580,1580,solar,STRATHFIELD,2135,1.5,False,train,True
solar_1581,1581,solar,STRATHFIELD,2135,5.32,False,train,True
solar_1582,1582,solar,STRATHFIELD,2140,2.0,False,train,True
solar_1583,1583,solar,STRATHFIELD,2135,1.5,False,validation,False
solar_1584,1584,solar,STRATHFIELD,2135,2.96,False,train,True
solar_1585,1585,solar,BURWOOD,2135,4.5,False,validation,True
solar_1586,1586,solar,BURWOOD,2134,1.52,False,train,True
solar_1587,1587,solar,BURWOOD,2134,1.52,False,train,True
solar_1588,1588,solar,BURWOOD,2134,1.85,False,train,True
solar_1589,1589,solar,BURWOOD,2135,1.72,False,validation,True
solar_1590,1590,solar,CANADA BAY,2137,1.5,False,train,True
solar_1591,1591,solar,CANADA BAY,2138,1.36,False,test,False
solar_1592,1592,solar,CANADA BAY,2138,1.93,False,validation,True
solar_1593,1593,solar,CANADA BAY,2138,3.9,False,test,True
solar_1594,1594,solar,CANADA BAY,2138,1.44,False,train,True
solar_1595,1595,solar,CANADA BAY,2138,1.53,False,train,True
solar_1596,1596,solar,CANADA BAY,2137,2.85,False,test,True
solar_1597,1597,solar,CANADA BAY,2137,2.96,False,validation,True
solar_1598,1598,solar,CANADA BAY,2137,2.88,False,train,True
solar_1599,1599,solar,CANADA BAY,2137,1.5,False,train,True
solar_1600,1600,solar,CANADA BAY,2137,1.52,False,train,True
solar_1601,1601,solar,CANADA BAY,2137,1.62,False,train,True
solar_1602,1602,solar,CANADA BAY,2137,5.13,False,train,True
solar_1603,1603,solar,CANADA BAY,2137,2.8,False,test,True
solar_1604,1604,solar,CANADA BAY,2137,1.02,False,train,False
solar_1605,1605,solar,CANADA BAY,2046,1.5,False,train,True
solar_1606,1606,solar,CANADA BAY,2046,5.13,False,test,True
solar_1607,1607,solar,CANADA BAY,2046,4.2,False,train,True
solar_1608,1608,solar,CANADA BAY,2046,2.1,False,train,True
solar_1609,1609,solar,CANADA BAY,2046,1.5,False,train,True
solar_1610,1610,solar,CANADA BAY,2047,1.5,False,test,True
solar_1611,1611,solar,CANADA BAY,2047,1.76,False,train,False
solar_1612,1612,solar,CANADA BAY,2046,3.04,False,test,True
solar_1613,1613,solar,CANADA BAY,2046,1.02,False,train,True
solar_1614,1614,solar,CANADA BAY,2046,2.47,False,train,True
solar_1615,1615,solar,CANADA BAY,2046,1.9,False,train,True
solar_1616,1616,solar,CANADA BAY,2046,2.1,False,train,True
solar_1617,1617,solar,CANADA BAY,2046,1.5,False,train,True
solar_1618,1618,solar,CANADA BAY,2046,1.4,False,test,True
solar_1619,1619,solar,CANADA BAY,2046,1.5,False,validation,True
solar_1620,1620,solar,ASHFIELD,2045,1.88,False,train,True
solar_1621,1621,solar,LEICHHARDT,2039,3.0,False,test,True
solar_1622,1622,solar,LEICHHARDT,2039,3.0,False,test,True
solar_1623,1623,solar,LEICHHARDT,2039,3.82,False,train,True
solar_1624,1624,solar,LEICHHARDT,2041,1.5,False,test,True
solar_1625,1625,solar,LEICHHARDT,2041,1.52,False,train,True
solar_1626,1626,solar,LEICHHARDT,2041,1.5,False,train,True
solar_1627,1627,solar,LEICHHARDT,2041,1.5,False,validation,True
solar_1628,1628,solar,LEICHHARDT,2041,2.3,False,train,True
solar_1629,1629,solar,LEICHHARDT,2039,1.5,False,train,True
solar_1630,1630,solar,LEICHHARDT,2041,1.5,False,test,True
solar_1631,1631,solar,LEICHHARDT,2039,5.72,False,train,True
solar_1632,1632,solar,LEICHHARDT,2040,1.64,False,validation,True
solar_1633,1633,solar,LEICHHARDT,2040,2.1,False,test,True
solar_1634,1634,solar,SYDNEY,2037,1.5,False,train,True
solar_1635,1635,solar,SYDNEY,2037,1.8,False,validation,True
solar_1636,1636,solar,SYDNEY,2037,2.0,False,validation,True
solar_1637,1637,solar,SYDNEY,2037,1.05,False,train,True
solar_1638,1638,solar,SYDNEY,2037,1.5,False,train,True
solar_1639,1639,solar,SYDNEY,2037,1.5,False,validation,True
solar_1640,1640,solar,LEICHHARDT,2038,1.5,False,train,True
solar_1641,1641,solar,LEICHHARDT,2038,1.5,False,train,True
solar_1642,1642,solar,LEICHHARDT,2038,1.5,False,train,True
solar_1643,1643,solar,LEICHHARDT,2038,1.5,False,validation,True
solar_1644,1644,solar,LEICHHARDT,2038,3.96,False,validation,True
solar_1645,1645,solar,LEICHHARDT,2038,1.53,False,train,True
solar_1646,1646,solar,LEICHHARDT,2040,1.5,False,test,True
solar_1647,1647,solar,LEICHHARDT,2040,1.8,False,train,True
solar_1648,1648,solar,ASHFIELD,2130,1.41,False,train,True
solar_1650,1650,solar,ASHFIELD,2131,2.9,False,train,True
solar_1651,1651,solar,ASHFIELD,2131,1.6,False,train,True
solar_1652,1652,solar,ASHFIELD,2130,1.52,False,validation,True
solar_1653,1653,solar,ASHFIELD,2130,1.5,False,train,True
solar_1654,1654,solar,ASHFIELD,2130,2.48,False,train,True
solar_1655,1655,solar,ASHFIELD,2130,3.7,False,test,True
solar_1656,1656,solar,ASHFIELD,2130,1.9,False,validation,True
solar_1657,1657,solar,ASHFIELD,2193,1.2,False,validation,True
solar_1658,1658,solar,ASHFIELD,2131,3.0,False,train,True
solar_1659,1659,solar,ASHFIELD,2131,1.52,False,validation,True
solar_1660,1660,solar,ASHFIELD,2131,3.0,False,train,True
solar_1661,1661,solar,ASHFIELD,2131,1.1,False,test,True
solar_1662,1662,solar,ASHFIELD,2131,1.5,False,train,True
solar_1663,1663,solar,ASHFIELD,2133,1.5,False,train,True
solar_1664,1664,solar,BURWOOD,2132,1.5,False,test,True
solar_1665,1665,solar,BURWOOD,2132,2.2,False,train,True
solar_1666,1666,solar,BURWOOD,2133,3.1,False,validation,True
solar_1667,1667,solar,BURWOOD,2136,1.5,False,train,True
solar_1668,1668,solar,BURWOOD,2136,1.65,False,train,True
solar_1669,1669,solar,BURWOOD,2133,3.04,False,validation,True
solar_1670,1670,solar,BURWOOD,2133,1.5,False,train,True
solar_1671,1671,solar,CANTERBURY,2133,3.5,False,train,True
solar_1672,1672,solar,CANTERBURY,2133,1.44,False,validation,True
solar_1673,1673,solar,CANTERBURY,2133,1.5,False,validation,True
solar_1674,1674,solar,CANTERBURY,2133,2.0,False,test,True
solar_1675,1675,solar,CANTERBURY,2133,1.52,False,train,True
solar_1676,1676,solar,CANTERBURY,2193,1.44,False,train,True
solar_1677,1677,solar,CANTERBURY,2193,1.52,False,validation,True
solar_1678,1678,solar,CANTERBURY,2193,1.5,False,validation,True
solar_1679,1679,solar,CANTERBURY,2193,1.48,False,train,True
solar_1680,1680,solar,CANTERBURY,2193,1.5,False,train,True
solar_1681,1681,solar,CANTERBURY,2206,1.02,False,train,True
solar_1682,1682,solar,CANTERBURY,2206,2.66,False,train,True
solar_1683,1683,solar,CANTERBURY,2206,1.5,False,test,True
solar_1684,1684,solar,CANTERBURY,2208,1.52,False,train,True
solar_1685,1685,solar,CANTERBURY,2208,9.95,False,test,True
solar_1686,1686,solar,CANTERBURY,2208,1.5,False,train,True
solar_1687,1687,solar,CANTERBURY,2206,1.5,False,train,True
solar_1688,1688,solar,CANTERBURY,2194,1.9,False,test,True
solar_1689,1689,solar,CANTERBURY,2194,3.04,False,train,True
solar_1690,1690,solar,CANTERBURY,2208,2.04,False,train,True
solar_1691,1691,solar,CANTERBURY,2208,1.8,False,train,True
solar_1692,1692,solar,CANTERBURY,2208,1.5,False,validation,True
solar_1693,1693,solar,CANTERBURY,2196,1.5,False,train,True
solar_1694,1694,solar,CANTERBURY,2196,1.52,False,train,True
solar_1695,1695,solar,CANTERBURY,2195,1.52,False,train,True
solar_1696,1696,solar,CANTERBURY,2192,1.5,False,train,True
solar_1697,1697,solar,CANTERBURY,2192,1.5,False,train,True
solar_1698,1698,solar,CANTERBURY,2192,1.5,False,train,True
solar_1699,1699,solar,CANTERBURY,2194,1.52,False,train,False
solar_1700,1700,solar,CANTERBURY,2194,1.52,False,train,True
solar_1701,1701,solar,CANTERBURY,2194,2.3,False,train,True
solar_1702,1702,solar,CANTERBURY,2194,3.0,False,train,True
solar_1703,1703,solar,CANTERBURY,2191,2.0,False,train,True
solar_1704,1704,solar,STRATHFIELD,2191,1.5,False,train,True
solar_1705,1705,solar,STRATHFIELD,2191,3.04,False,validation,True
solar_1706,1706,solar,STRATHFIELD,2136,1.52,False,train,True
solar_1707,1707,solar,STRATHFIELD,2191,2.5,False,train,True
solar_1708,1708,solar,GOSFORD,2251,2.04,False,train,True
solar_1709,1709,solar,RANDWICK,2035,2.35,False,test,True
solar_1710,1710,solar,RANDWICK,2035,1.5,False,train,True
solar_1711,1711,solar,RANDWICK,2035,1.44,False,train,True
solar_1712,1712,solar,RANDWICK,2035,1.5,False,train,True
solar_1713,1713,solar,RANDWICK,2032,1.5,False,train,True
solar_1714,1714,solar,RANDWICK,2032,2.0,False,train,True
solar_1715,1715,solar,RANDWICK,2032,1.95,False,train,True
solar_1716,1716,solar,RANDWICK,2033,1.5,False,train,True
solar_1717,1717,solar,RANDWICK,2033,7.95,False,train,True
solar_1718,1718,solar,RANDWICK,2033,1.98,False,train,True
solar_1719,1719,solar,RANDWICK,2033,1.52,False,train,False
solar_1720,1720,solar,WOOLLAHRA,2021,3.3,False,train,True
solar_1721,1721,solar,WOOLLAHRA,2021,1.48,False,test,True
solar_1722,1722,solar,WOOLLAHRA,2023,2.28,False,train,True
solar_1723,1723,solar,WOOLLAHRA,2023,1.85,False,train,True
solar_1724,1724,solar,WOOLLAHRA,2023,4.08,False,train,True
solar_1725,1725,solar,WOOLLAHRA,2029,1.5,False,train,True
solar_1726,1726,solar,WAVERLEY,2030,1.5,False,train,True
solar_1727,1727,solar,WAVERLEY,2026,2.16,False,train,True
solar_1728,1728,solar,WAVERLEY,2026,1.52,False,test,True
solar_1729,1729,solar,WAVERLEY,2026,1.65,False,train,True
solar_1730,1730,solar,WAVERLEY,2026,1.6,False,validation,True
solar_1731,1731,solar,WAVERLEY,2026,1.6,False,test,True
solar_1732,1732,solar,WOOLLAHRA,2030,3.0,False,train,True
solar_1733,1733,solar,BOTANY BAY,2032,3.6,False,train,True
solar_1734,1734,solar,BOTANY BAY,2018,2.8,False,train,True
solar_1735,1735,solar,BOTANY BAY,2020,1.5,False,train,True
solar_1736,1736,solar,BOTANY BAY,2018,1.4,False,train,True
solar_1737,1737,solar,BOTANY BAY,2020,1.5,False,train,True
solar_1738,1738,solar,BOTANY BAY,2020,2.09,False,train,True
solar_1739,1739,solar,BOTANY BAY,2019,1.52,False,train,True
solar_1740,1740,solar,BOTANY BAY,2019,2.2,False,train,True
solar_1741,1741,solar,BOTANY BAY,2019,3.0,False,validation,True
solar_1742,1742,solar,BOTANY BAY,2019,1.53,False,train,True
solar_1743,1743,solar,BOTANY BAY,2019,1.5,False,train,True
solar_1744,1744,solar,BOTANY BAY,2036,3.42,False,train,True
solar_1745,1745,solar,BOTANY BAY,2035,1.92,False,validation,True
solar_1746,1746,solar,BOTANY BAY,2035,1.5,False,train,True
solar_1747,1747,solar,BOTANY BAY,2035,1.5,False,test,True
solar_1748,1748,solar,WAVERLEY,2022,1.68,False,train,True
solar_1749,1749,solar,WAVERLEY,2024,2.1,False,train,True
solar_1750,1750,solar,WAVERLEY,2024,1.4,False,test,True
solar_1751,1751,solar,WAVERLEY,2024,1.1,False,train,True
solar_1752,1752,solar,WAVERLEY,2024,3.04,False,validation,True
solar_1753,1753,solar,RANDWICK,2031,1.5,False,train,True
solar_1754,1754,solar,RANDWICK,2031,1.6,False,test,True
solar_1755,1755,solar,RANDWICK,2031,1.5,False,train,True
solar_1756,1756,solar,RANDWICK,2031,2.0,False,test,True
solar_1757,1757,solar,RANDWICK,2031,2.24,False,test,True
solar_1758,1758,solar,RANDWICK,2031,1.5,False,train,True
solar_1759,1759,solar,RANDWICK,2031,1.7,False,train,True
solar_1760,1760,solar,RANDWICK,2034,1.52,False,train,True
solar_1761,1761,solar,RANDWICK,2034,1.52,False,train,True
solar_1762,1762,solar,RANDWICK,2034,2.52,False,train,True
solar_1763,1763,solar,RANDWICK,2034,1.05,False,train,True
solar_1764,1764,solar,RANDWICK,2034,1.5,False,test,True
solar_1765,1765,solar,RANDWICK,2034,1.5,False,train,True
solar_1766,1766,solar,RANDWICK,2031,1.02,False,train,True
solar_1767,1767,solar,RANDWICK,2034,1.08,False,test,True
solar_1768,1768,solar,RANDWICK,2034,2.73,False,train,True
solar_1769,1769,solar,RANDWICK,2034,1.05,False,test,True
solar_1770,1770,solar,RANDWICK,2034,2.16,False,train,True
solar_1771,1771,solar,RANDWICK,2035,1.53,False,test,True
solar_1772,1772,solar,RANDWICK,2035,1.5,False,test,True
solar_1773,1773,solar,RANDWICK,2035,4.8,False,train,True
solar_1774,1774,solar,RANDWICK,2035,2.59,False,test,True
solar_1775,1775,solar,RANDWICK,2035,2.66,False,train,True
solar_1776,1776,solar,RANDWICK,2035,1.52,False,validation,True
solar_1777,1777,solar,RANDWICK,2036,1.52,False,train,False
solar_1778,1778,solar,RANDWICK,2036,5.28,False,train,True
solar_1779,1779,solar,RANDWICK,2036,2.4,False,train,True
solar_1780,1780,solar,RANDWICK,2036,1.1,False,test,True
solar_1781,1781,solar,RANDWICK,2036,1.52,False,test,True
solar_1782,1782,solar,RANDWICK,2036,1.5,False,test,True
solar_1783,1783,solar,GOSFORD,2251,2.22,False,train,True
solar_1784,1784,solar,LAKE MACQUARIE,2283,3.33,False,train,True
solar_1785,1785,solar,MARRICKVILLE,2048,1.5,False,validation,True
solar_1786,1786,solar,MARRICKVILLE,2048,1.5,False,validation,True
solar_1787,1787,solar,MARRICKVILLE,2049,4.2,False,train,True
solar_1788,1788,solar,MARRICKVILLE,2048,1.5,False,train,True
solar_1789,1789,solar,MARRICKVILLE,2049,2.73,False,train,True
solar_1790,1790,solar,MARRICKVILLE,2049,1.5,False,train,True
solar_1791,1791,solar,MARRICKVILLE,2203,1.5,False,validation,True
solar_1792,1792,solar,MARRICKVILLE,2203,2.09,False,validation,True
solar_1793,1793,solar,MARRICKVILLE,2049,2.2,False,train,True
solar_1794,1794,solar,MARRICKVILLE,2203,1.62,False,train,True
solar_1795,1795,solar,MARRICKVILLE,2203,1.5,False,test,True
solar_1796,1796,solar,MARRICKVILLE,2203,1.0,False,train,True
solar_1797,1797,solar,MARRICKVILLE,2049,1.1,False,train,True
solar_1798,1798,solar,MARRICKVILLE,2203,1.52,False,train,True
solar_1799,1799,solar,MARRICKVILLE,2203,2.0,False,validation,False
solar_1800,1800,solar,MARRICKVILLE,2204,1.68,False,train,True
solar_1801,1801,solar,MARRICKVILLE,2204,5.0,False,validation,True
solar_1802,1802,solar,MARRICKVILLE,2204,2.96,False,train,True
solar_1803,1803,solar,MARRICKVILLE,2204,2.0,False,train,True
solar_1804,1804,solar,MARRICKVILLE,2204,1.9,False,train,True
solar_1805,1805,solar,MARRICKVILLE,2203,3.0,False,train,True
solar_1806,1806,solar,MARRICKVILLE,2204,2.04,False,validation,True
solar_1807,1807,solar,MARRICKVILLE,2204,1.52,False,train,True
solar_1808,1808,solar,MARRICKVILLE,2204,2.1,False,validation,True
solar_1809,1809,solar,MARRICKVILLE,2204,1.5,False,train,True
solar_1810,1810,solar,MARRICKVILLE,2044,1.5,False,train,True
solar_1811,1811,solar,MARRICKVILLE,2044,3.36,False,train,True
solar_1812,1812,solar,MARRICKVILLE,2044,1.5,False,train,True
solar_1813,1813,solar,MARRICKVILLE,2044,8.0,False,train,True
solar_1814,1814,solar,SYDNEY,2008,1.5,False,test,True
solar_1815,1815,solar,SYDNEY,2016,1.8,False,train,True
solar_1816,1816,solar,SYDNEY,2018,7.02,False,train,True
solar_1817,1817,solar,SYDNEY,2018,1.34,False,train,True
solar_1818,1818,solar,SYDNEY,2018,1.9,False,train,True
solar_1819,1819,solar,SYDNEY,2018,2.1,False,train,True
solar_1820,1820,solar,SYDNEY,2018,4.32,False,test,True
solar_1821,1821,solar,SYDNEY,2010,1.5,False,validation,True
solar_1822,1822,solar,MARRICKVILLE,2050,1.52,False,validation,True
solar_1823,1823,solar,MARRICKVILLE,2048,2.8,False,train,True
solar_1824,1824,solar,SYDNEY,2015,1.48,False,train,True
solar_1826,1826,solar,SYDNEY,2043,1.48,False,validation,True
solar_1827,1827,solar,SYDNEY,2043,1.44,False,train,True
solar_1828,1828,solar,SYDNEY,2043,1.5,False,train,True
solar_1829,1829,solar,SYDNEY,2043,1.5,False,train,True
solar_1830,1830,solar,SYDNEY,2043,1.5,False,train,True
solar_1831,1831,solar,MARRICKVILLE,2042,1.5,False,train,True
solar_1832,1832,solar,SYDNEY,2042,1.5,False,train,True
solar_1833,1833,solar,MARRICKVILLE,2042,3.0,False,test,True
solar_1834,1834,solar,MARRICKVILLE,2042,1.5,False,train,True
solar_1835,1835,solar,MARRICKVILLE,2042,1.5,False,train,True
solar_1836,1836,solar,CESSNOCK,2325,1.46,False,validation,True
solar_1837,1837,solar,LAKE MACQUARIE,2264,1.5,False,test,False
solar_1838,1838,solar,HORNSBY,2083,1.9,False,test,True
solar_1839,1839,solar,HORNSBY,2081,1.5,False,train,True
solar_1840,1840,solar,HORNSBY,2081,2.0,False,train,True
solar_1841,1841,solar,HORNSBY,2081,2.22,False,test,True
solar_1842,1842,solar,HORNSBY,2081,1.5,False,validation,True
solar_1843,1843,solar,HORNSBY,2081,5.04,False,train,True
solar_1844,1844,solar,HORNSBY,2082,5.04,False,train,True
solar_1845,1845,solar,HORNSBY,2082,1.5,False,train,True
solar_1846,1846,solar,HORNSBY,2082,3.15,False,train,True
solar_1847,1847,solar,HORNSBY,2082,1.5,False,validation,True
solar_1848,1848,solar,HORNSBY,2082,1.5,False,train,True
solar_1849,1849,solar,HORNSBY,2082,1.5,False,test,True
solar_1850,1850,solar,HORNSBY,2082,1.5,False,train,True
solar_1851,1851,solar,HORNSBY,2082,2.09,False,train,True
solar_1852,1852,solar,HORNSBY,2082,1.65,False,train,True
solar_1853,1853,solar,HORNSBY,2082,3.15,False,train,True
solar_1854,1854,solar,HORNSBY,2081,5.7,False,validation,True
solar_1855,1855,solar,HORNSBY,2081,2.4,False,validation,True
solar_1856,1856,solar,HORNSBY,2080,1.5,False,validation,True
solar_1857,1857,solar,HORNSBY,2079,1.5,False,validation,True
solar_1858,1858,solar,HORNSBY,2079,2.6,False,test,True
solar_1859,1859,solar,HORNSBY,2079,1.9,False,train,True
solar_1860,1860,solar,HORNSBY,2079,1.5,False,test,True
solar_1861,1861,solar,HORNSBY,2077,1.52,False,validation,True
solar_1862,1862,solar,HORNSBY,2077,1.53,False,test,True
solar_1863,1863,solar,HORNSBY,2077,1.52,False,test,True
solar_1864,1864,solar,HORNSBY,2077,2.03,False,train,True
solar_1865,1865,solar,HORNSBY,2077,1.57,False,train,True
solar_1866,1866,solar,HORNSBY,2077,1.48,False,train,True
solar_1867,1867,solar,HORNSBY,2077,1.5,False,train,False
solar_1868,1868,solar,HORNSBY,2077,1.58,False,validation,True
solar_1869,1869,solar,HORNSBY,2077,1.5,False,train,True
solar_1870,1870,solar,HORNSBY,2077,1.02,False,validation,True
solar_1871,1871,solar,HORNSBY,2077,1.5,False,train,True
solar_1872,1872,solar,HORNSBY,2077,1.52,False,validation,True
solar_1873,1873,solar,HORNSBY,2077,1.52,False,train,True
solar_1874,1874,solar,HORNSBY,2077,2.5,False,train,True
solar_1875,1875,solar,HORNSBY,2077,1.5,False,test,True
solar_1876,1876,solar,HORNSBY,2077,1.52,False,train,True
solar_1877,1877,solar,HORNSBY,2077,1.44,False,train,True
solar_1878,1878,solar,HORNSBY,2076,3.24,False,train,True
solar_1879,1879,solar,HORNSBY,2077,1.02,False,test,True
solar_1880,1880,solar,HORNSBY,2077,1.02,False,train,True
solar_1881,1881,solar,HORNSBY,2077,1.02,False,train,True
solar_1882,1882,solar,HORNSBY,2077,1.53,False,validation,True
solar_1883,1883,solar,HORNSBY,2077,1.53,False,test,True
solar_1884,1884,solar,HORNSBY,2077,1.53,False,train,True
solar_1885,1885,solar,HORNSBY,2077,1.02,False,train,True
solar_1886,1886,solar,HORNSBY,2077,1.53,False,train,True
solar_1887,1887,solar,HORNSBY,2077,1.5,False,test,True
solar_1888,1888,solar,HORNSBY,2077,1.0,False,test,True
solar_1889,1889,solar,HORNSBY,2077,1.5,False,validation,True
solar_1890,1890,solar,HORNSBY,2120,1.52,False,train,True
solar_1891,1891,solar,HORNSBY,2076,1.0,False,test,True
solar_1892,1892,solar,HORNSBY,2076,1.5,False,train,True
solar_1893,1893,solar,HORNSBY,2076,2.0,False,train,True
solar_1894,1894,solar,HORNSBY,2076,2.16,False,train,True
solar_1895,1895,solar,HORNSBY,2120,1.02,False,train,True
solar_1896,1896,solar,HORNSBY,2120,2.04,False,train,True
solar_1897,1897,solar,HORNSBY,2120,3.0,False,train,True
solar_1898,1898,solar,HORNSBY,2120,2.87,False,validation,True
solar_1899,1899,solar,HORNSBY,2120,3.7,False,train,True
solar_1900,1900,solar,HORNSBY,2120,1.44,False,train,True
solar_1901,1901,solar,HORNSBY,2120,1.52,False,train,True
solar_1902,1902,solar,HORNSBY,2120,1.85,False,validation,True
solar_1903,1903,solar,HORNSBY,2120,1.5,False,train,True
solar_1904,1904,solar,HORNSBY,2120,1.5,False,train,True
solar_1905,1905,solar,HORNSBY,2159,4.2,False,validation,True
solar_1906,1906,solar,HORNSBY,2159,3.51,False,validation,True
solar_1907,1907,solar,HORNSBY,2159,2.22,False,validation,True
solar_1908,1908,solar,HORNSBY,2120,2.04,False,train,True
solar_1909,1909,solar,HORNSBY,2159,1.5,False,train,True
solar_1910,1910,solar,HORNSBY,2120,3.15,False,train,True
solar_1911,1911,solar,HORNSBY,2120,2.0,False,train,True
solar_1912,1912,solar,HORNSBY,2159,2.0,False,train,True
solar_1913,1913,solar,HORNSBY,2120,1.5,False,train,True
solar_1914,1914,solar,HORNSBY,2159,4.44,False,train,True
solar_1915,1915,solar,HORNSBY,2159,3.3,False,train,True
solar_1916,1916,solar,HORNSBY,2120,1.5,False,test,True
solar_1917,1917,solar,HORNSBY,2126,1.48,False,train,True
solar_1918,1918,solar,HORNSBY,2126,1.1,False,validation,True
solar_1919,1919,solar,HORNSBY,2126,1.02,False,validation,True
solar_1920,1920,solar,HORNSBY,2126,1.02,False,train,True
solar_1921,1921,solar,HORNSBY,2126,1.5,False,train,True
solar_1922,1922,solar,HORNSBY,2158,5.13,False,test,True
solar_1923,1923,solar,HORNSBY,2126,1.5,False,train,True
solar_1924,1924,solar,HORNSBY,2126,1.5,False,test,True
solar_1925,1925,solar,HORNSBY,2126,1.5,False,test,True
solar_1926,1926,solar,HORNSBY,2126,3.15,False,test,True
solar_1927,1927,solar,HORNSBY,2126,1.5,False,test,True
solar_1928,1928,solar,HORNSBY,2126,4.0,False,validation,True
solar_1929,1929,solar,HORNSBY,2126,2.0,False,validation,True
solar_1930,1930,solar,HORNSBY,2126,1.02,False,validation,True
solar_1931,1931,solar,HORNSBY,2126,1.5,False,train,True
solar_1932,1932,solar,HORNSBY,2126,1.5,False,validation,True
solar_1933,1933,solar,HORNSBY,2126,1.4,False,test,True
solar_1934,1934,solar,HORNSBY,2126,2.28,False,train,True
solar_1935,1935,solar,HORNSBY,2126,1.9,False,train,True
solar_1936,1936,solar,HORNSBY,2126,2.88,False,test,True
solar_1937,1937,solar,HORNSBY,2126,1.5,False,train,True
solar_1938,1938,solar,HORNSBY,2126,1.5,False,validation,True
solar_1939,1939,solar,HORNSBY,2158,1.58,False,train,True
solar_1940,1940,solar,HORNSBY,2158,2.09,False,validation,True
solar_1941,1941,solar,HORNSBY,2158,1.62,False,test,True
solar_1942,1942,solar,HORNSBY,2126,3.24,False,train,True
solar_1943,1943,solar,HORNSBY,2126,1.9,False,train,True
solar_1944,1944,solar,HORNSBY,2154,1.5,False,test,True
solar_1945,1945,solar,HORNSBY,2154,1.8,False,validation,True
solar_1946,1946,solar,HORNSBY,2154,1.44,False,train,True
solar_1947,1947,solar,HORNSBY,2154,1.5,False,train,True
solar_1948,1948,solar,HORNSBY,2154,1.62,False,train,True
solar_1949,1949,solar,HORNSBY,2154,2.28,False,train,True
solar_1950,1950,solar,HORNSBY,2154,3.99,False,train,True
solar_1951,1951,solar,HORNSBY,2126,1.98,False,train,True
solar_1952,1952,solar,HORNSBY,2126,1.5,False,validation,True
solar_1953,1953,solar,HORNSBY,2126,5.07,False,train,True
solar_1954,1954,solar,HORNSBY,2126,1.5,False,validation,True
solar_1955,1955,solar,HORNSBY,2126,1.5,False,test,True
solar_1956,1956,solar,HORNSBY,2125,3.15,False,train,True
solar_1957,1957,solar,HORNSBY,2125,1.5,False,train,True
solar_1958,1958,solar,HORNSBY,2119,5.4,False,validation,True
solar_1959,1959,solar,HORNSBY,2119,3.0,False,train,True
solar_1960,1960,solar,HORNSBY,2119,1.5,False,train,True
solar_1961,1961,solar,HORNSBY,2119,1.85,False,train,True
solar_1962,1962,solar,HORNSBY,2119,2.6,False,train,True
solar_1963,1963,solar,HORNSBY,2119,1.53,False,train,True
solar_1964,1964,solar,HORNSBY,2119,1.62,False,validation,True
solar_1965,1965,solar,HORNSBY,2119,1.5,False,train,True
solar_1966,1966,solar,HORNSBY,2119,2.04,False,train,True
solar_1967,1967,solar,HORNSBY,2119,1.51,False,validation,True
solar_1968,1968,solar,HORNSBY,2118,1.52,False,train,True
solar_1969,1969,solar,HORNSBY,2118,1.5,False,test,True
solar_1970,1970,solar,HORNSBY,2118,3.04,False,train,True
solar_1971,1971,solar,HORNSBY,2118,1.52,False,test,True
solar_1972,1972,solar,HORNSBY,2118,1.57,False,train,True
solar_1973,1973,solar,HORNSBY,2121,2.09,False,train,True
solar_1974,1974,solar,HORNSBY,2121,1.5,False,test,True
solar_1975,1975,solar,HORNSBY,2121,1.5,False,train,True
solar_1976,1976,solar,HORNSBY,2121,1.5,False,train,True
solar_1977,1977,solar,HORNSBY,2121,1.02,False,validation,True
solar_1978,1978,solar,HORNSBY,2121,2.22,False,train,True
solar_1979,1979,solar,HORNSBY,2121,1.5,False,test,True
solar_1980,1980,solar,HORNSBY,2121,2.04,False,validation,True
solar_1981,1981,solar,HORNSBY,2121,1.5,False,train,True
solar_1982,1982,solar,HORNSBY,2121,1.9,False,train,True
solar_1983,1983,solar,HORNSBY,2121,2.09,False,test,True
solar_1984,1984,solar,HORNSBY,2121,1.4,False,test,True
solar_1985,1985,solar,HORNSBY,2121,1.52,False,train,True
solar_1986,1986,solar,HORNSBY,2121,2.88,False,train,True
solar_1987,1987,solar,HORNSBY,2121,1.52,False,train,True
solar_1988,1988,solar,HORNSBY,2121,1.9,False,train,True
solar_1989,1989,solar,HORNSBY,2121,1.52,False,validation,True
solar_1990,1990,solar,HORNSBY,2121,1.5,False,train,True
solar_1991,1991,solar,HORNSBY,2121,4.3,False,test,True
solar_1992,1992,solar,HORNSBY,2121,1.52,False,train,True
solar_1993,1993,solar,RYDE,2113,1.62,False,train,False
solar_1994,1994,solar,RYDE,2113,1.5,False,train,True
solar_1995,1995,solar,RYDE,2113,2.0,False,test,True
solar_1996,1996,solar,RYDE,2113,3.06,False,validation,True
solar_1997,1997,solar,RYDE,2113,1.6,False,train,True
solar_1998,1998,solar,RYDE,2122,1.8,False,test,True
solar_1999,1999,solar,RYDE,2122,1.48,False,train,True
solar_2000,2000,solar,RYDE,2122,1.7,False,train,True
solar_2001,2001,solar,RYDE,2112,3.12,False,train,True
solar_2002,2002,solar,RYDE,2122,1.5,False,train,True
solar_2003,2003,solar,RYDE,2112,3.0,False,validation,True
solar_2004,2004,solar,RYDE,2122,1.44,False,test,True
solar_2005,2005,solar,RYDE,2122,1.5,False,train,True
solar_2006,2006,solar,RYDE,2122,1.14,False,validation,True
solar_2007,2007,solar,RYDE,2122,3.04,False,train,True
solar_2008,2008,solar,RYDE,2122,2.6,False,train,True
solar_2009,2009,solar,RYDE,2122,1.44,False,train,True
solar_2010,2010,solar,RYDE,2122,1.02,False,train,True
solar_2011,2011,solar,RYDE,2122,1.5,False,train,True
solar_2012,2012,solar,RYDE,2122,1.5,False,validation,True
solar_2013,2013,solar,RYDE,2122,1.52,False,train,True
solar_2014,2014,solar,RYDE,2122,2.96,False,train,True
solar_2015,2015,solar,RYDE,2122,1.02,False,train,True
solar_2016,2016,solar,RYDE,2114,1.0,False,validation,True
solar_2017,2017,solar,RYDE,2114,1.5,False,train,True
solar_2018,2018,solar,RYDE,2122,1.5,False,train,True
solar_2019,2019,solar,RYDE,2122,2.04,False,train,True
solar_2020,2020,solar,RYDE,2122,1.5,False,train,True
solar_2021,2021,solar,RYDE,2114,1.61,False,train,True
solar_2022,2022,solar,RYDE,2114,1.44,False,train,True
solar_2023,2023,solar,RYDE,2114,1.48,False,train,True
solar_2024,2024,solar,RYDE,2114,1.5,False,train,True
solar_2025,2025,solar,RYDE,2114,1.5,False,test,True
solar_2026,2026,solar,RYDE,2114,2.88,False,train,True
solar_2027,2027,solar,RYDE,2114,2.2,False,validation,True
solar_2028,2028,solar,RYDE,2114,1.5,False,train,False
solar_2029,2029,solar,RYDE,2114,2.0,False,train,True
solar_2030,2030,solar,RYDE,2114,1.1,False,train,True
solar_2031,2031,solar,RYDE,2114,1.5,False,validation,True
solar_2032,2032,solar,RYDE,2112,2.2,False,train,True
solar_2033,2033,solar,RYDE,2112,2.88,False,test,True
solar_2034,2034,solar,RYDE,2112,3.0,False,train,True
solar_2035,2035,solar,RYDE,2112,1.44,False,train,True
solar_2037,2037,solar,RYDE,2112,1.53,False,train,True
solar_2038,2038,solar,RYDE,2112,3.0,False,train,True
solar_2039,2039,solar,RYDE,2112,2.0,False,train,True
solar_2040,2040,solar,RYDE,2113,1.44,False,train,True
solar_2041,2041,solar,RYDE,2113,1.02,False,validation,True
solar_2042,2042,solar,RYDE,2113,3.0,False,train,True
solar_2043,2043,solar,RYDE,2113,2.1,False,train,False
solar_2044,2044,solar,RYDE,2113,1.44,False,validation,True
solar_2045,2045,solar,RYDE,2113,2.99,False,validation,True
solar_2046,2046,solar,RYDE,2113,1.5,False,validation,True
solar_2047,2047,solar,RYDE,2113,1.5,False,train,True
solar_2048,2048,solar,RYDE,2113,1.44,False,train,True
solar_2049,2049,solar,RYDE,2113,4.18,False,train,True
solar_2050,2050,solar,RYDE,2113,1.5,False,train,True
solar_2051,2051,solar,RYDE,2111,1.52,False,train,True
solar_2052,2052,solar,RYDE,2111,2.9,False,train,True
solar_2053,2053,solar,RYDE,2111,2.04,False,train,True
solar_2054,2054,solar,RYDE,2112,1.4,False,train,True
solar_2055,2055,solar,RYDE,2112,1.5,False,validation,True
solar_2056,2056,solar,RYDE,2112,3.42,False,train,True
solar_2057,2057,solar,RYDE,2112,1.5,False,test,True
solar_2058,2058,solar,RYDE,2112,1.5,False,test,True
solar_2059,2059,solar,RYDE,2112,1.52,False,train,True
solar_2060,2060,solar,RYDE,2112,2.94,False,train,True
solar_2061,2061,solar,RYDE,2112,3.7,False,train,True
solar_2062,2062,solar,RYDE,2111,1.52,False,train,True
solar_2063,2063,solar,RYDE,2111,3.69,False,train,True
solar_2064,2064,solar,HUNTERS HILL,2110,1.5,False,train,True
solar_2065,2065,solar,HUNTERS HILL,2110,1.54,False,train,True
solar_2066,2066,solar,HUNTERS HILL,2110,1.5,False,train,True
solar_2067,2067,solar,HUNTERS HILL,2110,1.49,False,train,True
solar_2068,2068,solar,NEWCASTLE,2287,1.48,False,train,True
solar_2069,2069,solar,LANE COVE,2065,1.5,False,test,True
solar_2070,2070,solar,LANE COVE,2066,2.09,False,train,True
solar_2071,2071,solar,LANE COVE,2066,1.5,False,train,True
solar_2072,2072,solar,LANE COVE,2066,1.65,False,test,True
solar_2073,2073,solar,LANE COVE,2066,6.28,False,train,True
solar_2074,2074,solar,LANE COVE,2066,3.0,False,train,True
solar_2075,2075,solar,LANE COVE,2066,1.5,False,train,True
solar_2076,2076,solar,LANE COVE,2066,1.53,False,train,True
solar_2078,2078,solar,LANE COVE,2066,1.5,False,train,True
solar_2079,2079,solar,LANE COVE,2066,3.12,False,train,True
solar_2080,2080,solar,LANE COVE,2066,4.6,False,train,True
solar_2081,2081,solar,MOSMAN,2088,2.5,False,train,True
solar_2082,2082,solar,MOSMAN,2088,2.88,False,test,True
solar_2083,2083,solar,MOSMAN,2088,2.0,False,test,True
solar_2084,2084,solar,MOSMAN,2088,5.0,False,validation,True
solar_2085,2085,solar,MOSMAN,2088,7.22,False,train,True
solar_2086,2086,solar,MOSMAN,2088,2.0,False,train,True
solar_2087,2087,solar,MOSMAN,2088,5.59,False,train,True
solar_2088,2088,solar,MOSMAN,2088,4.14,False,train,True
solar_2089,2089,solar,NORTH SYDNEY,2090,1.52,False,train,True
solar_2090,2090,solar,NORTH SYDNEY,2090,1.9,False,train,True
solar_2091,2091,solar,NORTH SYDNEY,2090,1.44,False,train,True
solar_2092,2092,solar,NORTH SYDNEY,2089,1.9,False,train,True
solar_2093,2093,solar,NORTH SYDNEY,2060,2.94,False,train,True
solar_2094,2094,solar,NORTH SYDNEY,2060,3.0,False,test,True
solar_2095,2095,solar,NORTH SYDNEY,2065,1.5,False,validation,True
solar_2096,2096,solar,NORTH SYDNEY,2065,2.0,False,train,True
solar_2097,2097,solar,NORTH SYDNEY,2065,1.1,False,test,True
solar_2098,2098,solar,NORTH SYDNEY,2065,1.52,False,train,True
solar_2099,2099,solar,NORTH SYDNEY,2062,1.5,False,test,True
solar_2100,2100,solar,NORTH SYDNEY,2062,1.5,False,train,True
solar_2101,2101,solar,NORTH SYDNEY,2062,1.1,False,train,True
solar_2102,2102,solar,NORTH SYDNEY,2062,1.5,False,train,True
solar_2103,2103,solar,KU-RING-GAI,2076,2.0,False,train,True
solar_2104,2104,solar,KU-RING-GAI,2076,1.52,False,train,True
solar_2105,2105,solar,KU-RING-GAI,2076,1.5,False,validation,True
solar_2106,2106,solar,KU-RING-GAI,2076,1.5,False,validation,True
solar_2107,2107,solar,KU-RING-GAI,2074,1.5,False,train,True
solar_2108,2108,solar,KU-RING-GAI,2074,1.68,False,train,True
solar_2109,2109,solar,KU-RING-GAI,2074,3.7,False,train,True
solar_2110,2110,solar,KU-RING-GAI,2074,2.0,False,train,True
solar_2111,2111,solar,KU-RING-GAI,2074,3.06,False,test,True
solar_2112,2112,solar,KU-RING-GAI,2074,1.5,False,test,True
solar_2113,2113,solar,KU-RING-GAI,2074,1.48,False,train,True
solar_2114,2114,solar,KU-RING-GAI,2073,1.5,False,train,True
solar_2115,2115,solar,KU-RING-GAI,2074,5.0,False,train,True
solar_2116,2116,solar,KU-RING-GAI,2073,1.5,False,train,True
solar_2117,2117,solar,KU-RING-GAI,2075,1.53,False,train,True
solar_2118,2118,solar,KU-RING-GAI,2075,2.2,False,test,True
solar_2119,2119,solar,KU-RING-GAI,2075,1.62,False,train,True
solar_2120,2120,solar,KU-RING-GAI,2075,3.0,False,train,True
solar_2121,2121,solar,KU-RING-GAI,2075,2.5,False,validation,True
solar_2122,2122,solar,KU-RING-GAI,2075,1.5,False,train,True
solar_2123,2123,solar,KU-RING-GAI,2075,1.5,False,train,True
solar_2124,2124,solar,KU-RING-GAI,2075,1.58,False,train,True
solar_2125,2125,solar,KU-RING-GAI,2075,1.5,False,train,True
solar_2126,2126,solar,KU-RING-GAI,2075,3.3,False,validation,True
solar_2127,2127,solar,KU-RING-GAI,2073,1.85,False,train,True
solar_2128,2128,solar,KU-RING-GAI,2072,1.98,False,train,True
solar_2129,2129,solar,KU-RING-GAI,2072,1.5,False,train,True
solar_2130,2130,solar,KU-RING-GAI,2073,2.24,False,test,True
solar_2131,2131,solar,KU-RING-GAI,2073,1.5,False,train,True
solar_2132,2132,solar,KU-RING-GAI,2074,1.5,False,test,True
solar_2133,2133,solar,KU-RING-GAI,2074,1.5,False,train,True
solar_2134,2134,solar,KU-RING-GAI,2074,3.0,False,train,True
solar_2135,2135,solar,KU-RING-GAI,2074,1.0,False,validation,True
solar_2136,2136,solar,KU-RING-GAI,2074,2.09,False,train,True
solar_2137,2137,solar,KU-RING-GAI,2074,6.0,False,train,True
solar_2138,2138,solar,KU-RING-GAI,2076,1.44,False,test,True
solar_2139,2139,solar,KU-RING-GAI,2076,2.0,False,train,True
solar_2140,2140,solar,KU-RING-GAI,2071,1.44,False,train,True
solar_2141,2141,solar,KU-RING-GAI,2071,1.5,False,train,True
solar_2142,2142,solar,KU-RING-GAI,2071,4.08,False,test,True
solar_2143,2143,solar,KU-RING-GAI,2071,1.5,False,test,True
solar_2144,2144,solar,KU-RING-GAI,2071,2.88,False,train,True
solar_2145,2145,solar,KU-RING-GAI,2071,1.65,False,train,True
solar_2146,2146,solar,KU-RING-GAI,2070,1.6,False,train,True
solar_2147,2147,solar,KU-RING-GAI,2071,1.5,False,test,True
solar_2148,2148,solar,KU-RING-GAI,2070,2.9,False,test,True
solar_2149,2149,solar,KU-RING-GAI,2071,1.5,False,train,True
solar_2150,2150,solar,KU-RING-GAI,2070,1.5,False,train,True
solar_2151,2151,solar,KU-RING-GAI,2070,1.02,False,train,True
solar_2152,2152,solar,KU-RING-GAI,2070,1.5,False,train,True
solar_2153,2153,solar,KU-RING-GAI,2070,2.04,False,test,True
solar_2154,2154,solar,KU-RING-GAI,2069,2.88,False,train,True
solar_2155,2155,solar,KU-RING-GAI,2070,1.35,False,test,True
solar_2156,2156,solar,KU-RING-GAI,2070,1.5,False,test,True
solar_2157,2157,solar,KU-RING-GAI,2070,1.5,False,test,True
solar_2158,2158,solar,KU-RING-GAI,2070,1.4,False,train,True
solar_2159,2159,solar,KU-RING-GAI,2070,1.5,False,train,True
solar_2160,2160,solar,KU-RING-GAI,2070,1.5,False,train,True
solar_2161,2161,solar,KU-RING-GAI,2069,2.0,False,validation,True
solar_2162,2162,solar,KU-RING-GAI,2069,3.0,False,train,True
solar_2163,2163,solar,KU-RING-GAI,2069,1.5,False,train,True
solar_2164,2164,solar,KU-RING-GAI,2069,3.8,False,train,True
solar_2165,2165,solar,KU-RING-GAI,2069,3.0,False,train,True
solar_2166,2166,solar,KU-RING-GAI,2069,6.0,False,validation,True
solar_2167,2167,solar,KU-RING-GAI,2069,1.05,False,train,True
solar_2168,2168,solar,WILLOUGHBY,2067,3.0,False,train,True
solar_2169,2169,solar,WILLOUGHBY,2067,2.09,False,train,True
solar_2170,2170,solar,WILLOUGHBY,2067,3.0,False,train,True
solar_2171,2171,solar,WILLOUGHBY,2067,1.88,False,train,True
solar_2172,2172,solar,WILLOUGHBY,2067,1.48,False,train,True
solar_2173,2173,solar,WILLOUGHBY,2067,3.0,False,train,True
solar_2174,2174,solar,WILLOUGHBY,2067,1.05,False,train,True
solar_2175,2175,solar,WILLOUGHBY,2067,1.5,False,train,True
solar_2176,2176,solar,WILLOUGHBY,2067,1.5,False,train,True
solar_2177,2177,solar,WILLOUGHBY,2067,4.5,False,validation,True
solar_2178,2178,solar,WILLOUGHBY,2067,1.5,False,train,True
solar_2179,2179,solar,WILLOUGHBY,2066,1.5,False,train,True
solar_2180,2180,solar,WILLOUGHBY,2066,2.3,False,train,True
solar_2181,2181,solar,WILLOUGHBY,2068,1.44,False,train,True
solar_2182,2182,solar,WILLOUGHBY,2067,3.04,False,train,True
solar_2183,2183,solar,WILLOUGHBY,2067,1.52,False,train,True
solar_2184,2184,solar,WILLOUGHBY,2068,3.04,False,validation,True
solar_2185,2185,solar,WILLOUGHBY,2068,2.0,False,validation,True
solar_2186,2186,solar,WILLOUGHBY,2068,1.5,False,train,True
solar_2187,2187,solar,WILLOUGHBY,2068,1.48,False,train,True
solar_2188,2188,solar,WILLOUGHBY,2068,7.03,False,train,True
solar_2189,2189,solar,WILLOUGHBY,2068,4.3,False,train,True
solar_2190,2190,solar,WILLOUGHBY,2068,1.52,False,train,True
solar_2191,2191,solar,WILLOUGHBY,2068,3.0,False,test,True
solar_2192,2192,solar,WILLOUGHBY,2069,9.6,False,train,True
solar_2193,2193,solar,WILLOUGHBY,2063,2.16,False,validation,True
solar_2194,2194,solar,WILLOUGHBY,2063,2.0,False,train,True
solar_2195,2195,solar,WILLOUGHBY,2063,1.5,False,train,True
solar_2196,2196,solar,WILLOUGHBY,2063,3.0,False,validation,True
solar_2197,2197,solar,WILLOUGHBY,2063,2.16,False,train,True
solar_2198,2198,solar,WILLOUGHBY,2068,1.5,False,train,True
solar_2199,2199,solar,WILLOUGHBY,2068,1.6,False,train,True
solar_2200,2200,solar,WILLOUGHBY,2064,1.5,False,test,True
solar_2201,2201,solar,WILLOUGHBY,2064,1.51,False,train,True
solar_2202,2202,solar,WILLOUGHBY,2064,2.96,False,train,True
solar_2203,2203,solar,WILLOUGHBY,2065,2.28,False,train,True
solar_2204,2204,solar,WILLOUGHBY,2065,2.0,False,train,True
solar_2205,2205,solar,WILLOUGHBY,2065,1.52,False,train,True
solar_2206,2206,solar,WILLOUGHBY,2065,1.05,False,train,True
solar_2207,2207,solar,MANLY,2095,2.04,False,train,True
solar_2208,2208,solar,MANLY,2095,1.5,False,train,True
solar_2209,2209,solar,MANLY,2094,2.1,False,test,True
solar_2210,2210,solar,MANLY,2094,1.5,False,train,True
solar_2211,2211,solar,MANLY,2094,1.53,False,train,True
solar_2212,2212,solar,MANLY,2093,1.52,False,test,True
solar_2213,2213,solar,MANLY,2093,1.5,False,train,True
solar_2214,2214,solar,MANLY,2093,2.28,False,train,False
solar_2215,2215,solar,MANLY,2093,2.2,False,train,True
solar_2216,2216,solar,MANLY,2093,2.1,False,train,True
solar_2217,2217,solar,MANLY,2093,1.61,False,validation,True
solar_2218,2218,solar,MANLY,2093,1.7,False,train,True
solar_2219,2219,solar,MANLY,2093,1.5,False,train,True
solar_2220,2220,solar,MANLY,2093,1.5,False,validation,True
solar_2221,2221,solar,MANLY,2093,1.5,False,train,True
solar_2222,2222,solar,MANLY,2092,1.52,False,train,True
solar_2223,2223,solar,MANLY,2092,1.7,False,train,True
solar_2224,2224,solar,MANLY,2092,1.44,False,test,True
solar_2225,2225,solar,MANLY,2092,6.3,False,train,True
solar_2226,2226,solar,MANLY,2092,1.48,False,train,True
solar_2227,2227,solar,MANLY,2092,1.52,False,test,True
solar_2228,2228,solar,MANLY,2092,1.5,False,test,True
solar_2229,2229,solar,WARRINGAH,2093,1.5,False,train,True
solar_2230,2230,solar,WARRINGAH,2093,1.02,False,train,True
solar_2231,2231,solar,WARRINGAH,2093,1.8,False,train,True
solar_2232,2232,solar,WARRINGAH,2093,3.0,False,validation,True
solar_2233,2233,solar,MANLY,2092,1.5,False,train,True
solar_2234,2234,solar,WARRINGAH,2093,1.0,False,train,True
solar_2235,2235,solar,MANLY,2094,1.5,False,train,True
solar_2236,2236,solar,MANLY,2093,1.5,False,train,True
solar_2237,2237,solar,MANLY,2095,1.5,False,train,True
solar_2238,2238,solar,MANLY,2095,1.02,False,train,True
solar_2239,2239,solar,WARRINGAH,2100,2.0,False,train,True
solar_2240,2240,solar,WARRINGAH,2100,1.5,False,test,True
solar_2241,2241,solar,WARRINGAH,2096,1.1,False,test,True
solar_2242,2242,solar,WARRINGAH,2096,1.62,False,train,True
solar_2243,2243,solar,WARRINGAH,2096,1.66,False,train,True
solar_2244,2244,solar,WARRINGAH,2096,1.02,False,train,True
solar_2245,2245,solar,WARRINGAH,2096,1.53,False,train,True
solar_2246,2246,solar,WARRINGAH,2096,2.28,False,train,True
solar_2247,2247,solar,WARRINGAH,2096,1.7,False,train,True
solar_2248,2248,solar,WARRINGAH,2096,2.04,False,train,True
solar_2249,2249,solar,WARRINGAH,2096,1.9,False,test,True
solar_2250,2250,solar,WARRINGAH,2096,2.15,False,train,True
solar_2251,2251,solar,WARRINGAH,2100,1.5,False,train,True
solar_2252,2252,solar,WARRINGAH,2100,1.5,False,train,True
solar_2253,2253,solar,WARRINGAH,2100,1.8,False,train,True
solar_2254,2254,solar,WARRINGAH,2100,3.04,False,train,True
solar_2255,2255,solar,WARRINGAH,2100,2.8,False,train,True
solar_2256,2256,solar,WARRINGAH,2100,2.0,False,test,True
solar_2257,2257,solar,WARRINGAH,2100,1.6,False,train,True
solar_2258,2258,solar,WARRINGAH,2100,3.22,False,train,True
solar_2259,2259,solar,WARRINGAH,2100,3.04,False,validation,True
solar_2260,2260,solar,WARRINGAH,2100,1.4,False,train,True
solar_2261,2261,solar,WARRINGAH,2100,1.5,False,train,True
solar_2262,2262,solar,WARRINGAH,2100,2.04,False,train,True
solar_2263,2263,solar,WARRINGAH,2100,2.04,False,train,True
solar_2264,2264,solar,WARRINGAH,2086,4.44,False,train,True
solar_2265,2265,solar,WARRINGAH,2086,2.0,False,train,True
solar_2266,2266,solar,WARRINGAH,2086,1.65,False,train,False
solar_2267,2267,solar,WARRINGAH,2087,2.15,False,train,True
solar_2268,2268,solar,WARRINGAH,2087,1.5,False,validation,True
solar_2269,2269,solar,WARRINGAH,2087,1.52,False,train,True
solar_2270,2270,solar,WARRINGAH,2087,1.5,False,train,True
solar_2271,2271,solar,WARRINGAH,2087,3.76,False,train,True
solar_2272,2272,solar,WARRINGAH,2087,1.5,False,test,True
solar_2273,2273,solar,WARRINGAH,2087,1.92,False,test,True
solar_2274,2274,solar,WARRINGAH,2087,5.0,False,validation,True
solar_2275,2275,solar,WARRINGAH,2087,3.0,False,train,True
solar_2276,2276,solar,WARRINGAH,2087,2.04,False,validation,True
solar_2277,2277,solar,WARRINGAH,2087,1.5,False,test,True
solar_2278,2278,solar,WARRINGAH,2087,3.0,False,train,True
solar_2279,2279,solar,WARRINGAH,2087,1.5,False,train,True
solar_2280,2280,solar,WARRINGAH,2087,1.5,False,train,True
solar_2281,2281,solar,WARRINGAH,2087,1.5,False,train,True
solar_2282,2282,solar,WARRINGAH,2087,1.5,False,validation,True
solar_2283,2283,solar,WARRINGAH,2086,2.4,False,train,True
solar_2284,2284,solar,WARRINGAH,2086,1.84,False,train,True
solar_2285,2285,solar,WARRINGAH,2086,2.1,False,train,True
solar_2286,2286,solar,WARRINGAH,2085,2.1,False,test,True
solar_2287,2287,solar,WARRINGAH,2085,1.5,False,validation,True
solar_2288,2288,solar,WARRINGAH,2085,1.5,False,validation,True
solar_2289,2289,solar,WARRINGAH,2085,1.5,False,train,True
solar_2290,2290,solar,WARRINGAH,2085,1.52,False,validation,True
solar_2291,2291,solar,WARRINGAH,2085,1.56,False,validation,True
solar_2292,2292,solar,WARRINGAH,2085,1.5,False,test,True
solar_2293,2293,solar,WARRINGAH,2086,1.5,False,test,True
solar_2294,2294,solar,WARRINGAH,2084,1.7,False,train,True
solar_2295,2295,solar,WARRINGAH,2099,1.5,False,validation,True
solar_2296,2296,solar,WARRINGAH,2084,6.0,False,test,True
solar_2297,2297,solar,WARRINGAH,2099,1.5,False,train,True
solar_2298,2298,solar,WARRINGAH,2099,2.07,False,train,True
solar_2299,2299,solar,WARRINGAH,2099,6.05,False,train,True
solar_2300,2300,solar,WARRINGAH,2099,1.5,False,train,True
solar_2301,2301,solar,WARRINGAH,2099,2.28,False,test,True
solar_2302,2302,solar,WARRINGAH,2099,1.5,False,validation,True
solar_2303,2303,solar,WARRINGAH,2099,1.5,False,test,True
solar_2304,2304,solar,WARRINGAH,2099,1.25,False,train,True
solar_2305,2305,solar,WARRINGAH,2099,2.45,False,test,True
solar_2306,2306,solar,WARRINGAH,2099,3.81,False,train,True
solar_2307,2307,solar,WARRINGAH,2099,1.5,False,train,True
solar_2308,2308,solar,WARRINGAH,2099,1.44,False,train,True
solar_2309,2309,solar,WARRINGAH,2099,2.64,False,train,True
solar_2310,2310,solar,WARRINGAH,2099,1.52,False,train,True
solar_2311,2311,solar,WARRINGAH,2099,1.02,False,validation,True
solar_2312,2312,solar,WARRINGAH,2099,1.02,False,train,True
solar_2313,2313,solar,WARRINGAH,2099,1.02,False,train,True
solar_2314,2314,solar,WARRINGAH,2099,1.5,False,train,True
solar_2315,2315,solar,WARRINGAH,2099,2.0,False,train,True
solar_2316,2316,solar,WARRINGAH,2099,1.5,False,train,True
solar_2317,2317,solar,WARRINGAH,2099,2.52,False,test,True
solar_2318,2318,solar,WARRINGAH,2099,1.5,False,train,True
solar_2319,2319,solar,WARRINGAH,2099,1.5,False,test,True
solar_2320,2320,solar,WARRINGAH,2099,2.5,False,test,True
solar_2321,2321,solar,WARRINGAH,2099,1.5,False,train,True
solar_2322,2322,solar,WARRINGAH,2099,1.8,False,validation,True
solar_2323,2323,solar,WARRINGAH,2099,1.5,False,validation,True
solar_2324,2324,solar,WARRINGAH,2097,1.6,False,train,True
solar_2325,2325,solar,WARRINGAH,2097,1.02,False,train,False
solar_2326,2326,solar,WARRINGAH,2097,1.5,False,train,True
solar_2327,2327,solar,WARRINGAH,2097,1.5,False,train,True
solar_2328,2328,solar,WARRINGAH,2097,2.04,False,train,True
solar_2329,2329,solar,WARRINGAH,2097,1.4,False,train,True
solar_2330,2330,solar,WARRINGAH,2097,1.5,False,validation,True
solar_2331,2331,solar,WARRINGAH,2097,2.88,False,test,True
solar_2332,2332,solar,WARRINGAH,2097,2.96,False,train,True
solar_2333,2333,solar,WARRINGAH,2097,3.0,False,train,True
solar_2334,2334,solar,PITTWATER,2101,2.1,False,train,True
solar_2335,2335,solar,PITTWATER,2101,1.58,False,train,True
solar_2336,2336,solar,PITTWATER,2101,3.0,False,validation,True
solar_2337,2337,solar,PITTWATER,2101,1.57,False,train,True
solar_2338,2338,solar,PITTWATER,2101,2.2,False,train,True
solar_2339,2339,solar,PITTWATER,2101,1.5,False,train,True
solar_2340,2340,solar,PITTWATER,2101,1.98,False,train,False
solar_2341,2341,solar,PITTWATER,2101,2.88,False,train,True
solar_2342,2342,solar,PITTWATER,2101,1.47,False,train,True
solar_2343,2343,solar,PITTWATER,2101,1.5,False,train,True
solar_2344,2344,solar,PITTWATER,2101,1.0,False,train,True
solar_2345,2345,solar,PITTWATER,2101,4.83,False,train,True
solar_2346,2346,solar,PITTWATER,2101,1.53,False,test,True
solar_2347,2347,solar,PITTWATER,2101,1.5,False,train,True
solar_2348,2348,solar,PITTWATER,2101,1.48,False,validation,True
solar_2349,2349,solar,PITTWATER,2102,1.57,False,test,True
solar_2350,2350,solar,PITTWATER,2103,3.1,False,test,True
solar_2351,2351,solar,PITTWATER,2103,2.1,False,validation,True
solar_2352,2352,solar,PITTWATER,2103,1.5,False,train,True
solar_2353,2353,solar,PITTWATER,2103,2.28,False,train,True
solar_2354,2354,solar,PITTWATER,2103,5.16,False,train,True
solar_2355,2355,solar,PITTWATER,2104,5.09,False,train,True
solar_2356,2356,solar,PITTWATER,2104,1.47,False,train,True
solar_2357,2357,solar,PITTWATER,2104,3.24,False,train,True
solar_2358,2358,solar,PITTWATER,2105,4.2,False,train,True
solar_2359,2359,solar,PITTWATER,2105,1.5,False,train,True
solar_2360,2360,solar,PITTWATER,2105,2.52,False,validation,True
solar_2361,2361,solar,PITTWATER,2103,3.3,False,train,True
solar_2362,2362,solar,PITTWATER,2103,2.04,False,train,True
solar_2363,2363,solar,PITTWATER,2103,2.0,False,test,True
solar_2364,2364,solar,PITTWATER,2103,2.03,False,train,True
solar_2365,2365,solar,PITTWATER,2106,1.5,False,train,True
solar_2366,2366,solar,PITTWATER,2107,1.5,False,train,True
solar_2367,2367,solar,PITTWATER,2107,3.0,False,train,True
solar_2368,2368,solar,PITTWATER,2107,3.24,False,train,True
solar_2369,2369,solar,PITTWATER,2107,3.0,False,train,True
solar_2370,2370,solar,PITTWATER,2107,6.66,False,train,True
solar_2371,2371,solar,PITTWATER,2107,1.5,False,train,True
solar_2372,2372,solar,PITTWATER,2107,1.02,False,train,True
solar_2373,2373,solar,PITTWATER,2107,1.05,False,train,True
solar_2374,2374,solar,PITTWATER,2107,1.53,False,train,True
solar_2375,2375,solar,PITTWATER,2107,1.0,False,train,True
solar_2376,2376,solar,PITTWATER,2108,1.52,False,train,True
solar_2377,2377,solar,PITTWATER,2108,7.98,False,validation,True
solar_2378,2378,solar,PITTWATER,2108,1.5,False,train,True
solar_2379,2379,solar,SUTHERLAND,2232,2.96,False,train,True
solar_2380,2380,solar,LAKE MACQUARIE,2285,1.48,False,test,True
solar_2381,2381,solar,WYONG,2258,1.02,False,train,True
solar_2382,2382,solar,CESSNOCK,2323,1.8,False,validation,True
solar_2383,2383,solar,GOSFORD,2251,1.48,False,train,True
solar_2384,2384,solar,WYONG,2262,2.1,False,train,True
solar_2385,2385,solar,NEWCASTLE,2287,1.5,False,train,True
solar_2386,2386,solar,LAKE MACQUARIE,2282,1.5,False,validation,True
solar_2387,2387,solar,WYONG,2259,2.3,False,validation,True
solar_2388,2388,solar,LAKE MACQUARIE,2283,1.67,False,train,True
solar_2389,2389,solar,MUSWELLBROOK,2330,5.55,False,validation,True
solar_2390,2390,solar,HORNSBY,2126,2.0,False,train,True
solar_2391,2391,solar,LAKE MACQUARIE,2289,2.16,False,validation,True
solar_2392,2392,solar,GOSFORD,2251,3.0,False,validation,True
solar_2393,2393,solar,LAKE MACQUARIE,2264,1.57,False,train,True
solar_2394,2394,solar,BANKSTOWN,2196,1.5,False,validation,True
solar_2395,2395,solar,LAKE MACQUARIE,2290,2.0,False,test,True
solar_2396,2396,solar,RYDE,2112,1.5,False,train,True
solar_2397,2397,solar,GOSFORD,2251,1.48,False,train,False
solar_2398,2398,solar,NEWCASTLE,2287,1.02,False,train,True
solar_2399,2399,solar,PORT STEPHENS,2315,1.61,False,train,True
solar_2400,2400,solar,NEWCASTLE,2287,3.3,False,train,True
solar_2401,2401,solar,MOSMAN,2088,4.92,False,validation,True
solar_2402,2402,solar,WYONG,2262,1.5,False,train,True
solar_2403,2403,solar,WARRINGAH,2096,1.5,False,validation,True
solar_2404,2404,solar,GOSFORD,2250,1.02,False,train,True
solar_2405,2405,solar,RANDWICK,2036,1.5,False,validation,True
solar_2406,2406,solar,GOSFORD,2260,1.5,False,train,True
solar_2407,2407,solar,LAKE MACQUARIE,2282,2.0,False,train,True
solar_2409,2409,solar,GOSFORD,2250,1.02,False,validation,True
solar_2410,2410,solar,LAKE MACQUARIE,2280,3.0,False,train,True
solar_2411,2411,solar,GOSFORD,2251,1.52,False,train,True
solar_2412,2412,solar,WYONG,2261,2.22,False,train,True
solar_2413,2413,solar,WILLOUGHBY,2067,1.5,False,train,True
solar_2414,2414,solar,LAKE MACQUARIE,2282,5.0,False,train,True
solar_2415,2415,solar,WARRINGAH,2086,2.0,False,train,True
solar_2416,2416,solar,AUBURN,2144,1.8,False,train,True
solar_2417,2417,solar,GOSFORD,2250,1.02,False,train,True
solar_2418,2418,solar,LAKE MACQUARIE,2264,3.15,False,train,True
solar_2419,2419,solar,GOSFORD,2257,2.04,False,test,True
solar_2420,2420,solar,CANADA BAY,2137,1.5,False,test,True
solar_2421,2421,solar,NEWCASTLE,2287,1.5,False,train,True
solar_2422,2422,solar,WYONG,2262,1.53,False,train,True
solar_2423,2423,solar,LAKE MACQUARIE,2289,1.6,False,test,True
solar_2424,2424,solar,LAKE MACQUARIE,2285,2.1,False,test,True
solar_2425,2425,solar,HURSTVILLE,2220,1.52,False,validation,True
solar_2426,2426,solar,PORT STEPHENS,2315,1.5,False,train,True
solar_2427,2427,solar,BANKSTOWN,2214,1.5,False,test,True
solar_2428,2428,solar,GOSFORD,2250,1.85,False,test,True
solar_2429,2429,solar,NEWCASTLE,2287,1.48,False,train,True
solar_2430,2430,solar,LAKE MACQUARIE,2289,3.04,False,train,True
solar_2431,2431,solar,LAKE MACQUARIE,2267,1.9,False,train,True
solar_2432,2432,solar,WARRINGAH,2096,3.0,False,train,True
solar_2433,2433,solar,GOSFORD,2250,1.52,False,train,True
solar_2434,2434,solar,AUBURN,2141,2.28,False,validation,True
solar_2435,2435,solar,GOSFORD,2260,4.2,False,test,True
solar_2436,2436,solar,KOGARAH,2221,1.48,False,train,True
solar_2437,2437,solar,MAITLAND,2320,1.5,False,train,True
solar_2438,2438,solar,WYONG,2259,3.0,False,train,True
solar_2439,2439,solar,LAKE MACQUARIE,2280,1.5,False,train,True
solar_2440,2440,solar,GOSFORD,2251,1.48,False,train,True
solar_2441,2441,solar,RYDE,2122,2.8,False,train,True
solar_2442,2442,solar,PORT STEPHENS,2318,1.48,False,train,True
solar_2443,2443,solar,NEWCASTLE,2298,1.53,False,train,False
solar_2444,2444,solar,WYONG,2259,1.5,False,train,True
solar_2445,2445,solar,GOSFORD,2260,10.0,False,train,True
solar_2446,2446,solar,NEWCASTLE,2298,1.53,False,test,True
solar_2447,2447,solar,WYONG,2262,1.48,False,train,True
solar_2448,2448,solar,LAKE MACQUARIE,2289,1.85,False,train,True
solar_2449,2449,solar,ROCKDALE,2207,3.0,False,train,True
solar_2450,2450,solar,LAKE MACQUARIE,2282,2.16,False,validation,True
solar_2451,2451,solar,NEWCASTLE,2291,2.22,False,validation,True
solar_2452,2452,solar,MAITLAND,2323,2.28,False,validation,True
solar_2453,2453,solar,PITTWATER,2101,2.2,False,train,True
solar_2454,2454,solar,GOSFORD,2251,1.54,False,train,True
solar_2455,2455,solar,BANKSTOWN,2197,2.0,False,train,True
solar_2456,2456,solar,WYONG,2262,1.67,False,train,True
solar_2457,2457,solar,MAITLAND,2323,2.96,False,validation,True
solar_2458,2458,solar,WYONG,2262,2.22,False,train,True
solar_2459,2459,solar,ROCKDALE,2207,1.0,False,validation,True
solar_2460,2460,solar,ROCKDALE,2216,1.5,False,train,True
solar_2461,2461,solar,CANADA BAY,2138,1.5,False,validation,True
solar_2462,2462,solar,MAITLAND,2320,1.5,False,validation,True
solar_2463,2463,solar,LAKE MACQUARIE,2282,9.99,False,train,True
solar_2464,2464,solar,HORNSBY,2121,1.92,False,test,True
solar_2465,2465,solar,WYONG,2259,1.5,False,validation,True
solar_2466,2466,solar,MAITLAND,2322,1.48,False,validation,True
solar_2467,2467,solar,LAKE MACQUARIE,2282,1.5,False,train,True
solar_2468,2468,solar,WYONG,2259,9.99,False,train,True
solar_2469,2469,solar,BURWOOD,2134,5.13,False,train,True
solar_2470,2470,solar,AUBURN,2141,2.15,False,test,True
solar_2471,2471,solar,MAITLAND,2323,1.5,False,validation,True
solar_2472,2472,solar,NEWCASTLE,2287,2.04,False,train,True
solar_2473,2473,solar,GOSFORD,2250,2.1,False,train,True
solar_2474,2474,solar,CESSNOCK,2334,10.0,False,train,True
solar_2475,2475,solar,PORT STEPHENS,2319,2.09,False,train,True
solar_2476,2476,solar,RYDE,2112,1.5,False,train,True
solar_2477,2477,solar,UPPER HUNTER,2337,2.2,False,validation,True
solar_2478,2478,solar,HURSTVILLE,2210,2.8,False,train,True
solar_2479,2479,solar,LAKE MACQUARIE,2285,2.0,False,test,True
solar_2480,2480,solar,PORT STEPHENS,2320,2.28,False,train,True
solar_2481,2481,solar,RYDE,2112,2.9,False,validation,True
solar_2482,2482,solar,LAKE MACQUARIE,2264,1.5,False,train,True
solar_2483,2483,solar,CESSNOCK,2325,1.5,False,train,True
solar_2484,2484,solar,NEWCASTLE,2305,1.48,False,train,True
solar_2485,2485,solar,PORT STEPHENS,2324,1.71,False,train,True
solar_2486,2486,solar,WYONG,2259,1.5,False,train,True
solar_2487,2487,solar,WYONG,2261,2.0,False,train,True
solar_2488,2488,solar,WYONG,2261,1.0,False,test,True
solar_2489,2489,solar,WYONG,2262,3.15,False,validation,True
solar_2490,2490,solar,KOGARAH,2221,2.0,False,train,True
solar_2491,2491,solar,KOGARAH,2217,1.5,False,validation,True
solar_2492,2492,solar,KOGARAH,2221,1.5,False,train,True
solar_2493,2493,solar,WARRINGAH,2100,1.5,False,train,True
solar_2494,2494,solar,LAKE MACQUARIE,2290,10.0,False,test,True
solar_2495,2495,solar,LAKE MACQUARIE,2283,3.33,False,train,True
solar_2496,2496,solar,LAKE MACQUARIE,2285,3.5,False,train,True
solar_2497,2497,solar,LAKE MACQUARIE,2282,1.6,False,validation,True
solar_2498,2498,solar,GOSFORD,2256,1.5,False,train,True
solar_2499,2499,solar,LAKE MACQUARIE,2290,1.5,False,train,True
solar_2500,2500,solar,CANTERBURY,2194,1.44,False,train,True
solar_2501,2501,solar,KOGARAH,2221,1.5,False,test,True
solar_2502,2502,solar,RYDE,2112,1.52,False,train,True
solar_2503,2503,solar,LAKE MACQUARIE,2285,1.5,False,validation,True
solar_2504,2504,solar,MAITLAND,2320,2.2,False,train,True
solar_2505,2505,solar,NEWCASTLE,2287,3.96,False,train,True
solar_2506,2506,solar,GOSFORD,2256,2.22,False,train,True
solar_2507,2507,solar,WYONG,2262,1.5,False,train,True
solar_2508,2508,solar,NEWCASTLE,2299,1.48,False,train,True
solar_2509,2509,solar,LAKE MACQUARIE,2283,1.48,False,train,True
solar_2510,2510,solar,PORT STEPHENS,2315,2.16,False,train,True
solar_2511,2511,solar,GOSFORD,2250,1.9,False,train,True
solar_2512,2512,solar,CANTERBURY,2133,3.33,False,train,True
solar_2513,2513,solar,PORT STEPHENS,2324,2.16,False,validation,True
solar_2514,2514,solar,PORT STEPHENS,2324,5.0,False,train,True
solar_2515,2515,solar,SINGLETON,2335,1.5,False,validation,True
solar_2516,2516,solar,HORNSBY,2126,1.44,False,test,True
solar_2517,2517,solar,GOSFORD,2256,1.48,False,train,True
solar_2518,2518,solar,HURSTVILLE,2223,1.5,False,validation,True
solar_2519,2519,solar,PORT STEPHENS,2324,3.04,False,train,True
solar_2520,2520,solar,CESSNOCK,2326,4.2,False,train,True
solar_2521,2521,solar,WYONG,2259,1.5,False,train,True
solar_2522,2522,solar,KOGARAH,2218,1.5,False,train,True
solar_2523,2523,solar,LAKE MACQUARIE,2264,1.02,False,train,True
solar_2524,2524,solar,RYDE,2112,1.5,False,train,True
solar_2525,2525,solar,LAKE MACQUARIE,2264,1.5,False,validation,True
solar_2526,2526,solar,MAITLAND,2323,1.5,False,train,True
solar_2527,2527,solar,AUBURN,2144,3.45,False,validation,True
solar_2528,2528,solar,SUTHERLAND,2228,2.04,False,validation,True
solar_2529,2529,solar,HORNSBY,2077,2.0,False,train,True
solar_2530,2530,solar,WYONG,2259,1.1,False,train,True
solar_2531,2531,solar,PORT STEPHENS,2318,2.88,False,train,True
solar_2532,2532,solar,SINGLETON,2330,1.48,False,train,False
solar_2533,2533,solar,GOSFORD,2250,1.02,False,train,True
solar_2534,2534,solar,AUBURN,2141,2.04,False,train,True
solar_2535,2535,solar,HURSTVILLE,2210,2.8,False,train,True
solar_2536,2536,solar,AUBURN,2141,1.5,False,train,True
solar_2537,2537,solar,AUBURN,2144,1.5,False,train,True
solar_2538,2538,solar,PORT STEPHENS,2315,2.22,False,train,True
solar_2539,2539,solar,LAKE MACQUARIE,2280,2.96,False,test,True
solar_2540,2540,solar,MAITLAND,2323,6.29,False,train,False
solar_2541,2541,solar,WYONG,2263,1.5,False,validation,True
solar_2542,2542,solar,NEWCASTLE,2287,1.05,False,validation,True
solar_2543,2543,solar,BANKSTOWN,2213,1.5,False,train,True
solar_2544,2544,solar,PORT STEPHENS,2318,1.5,False,train,True
solar_2545,2545,solar,LAKE MACQUARIE,2264,1.05,False,train,True
solar_2546,2546,solar,LEICHHARDT,2039,3.0,False,test,True
solar_2547,2547,solar,AUBURN,2141,1.59,False,test,True
solar_2548,2548,solar,GOSFORD,2251,2.76,False,test,True
solar_2549,2549,solar,LAKE MACQUARIE,2267,4.94,False,train,True
solar_2550,2550,solar,PITTWATER,2102,1.85,False,train,True
solar_2551,2551,solar,HURSTVILLE,2209,3.5,False,validation,True
solar_2552,2552,solar,CESSNOCK,2323,1.5,False,train,True
solar_2553,2553,solar,GOSFORD,2250,1.02,False,train,True
solar_2554,2554,solar,WYONG,2259,1.48,False,train,True
solar_2555,2555,solar,AUBURN,2143,2.28,False,train,True
solar_2556,2556,solar,HORNSBY,2083,1.5,False,test,True
solar_2557,2557,solar,BANKSTOWN,2200,1.52,False,train,True
solar_2558,2558,solar,NEWCASTLE,2287,1.48,False,train,True
solar_2559,2559,solar,MAITLAND,2323,2.22,False,train,True
solar_2560,2560,solar,AUBURN,2143,3.04,False,train,True
solar_2561,2561,solar,GOSFORD,2250,1.02,False,train,True
solar_2562,2562,solar,PITTWATER,2102,1.65,False,train,True
solar_2563,2563,solar,MUSWELLBROOK,2328,9.9,False,validation,True
solar_2564,2564,solar,GOSFORD,2250,1.62,False,train,True
solar_2565,2565,solar,LAKE MACQUARIE,2264,1.05,False,test,True
solar_2566,2566,solar,PORT STEPHENS,2318,3.0,False,train,True
solar_2567,2567,solar,GOSFORD,2250,1.53,False,train,True
solar_2568,2568,solar,SUTHERLAND,2230,1.6,False,test,True
solar_2569,2569,solar,BANKSTOWN,2213,3.0,False,train,True
solar_2570,2570,solar,KU-RING-GAI,2074,2.96,False,test,True
solar_2571,2571,solar,LAKE MACQUARIE,2290,3.15,False,train,True
solar_2572,2572,solar,WILLOUGHBY,2069,3.0,False,train,True
solar_2573,2573,solar,SYDNEY,2016,1.52,False,train,True
solar_2574,2574,solar,WARRINGAH,2086,1.75,False,train,True
solar_2575,2575,solar,PORT STEPHENS,2318,2.64,False,train,True
solar_2576,2576,solar,WYONG,2259,1.1,False,train,True
solar_2577,2577,solar,ROCKDALE,2207,1.0,False,train,True
solar_2578,2578,solar,LAKE MACQUARIE,2282,1.5,False,test,True
solar_2579,2579,solar,WYONG,2259,2.04,False,train,True
solar_2580,2580,solar,PORT STEPHENS,2324,1.5,False,train,True
solar_2581,2581,solar,PITTWATER,2101,1.48,False,train,True
solar_2582,2582,solar,GOSFORD,2251,1.44,False,train,True
solar_2583,2583,solar,WYONG,2259,3.06,False,train,True
solar_2584,2584,solar,GOSFORD,2250,1.58,False,train,False
solar_2585,2585,solar,MAITLAND,2320,3.0,False,train,True
solar_2586,2586,solar,MANLY,2093,4.9,False,test,True
solar_2587,2587,solar,BANKSTOWN,2211,5.16,False,test,True
solar_2588,2588,solar,LAKE MACQUARIE,2282,1.5,False,train,True
solar_2589,2589,solar,PORT STEPHENS,2317,2.0,False,train,True
solar_2590,2590,solar,CESSNOCK,2334,2.09,False,train,True
solar_2591,2591,solar,MAITLAND,2323,1.48,False,test,True
solar_2592,2592,solar,AUBURN,2141,1.5,False,train,True
solar_2593,2593,solar,NEWCASTLE,2287,1.05,False,train,True
solar_2594,2594,solar,AUBURN,2141,3.42,False,train,True
solar_2595,2595,solar,WYONG,2262,1.85,False,train,True
solar_2596,2596,solar,HURSTVILLE,2218,1.52,False,train,True
solar_2597,2597,solar,KU-RING-GAI,2074,2.16,False,train,True
solar_2598,2598,solar,WYONG,2259,1.5,False,train,True
solar_2599,2599,solar,GOSFORD,2250,1.53,False,train,True
solar_2600,2600,solar,GOSFORD,2260,5.4,False,validation,True
solar_2601,2601,solar,ROCKDALE,2216,1.02,False,train,True
solar_2602,2602,solar,CESSNOCK,2325,1.5,False,train,True
solar_2603,2603,solar,WYONG,2258,1.5,False,train,True
solar_2604,2604,solar,PORT STEPHENS,2318,1.5,False,train,True
solar_2605,2605,solar,NEWCASTLE,2287,1.44,False,train,True
solar_2606,2606,solar,SUTHERLAND,2232,1.9,False,train,True
solar_2607,2607,solar,MAITLAND,2322,1.9,False,train,True
solar_2608,2608,solar,WARRINGAH,2099,1.5,False,validation,True
solar_2609,2609,solar,BANKSTOWN,2198,2.0,False,train,True
solar_2610,2610,solar,PORT STEPHENS,2324,1.48,False,train,True
solar_2611,2611,solar,MAITLAND,2323,1.48,False,test,True
solar_2612,2612,solar,LAKE MACQUARIE,2264,2.0,False,train,True
solar_2613,2613,solar,LAKE MACQUARIE,2283,3.6,False,train,True
solar_2614,2614,solar,WYONG,2261,1.52,False,test,True
solar_2615,2615,solar,MAITLAND,2320,1.5,False,test,True
solar_2616,2616,solar,MAITLAND,2320,2.09,False,train,True
solar_2617,2617,solar,HORNSBY,2120,1.5,False,train,True
solar_2618,2618,solar,GOSFORD,2250,1.53,False,train,True
solar_2619,2619,solar,GOSFORD,2250,1.53,False,train,True
solar_2620,2620,solar,PORT STEPHENS,2315,1.88,False,validation,True
solar_2621,2621,solar,SUTHERLAND,2232,1.0,False,train,False
solar_2622,2622,solar,PITTWATER,2102,2.6,False,train,True
solar_2623,2623,solar,WYONG,2261,1.48,False,train,True
solar_2624,2624,solar,KOGARAH,2218,2.9,False,train,True
solar_2625,2625,solar,PITTWATER,2106,2.04,False,train,True
solar_2626,2626,solar,WARRINGAH,2100,2.28,False,validation,True
solar_2627,2627,solar,LAKE MACQUARIE,2290,1.9,False,train,True
solar_2628,2628,solar,WYONG,2259,1.44,False,validation,True
solar_2629,2629,solar,SUTHERLAND,2229,1.5,False,test,True
solar_2630,2630,solar,LAKE MACQUARIE,2284,1.5,False,validation,True
solar_2631,2631,solar,NEWCASTLE,2287,2.96,False,train,True
solar_2632,2632,solar,SUTHERLAND,2229,2.0,False,train,True
solar_2633,2633,solar,CESSNOCK,2321,3.23,False,train,True
solar_2634,2634,solar,LAKE MACQUARIE,2286,5.13,False,train,True
solar_2635,2635,solar,HORNSBY,2120,2.01,False,train,True
solar_2636,2636,solar,NEWCASTLE,2287,1.05,False,test,True
solar_2637,2637,solar,GOSFORD,2257,5.0,False,validation,True
solar_2638,2638,solar,LAKE MACQUARIE,2265,1.98,False,train,True
solar_2639,2639,solar,GOSFORD,2260,1.98,False,validation,True
solar_2640,2640,solar,KU-RING-GAI,2073,2.58,False,train,True
solar_2641,2641,solar,NEWCASTLE,2287,1.48,False,train,True
solar_2642,2642,solar,PORT STEPHENS,2315,1.85,False,test,True
solar_2643,2643,solar,RANDWICK,2035,3.3,False,train,True
solar_2644,2644,solar,SUTHERLAND,2229,4.2,False,train,True
solar_2645,2645,solar,SINGLETON,2330,2.22,False,train,True
solar_2646,2646,solar,PORT STEPHENS,2319,1.85,False,validation,True
solar_2647,2647,solar,HURSTVILLE,2210,3.0,False,train,True
solar_2648,2648,solar,PORT STEPHENS,2318,1.48,False,validation,True
solar_2649,2649,solar,NEWCASTLE,2287,1.02,False,train,True
solar_2650,2650,solar,MUSWELLBROOK,2333,2.04,False,train,True
solar_2651,2651,solar,HORNSBY,2120,1.52,False,train,True
solar_2652,2652,solar,LAKE MACQUARIE,2290,3.04,False,train,True
solar_2653,2653,solar,LAKE MACQUARIE,2290,1.5,False,train,True
solar_2654,2654,solar,NEWCASTLE,2287,1.5,False,validation,True
solar_2655,2655,solar,GOSFORD,2257,1.02,False,validation,True
solar_2656,2656,solar,SUTHERLAND,2234,1.52,False,test,True
solar_2657,2657,solar,WYONG,2259,1.44,False,train,True
solar_2658,2658,solar,RYDE,2112,1.5,False,train,True
solar_2659,2659,solar,RYDE,2114,1.44,False,train,False
solar_2660,2660,solar,LAKE MACQUARIE,2283,2.1,False,train,True
solar_2661,2661,solar,HURSTVILLE,2220,1.52,False,train,True
solar_2662,2662,solar,MANLY,2092,1.5,False,train,True
solar_2663,2663,solar,WYONG,2259,1.5,False,train,True
solar_2664,2664,solar,WYONG,2262,1.53,False,test,True
solar_2665,2665,solar,SUTHERLAND,2232,6.3,False,test,True
solar_2666,2666,solar,LAKE MACQUARIE,2281,1.5,False,train,True
solar_2667,2667,solar,CESSNOCK,2326,1.48,False,train,True
solar_2668,2668,solar,NEWCASTLE,2287,1.05,False,train,True
solar_2669,2669,solar,WYONG,2259,2.1,False,test,True
solar_2670,2670,solar,BURWOOD,2136,1.5,False,train,True
solar_2671,2671,solar,WYONG,2259,1.65,False,test,True
solar_2672,2672,solar,WARRINGAH,2100,1.5,False,train,True
solar_2673,2673,solar,GOSFORD,2260,1.48,False,train,True
solar_2674,2674,solar,GOSFORD,2250,3.33,False,train,False
solar_2675,2675,solar,NEWCASTLE,2287,1.05,False,validation,True
solar_2676,2676,solar,GOSFORD,2257,5.32,False,train,True
solar_2677,2677,solar,MAITLAND,2321,1.5,False,test,True
solar_2678,2678,solar,GOSFORD,2260,2.07,False,train,True
solar_2679,2679,solar,UPPER HUNTER,2337,2.88,False,train,True
solar_2680,2680,solar,SUTHERLAND,2230,1.53,False,validation,True
solar_2681,2681,solar,LAKE MACQUARIE,2281,2.96,False,train,True
solar_2682,2682,solar,SUTHERLAND,2229,4.32,False,train,True
solar_2683,2683,solar,PORT STEPHENS,2315,1.5,False,train,True
solar_2684,2684,solar,LANE COVE,2066,1.0,False,train,True
solar_2685,2685,solar,WYONG,2259,1.0,False,train,True
solar_2686,2686,solar,LAKE MACQUARIE,2281,1.9,False,validation,True
solar_2687,2687,solar,NEWCASTLE,2287,5.7,False,train,True
solar_2688,2688,solar,NEWCASTLE,2287,1.05,False,validation,True
solar_2689,2689,solar,NEWCASTLE,2287,1.48,False,train,True
solar_2690,2690,solar,CANTERBURY,2206,1.52,False,train,True
solar_2691,2691,solar,BANKSTOWN,2212,1.52,False,validation,True
solar_2692,2692,solar,WYONG,2259,1.7,False,train,True
solar_2693,2693,solar,MAITLAND,2320,1.48,False,test,True
solar_2694,2694,solar,CESSNOCK,2325,2.16,False,train,True
solar_2695,2695,solar,RYDE,2112,3.99,False,train,True
solar_2696,2696,solar,LAKE MACQUARIE,2280,3.24,False,train,True
solar_2697,2697,solar,LAKE MACQUARIE,2285,1.9,False,test,True
solar_2698,2698,solar,HORNSBY,2119,1.48,False,train,True
solar_2699,2699,solar,LAKE MACQUARIE,2283,1.53,False,test,True
solar_2700,2700,solar,NEWCASTLE,2287,1.52,False,train,True
solar_2701,2701,solar,GOSFORD,2256,5.25,False,train,True
solar_2702,2702,solar,LAKE MACQUARIE,2264,1.5,False,test,True
solar_2703,2703,solar,HURSTVILLE,2218,2.09,False,train,True
solar_2704,2704,solar,KU-RING-GAI,2074,2.16,False,validation,True
solar_2705,2705,solar,HORNSBY,2119,1.62,False,test,True
solar_2706,2706,solar,WYONG,2259,1.05,False,train,True
solar_2707,2707,solar,MAITLAND,2323,1.54,False,validation,True
solar_2708,2708,solar,LAKE MACQUARIE,2285,1.9,False,train,True
solar_2709,2709,solar,PITTWATER,2102,1.48,False,validation,True
solar_2710,2710,solar,GOSFORD,2260,3.96,False,train,True
solar_2711,2711,solar,LAKE MACQUARIE,2284,4.07,False,test,True
solar_2712,2712,solar,GOSFORD,2260,1.75,False,train,True
solar_2713,2713,solar,WYONG,2259,2.4,False,validation,True
solar_2714,2714,solar,HORNSBY,2119,2.04,False,train,True
solar_2715,2715,solar,LANE COVE,2066,2.2,False,validation,True
solar_2716,2716,solar,MAITLAND,2320,1.5,False,train,True
solar_2717,2717,solar,WOOLLAHRA,2030,1.0,False,train,True
solar_2718,2718,solar,WYONG,2261,4.99,False,train,True
solar_2719,2719,solar,MAITLAND,2323,4.94,False,train,True
solar_2720,2720,solar,RANDWICK,2036,2.64,False,test,True
solar_2721,2721,solar,NEWCASTLE,2298,5.06,False,train,True
solar_2722,2722,solar,BURWOOD,2134,2.28,False,train,True
solar_2723,2723,solar,STRATHFIELD,2135,1.5,False,train,True
solar_2724,2724,solar,MUSWELLBROOK,2333,1.8,False,train,True
solar_2725,2725,solar,WYONG,2259,2.1,False,train,False
solar_2726,2726,solar,HURSTVILLE,2220,1.5,False,validation,True
solar_2727,2727,solar,HURSTVILLE,2210,3.8,False,train,True
solar_2728,2728,solar,PITTWATER,2102,1.62,False,train,True
solar_2729,2729,solar,UPPER HUNTER,2337,3.3,False,train,True
solar_2730,2730,solar,BANKSTOWN,2211,1.44,False,train,True
solar_2731,2731,solar,WYONG,2262,1.5,False,train,True
solar_2732,2732,solar,KU-RING-GAI,2074,4.99,False,train,True
solar_2733,2733,solar,HURSTVILLE,2223,5.04,False,train,True
solar_2735,2735,solar,PITTWATER,2102,1.9,False,train,True
solar_2736,2736,solar,LAKE MACQUARIE,2281,2.76,False,train,True
solar_2737,2737,solar,MAITLAND,2321,4.0,False,train,True
solar_2738,2738,solar,GOSFORD,2250,1.53,False,train,True
solar_2739,2739,solar,BANKSTOWN,2213,1.8,False,train,True
solar_2740,2740,solar,CANTERBURY,2206,1.52,False,train,True
solar_2741,2741,solar,GOSFORD,2251,1.5,False,test,True
solar_2742,2742,solar,RYDE,2112,1.57,False,test,True
solar_2743,2743,solar,SYDNEY,2015,1.5,False,train,True
solar_2744,2744,solar,AUBURN,2141,1.52,False,train,True
solar_2745,2745,solar,PORT STEPHENS,2315,1.85,False,train,True
solar_2746,2746,solar,LAKE MACQUARIE,2284,2.96,False,train,True
solar_2747,2747,solar,WYONG,2259,1.05,False,train,True
solar_2748,2748,solar,GOSFORD,2256,1.52,False,train,True
solar_2749,2749,solar,WARRINGAH,2093,1.5,False,validation,True
solar_2750,2750,solar,ROCKDALE,2207,1.0,False,validation,True
solar_2751,2751,solar,RYDE,2113,1.5,False,train,True
solar_2752,2752,solar,LEICHHARDT,2040,1.52,False,test,True
solar_2753,2753,solar,WYONG,2259,1.05,False,validation,True
solar_2754,2754,solar,PORT STEPHENS,2317,1.48,False,train,True
solar_2755,2755,solar,PORT STEPHENS,2317,1.5,False,validation,True
solar_2756,2756,solar,PORT STEPHENS,2317,1.5,False,train,True
solar_2760,2760,solar,LAKE MACQUARIE,2286,3.0,False,train,True
solar_2761,2761,solar,KU-RING-GAI,2076,1.85,False,train,True
solar_2762,2762,solar,GOSFORD,2250,2.04,False,train,True
solar_2763,2763,solar,LAKE MACQUARIE,2283,1.5,False,validation,True
solar_2764,2764,solar,STRATHFIELD,2135,3.42,False,train,True
solar_2765,2765,solar,LAKE MACQUARIE,2285,2.16,False,train,True
solar_2766,2766,solar,WYONG,2259,1.05,False,validation,True
solar_2767,2767,solar,WYONG,2259,1.05,False,test,True
solar_2768,2768,solar,BANKSTOWN,2190,2.5,False,test,True
